TransactionAmount,AccountBalance,LoginAttempts,TransactionDuration,AmountToBalanceRatio,IsInternational,IsHighValue,VelocityScore,TransactionID,AccountID,CustomerID,MerchantID,DeviceID,Location,TransactionType,MerchantCategory,IsFraud,IsHighRisk
64.71143750648082,3115.1680532858654,2.0,20.6773783178322,0.020766350337956062,0.0,0.0,0.03333710828776921,TXN000000,AC10308,CUS10984,M294,DVC_1781,Tokyo,Wire Transfer,Gas Station,0,0
1309.7088969477907,590.7771365138985,2.0,1.8920331419994048,2.213179280063367,0.0,0.0,0.2875117935461835,TXN000001,AC35168,CUS43563,M992,DVC_2425,Singapore,ACH Transfer,Restaurant,0,0
35.7671251727598,1656.2959778118645,2.0,92.7476484556319,0.021581615868025757,0.0,0.0,0.022788372124133992,TXN000002,AC38419,CUS76383,M354,DVC_5928,New York,ACH Transfer,Retail,0,0
20.048466979848957,15405.42560801105,1.0,191.31488789563832,0.0013013055389969322,0.0,0.0,0.2595522419682472,TXN000003,AC80029,CUS97637,M178,DVC_3551,London,ATM Withdrawal,Gas Station,0,0
5812.028173941066,183650.7195699044,5.0,9.551918328106709,0.0316470120048552,1.0,1.0,0.9006599050912331,TXN000004,AC22756,CUS29377,M974,DVC_8423,Moscow,POS Debit,Travel,1,1
111.24443155246789,18577.821106264724,2.0,64.95401829047121,0.0059877013141031105,0.0,0.0,0.27469126689703094,TXN000005,AC39288,CUS17627,M197,DVC_1556,Moscow,Wire Transfer,Gas Station,0,0
69.1579994915513,3265.6325804204594,1.0,146.28778888584242,0.021171037081449098,0.0,0.0,0.17463229825986934,TXN000006,AC22384,CUS47225,M249,DVC_9704,Paris,POS Debit,Retail,0,0
207.6107509806239,59168.71176311987,2.0,82.17850630269541,0.003508733519131767,0.0,0.0,0.2518093250408111,TXN000007,AC49852,CUS47339,M885,DVC_7438,Paris,ACH Transfer,Electronics,0,0
39.71062969676664,7233.668552941644,2.0,106.68076964823145,0.00548893558926347,0.0,0.0,0.3378044820392186,TXN000008,AC25195,CUS22591,M913,DVC_7518,Sydney,Online Purchase,Travel,0,0
223.8522402295275,4136.739001131977,2.0,63.163396972186156,0.05410013540445335,0.0,0.0,0.1753214530670011,TXN000009,AC96210,CUS36808,M949,DVC_6786,Lagos,POS Debit,Gas Station,0,0
7329.8073002598685,2314.537819523534,5.0,49.64662461685214,3.1654880513971118,0.0,0.0,0.8910743120905598,TXN000010,AC44125,CUS19629,M546,DVC_5151,Moscow,Online Purchase,Electronics,1,1
33.42831729038089,4901.484161029506,2.0,46.37415269089145,0.006818648707956468,0.0,0.0,0.1517794767361603,TXN000011,AC10082,CUS67745,M222,DVC_7093,Lagos,ATM Withdrawal,Electronics,0,0
25.693266846695998,2965.577898895353,1.0,36.56044517894812,0.008660910895433842,0.0,0.0,0.14839877914472974,TXN000012,AC83978,CUS29538,M709,DVC_3899,Singapore,ACH Transfer,Restaurant,0,0
84.33914917058189,4893.278912321615,2.0,238.96416388158246,0.017232191029868255,0.0,0.0,0.5369945358436767,TXN000013,AC84821,CUS72785,M775,DVC_7734,Lagos,Online Purchase,Retail,0,0
280.62850672619686,173356.3322927575,2.0,22.223397610061095,0.001618786485778894,1.0,0.0,0.1492268202045965,TXN000014,AC61539,CUS35482,M657,DVC_6016,Singapore,Wire Transfer,Restaurant,0,0
860.1964087650092,157.1392168802193,8.0,12.884054364421392,5.0,0.0,1.0,0.8490846370119981,TXN000015,AC93328,CUS96361,M458,DVC_7509,Tokyo,ACH Transfer,Retail,1,1
14.941833462450898,6822.892265168763,2.0,58.913381247738684,0.002189635017938163,0.0,0.0,0.21986398655766698,TXN000016,AC57803,CUS11095,M338,DVC_3960,Chicago,ATM Withdrawal,Electronics,0,0
19.305872629998195,1650.9272857579938,1.0,95.39526251787353,0.01168687798575808,0.0,0.0,0.46707128979394147,TXN000017,AC68825,CUS54482,M841,DVC_5943,Chicago,Wire Transfer,Gas Station,0,0
443.6265195035174,644.8279127977914,1.0,135.7394235846878,0.6869113438929617,0.0,0.0,0.1078793016100481,TXN000018,AC91036,CUS44574,M904,DVC_9916,Sydney,ACH Transfer,Retail,0,0
86.04224160270351,14522.698148688434,1.0,14.904990532440724,0.00592426534356703,0.0,0.0,0.0547820778572939,TXN000019,AC70555,CUS57911,M855,DVC_2306,Singapore,POS Debit,Retail,0,0
39.10867239156809,1058.4878854052733,2.0,28.235185570749447,0.036912807527391706,0.0,0.0,0.14930109057761484,TXN000020,AC84826,CUS60828,M629,DVC_1759,Lagos,ACH Transfer,Electronics,0,0
28.674426708581038,19709.399063564713,2.0,140.42647847046408,0.001454786715180547,0.0,0.0,0.27060633857869326,TXN000021,AC46496,CUS83935,M782,DVC_6238,Tokyo,Wire Transfer,Travel,0,0
150.29999060431038,7433.28651620444,2.0,360.9171827078532,0.020217137216423257,0.0,0.0,0.11173505885471649,TXN000022,AC15294,CUS85093,M971,DVC_1226,Singapore,Online Purchase,Electronics,0,0
2.4026815185012396,2098.786230622946,2.0,165.4156866604364,0.0011442505353454163,0.0,0.0,0.31749297635753043,TXN000023,AC54852,CUS72496,M768,DVC_5797,Moscow,Online Purchase,Electronics,0,0
2.7030463636379958,3996.220781813345,2.0,17.26096183343383,0.0006762314395883218,0.0,0.0,0.3092527879708356,TXN000024,AC75858,CUS15501,M303,DVC_9499,Lagos,ACH Transfer,Retail,0,0
40.924416494573734,1765.486836739879,1.0,18.634985582833604,0.02316712224705923,0.0,0.0,0.04401413238641202,TXN000025,AC25836,CUS39660,M757,DVC_4378,Dubai,ACH Transfer,Electronics,0,0
206.79474446843605,356.6846097442169,2.0,142.58361067961675,0.5781482871637016,0.0,0.0,0.16267505360117618,TXN000026,AC45828,CUS53885,M242,DVC_7712,Moscow,ATM Withdrawal,Restaurant,0,0
13.077957282327892,2973.4619946998755,2.0,86.09853633349839,0.004396747144737838,0.0,0.0,0.19540815326743177,TXN000027,AC58978,CUS55217,M286,DVC_6208,Lagos,POS Debit,Electronics,0,0
216.84180807725843,17452.695106047766,1.0,104.31086453323263,0.01242383385063957,0.0,0.0,0.12647300614963936,TXN000028,AC95620,CUS20255,M587,DVC_8442,Lagos,ATM Withdrawal,Gas Station,0,0
197.92028138631346,32415.92875808445,1.0,16.354472220248713,0.006105460602493201,0.0,1.0,0.3070328189490214,TXN000029,AC48403,CUS66333,M221,DVC_5748,New York,ATM Withdrawal,Electronics,0,0
275.64367479046376,18113.926916332344,2.0,195.62377836087862,0.015216383486589977,0.0,0.0,0.13215534935025983,TXN000030,AC78920,CUS34821,M449,DVC_9988,London,Online Purchase,Electronics,0,0
1974.423555105203,109360.48034925821,2.0,36.540102916597625,0.018054104139772605,0.0,0.0,0.539302579594094,TXN000031,AC19453,CUS72509,M199,DVC_8045,New York,Online Purchase,Gas Station,0,0
30.670299834171722,101470.29941706617,1.0,23.644632653774654,0.00030225590891579113,0.0,0.0,0.1454018604115939,TXN000032,AC35381,CUS99988,M383,DVC_8624,Sydney,Wire Transfer,Travel,0,0
136.62115184019265,21557.07240236529,2.0,14.751706770474044,0.006337354717539726,1.0,0.0,0.16643330808560822,TXN000033,AC74542,CUS61754,M626,DVC_2779,Lagos,ATM Withdrawal,Travel,0,0
9961.937427986075,1085.4076878006358,8.0,9.39564426405812,5.0,1.0,0.0,0.5856064370536199,TXN000034,AC68877,CUS91297,M483,DVC_8063,Lagos,Wire Transfer,Travel,1,1
73.50944726465627,94612.00014351858,1.0,246.26183156893427,0.0007769486978866509,0.0,0.0,0.2598509655586517,TXN000035,AC63377,CUS31551,M654,DVC_1585,Singapore,ACH Transfer,Restaurant,0,0
183.1264614748745,2169.580908126514,2.0,14.037224906763011,0.08436748926946742,0.0,0.0,0.1301162549303019,TXN000036,AC13664,CUS24015,M900,DVC_2378,Paris,Wire Transfer,Gas Station,0,0
24.864303626899975,643.0519042905848,1.0,298.81226223601567,0.038606055600887784,0.0,0.0,0.06397016259050411,TXN000037,AC45864,CUS95401,M997,DVC_6707,London,Online Purchase,Restaurant,0,0
87.19817043640525,18414.564806905484,2.0,3.0008870707868054,0.00473502558030192,0.0,0.0,0.06964431634701386,TXN000038,AC99348,CUS93397,M286,DVC_6442,Paris,ATM Withdrawal,Restaurant,0,0
437.5176477636244,15882.190193117607,1.0,268.7922089103555,0.027545955342976783,0.0,0.0,0.059031766567432066,TXN000039,AC23871,CUS98205,M107,DVC_7929,Tokyo,Online Purchase,Restaurant,0,0
310.7707323216253,12535.82201951243,2.0,52.64511220399669,0.02478863717120166,0.0,0.0,0.4586038349288618,TXN000040,AC83101,CUS12497,M723,DVC_7420,Chicago,ACH Transfer,Gas Station,0,0
16.168580398885666,9863.514056876915,2.0,191.8211645346867,0.0016390650675401446,0.0,0.0,0.14287655321170473,TXN000041,AC80195,CUS72652,M644,DVC_5031,Singapore,POS Debit,Retail,0,0
2134.800742445108,51.971312674686686,6.0,24.49489734394713,5.0,0.0,0.0,0.8566754846280857,TXN000042,AC35929,CUS15850,M518,DVC_8442,Dubai,ATM Withdrawal,Retail,1,1
119.23039086350097,10766.76907203172,1.0,39.49771691667234,0.011072896350757635,0.0,0.0,0.2255938840144609,TXN000043,AC15730,CUS77323,M189,DVC_7360,Tokyo,Online Purchase,Travel,0,0
541.9930474568687,3997.0546136298553,1.0,61.330133443969196,0.13556419304757578,0.0,0.0,0.18445510163345946,TXN000044,AC99083,CUS60964,M595,DVC_2847,London,POS Debit,Restaurant,0,0
57.79298681318415,857.5791965190562,2.0,330.5275368681097,0.06731235400006741,0.0,0.0,0.07365490811595166,TXN000045,AC36359,CUS94866,M760,DVC_2041,New York,ACH Transfer,Travel,0,0
361.51903463655174,2022.041777641259,2.0,17.292497566550473,0.1787007261204761,0.0,0.0,0.14531482722728045,TXN000046,AC65414,CUS69668,M823,DVC_5839,Singapore,POS Debit,Restaurant,0,0
197.40131481185003,7041.283281830543,2.0,19.57224460579737,0.02803086824427465,0.0,0.0,0.31762187943173625,TXN000047,AC86003,CUS91824,M215,DVC_8351,London,Online Purchase,Travel,0,0
109.85604393587629,3475.038004509314,9.0,27.398937867101477,0.031603809795337334,0.0,0.0,0.7160252975364727,TXN000048,AC92534,CUS32755,M784,DVC_8785,Chicago,Online Purchase,Electronics,1,1
77.03155632637663,1955.030208262025,2.0,158.6082597452946,0.03938157805590376,0.0,0.0,0.02201005569767057,TXN000049,AC80945,CUS17313,M119,DVC_1242,London,ACH Transfer,Gas Station,0,0
12.997291044728314,67217.48712985861,2.0,16.681516050959388,0.00019335887491218003,0.0,0.0,0.16647400028979778,TXN000050,AC87481,CUS86524,M990,DVC_6545,Dubai,ACH Transfer,Restaurant,0,0
964.6146560351079,5776.281577384516,2.0,335.83979326365267,0.16696687587656187,0.0,0.0,0.1468335629992856,TXN000051,AC92078,CUS38965,M231,DVC_3100,Moscow,POS Debit,Restaurant,0,0
78.88435510336843,687.7020985893579,5.0,6.9931418708535205,0.1145406050960847,1.0,0.0,0.6501190023423613,TXN000052,AC91520,CUS29199,M391,DVC_2737,Chicago,POS Debit,Restaurant,1,1
95.07691616753854,10893.683430441446,1.0,2.7392581713525055,0.008726909485215402,0.0,0.0,0.2737873502988692,TXN000053,AC39234,CUS57384,M453,DVC_3754,Chicago,Online Purchase,Gas Station,0,0
397.5734012850307,12729.291178151101,1.0,6.589825988864145,0.031230503349945586,1.0,0.0,0.2956868458304521,TXN000054,AC10547,CUS97205,M336,DVC_2392,Paris,ACH Transfer,Electronics,0,0
70.62391433349318,84551.83339543488,2.0,9.248560615261413,0.0008352637220706817,0.0,0.0,0.20952851993631588,TXN000055,AC64284,CUS56222,M688,DVC_9439,Dubai,Wire Transfer,Retail,0,0
33.77352443521303,44621.53252523024,1.0,11.947744186916994,0.000756871529335924,0.0,0.0,0.3754047327309104,TXN000056,AC78436,CUS10976,M322,DVC_8735,Tokyo,ACH Transfer,Gas Station,0,0
1272.6964743551564,361.8604599039557,6.0,0.7980229310343816,3.507399165762018,1.0,1.0,0.9391260556459278,TXN000057,AC61417,CUS27133,M535,DVC_8643,Paris,ATM Withdrawal,Electronics,1,1
233.2676401831463,25318.036635992503,2.0,391.29034357549585,0.009213132534890471,0.0,0.0,0.1500072337209081,TXN000058,AC18946,CUS79091,M737,DVC_5016,London,ATM Withdrawal,Travel,0,0
55.232769333371785,393.0716075651458,2.0,90.45873027894233,0.14015922048949186,0.0,0.0,0.10945709373825474,TXN000059,AC92654,CUS66732,M138,DVC_4432,Dubai,ACH Transfer,Restaurant,0,0
166.72072845439808,52799.51853826111,1.0,105.87958452049486,0.0031575585443083553,0.0,0.0,0.4381554032154814,TXN000060,AC62943,CUS31183,M426,DVC_5526,Lagos,POS Debit,Restaurant,0,0
17.853105906850963,16929.47556735719,2.0,12.078486169888333,0.0010544952405987138,0.0,0.0,0.363544145958298,TXN000061,AC21020,CUS29399,M308,DVC_8784,Dubai,ATM Withdrawal,Retail,0,0
75.45459934459043,3653.8754604437427,1.0,71.39356178445446,0.020644916676703783,0.0,0.0,0.38265602822265493,TXN000062,AC14317,CUS21818,M205,DVC_3081,Moscow,Online Purchase,Travel,0,0
18994.996762357532,2016.1822321697557,7.0,51.30354359798186,5.0,0.0,1.0,0.813863068910589,TXN000063,AC10523,CUS51228,M751,DVC_6575,London,Online Purchase,Electronics,1,1
47.31578051008551,2162.1726802074436,2.0,42.99984704952127,0.021873325667901847,0.0,0.0,0.2912632296512031,TXN000064,AC86474,CUS78564,M348,DVC_6344,Sydney,Online Purchase,Travel,0,0
43.20158096159521,7990.96779852293,2.0,235.19044241939037,0.005405625003841945,0.0,0.0,0.11576073164719525,TXN000065,AC65076,CUS80775,M666,DVC_5736,Dubai,ACH Transfer,Travel,0,0
101.13872195912116,7936.624840907405,2.0,134.57178297306743,0.012741685829984285,0.0,0.0,0.3087313703049247,TXN000066,AC90195,CUS93168,M729,DVC_1132,New York,ATM Withdrawal,Retail,0,0
1628.050402639479,3898.8695868471887,1.0,139.35842640429263,0.41746278084023325,0.0,0.0,0.2373560474349177,TXN000067,AC18809,CUS86935,M961,DVC_2854,Singapore,POS Debit,Electronics,0,0
87.94366798196384,40358.11385488382,2.0,10.515302858259266,0.002179028714509842,0.0,0.0,0.08811298052654538,TXN000068,AC25535,CUS68066,M787,DVC_7050,Lagos,Online Purchase,Retail,0,0
286.71164272777304,13157.907973814106,2.0,14.305788850796883,0.021788407009025516,0.0,0.0,0.3878015472740743,TXN000069,AC91834,CUS98074,M453,DVC_6077,Chicago,POS Debit,Electronics,0,0
141.5312403654213,7547.290820935002,1.0,61.82250243041671,0.018750104324662193,0.0,0.0,0.3828539806745481,TXN000070,AC60012,CUS25369,M569,DVC_6340,Sydney,Online Purchase,Gas Station,0,0
39.216392058649774,4844.899144326166,1.0,26.953300337120446,0.00809269670925083,0.0,0.0,0.07864566196452916,TXN000071,AC58951,CUS26698,M824,DVC_9592,Moscow,ACH Transfer,Gas Station,0,0
119.88668330248636,21969.06801005333,1.0,187.20039530811047,0.005456818943283523,0.0,0.0,0.08845818262765964,TXN000072,AC99412,CUS64148,M364,DVC_1605,Dubai,Online Purchase,Restaurant,0,0
344.03899135273866,6320.4954908806785,2.0,95.29447926268551,0.05442367108369303,1.0,0.0,0.042628082064558495,TXN000073,AC32264,CUS56547,M751,DVC_1131,London,ACH Transfer,Retail,0,0
4.017859304291446,422.67995553535343,2.0,198.64384362616332,0.009483241422678493,0.0,0.0,0.09538357254666492,TXN000074,AC89114,CUS41635,M563,DVC_8071,Sydney,ATM Withdrawal,Gas Station,0,0
62.87767545237009,71674.54875210437,2.0,349.75296041327067,0.0008772541898470506,1.0,0.0,0.41830969706445054,TXN000075,AC99821,CUS75115,M936,DVC_7157,Tokyo,ATM Withdrawal,Travel,0,0
471.5898401069944,4357.16328354332,2.0,74.96507477776315,0.10820839179838564,0.0,0.0,0.34022880490858204,TXN000076,AC71832,CUS39316,M950,DVC_7578,Lagos,POS Debit,Travel,0,0
64.22592410563281,13970.083671690487,1.0,158.21593395759814,0.004597061016517521,0.0,0.0,0.17488206422041036,TXN000077,AC89637,CUS42367,M540,DVC_7613,London,Online Purchase,Gas Station,0,0
34.33568729438315,5657.555101261485,1.0,105.31326270423597,0.00606792488187109,0.0,0.0,0.1787680848657125,TXN000078,AC98266,CUS55250,M383,DVC_5506,London,ATM Withdrawal,Retail,0,0
92.31481242641334,347.2205742012309,2.0,555.3209989943356,0.2651044173313727,0.0,0.0,0.15577111096264878,TXN000079,AC37476,CUS64685,M884,DVC_1803,Tokyo,Wire Transfer,Restaurant,0,0
13.07636977615443,1386.5262963161106,2.0,57.402043593087924,0.009424232038608751,0.0,0.0,0.11513299841477583,TXN000080,AC61973,CUS46438,M633,DVC_6192,Sydney,Wire Transfer,Travel,0,0
87.09348778349786,14310.226179046082,2.0,10.512130055801695,0.006085676146395941,0.0,0.0,0.2694352569472101,TXN000081,AC63017,CUS67200,M468,DVC_5289,Sydney,POS Debit,Restaurant,0,0
259.924687341597,1463.3553097941394,2.0,209.36797911542374,0.17750110618859127,0.0,0.0,0.1151741004023073,TXN000082,AC25503,CUS28293,M798,DVC_4633,Tokyo,ATM Withdrawal,Travel,0,0
71.63570238134717,107693.55020138285,2.0,195.13185661115904,0.0006651748138359125,0.0,0.0,0.24858504148856744,TXN000083,AC21506,CUS22288,M818,DVC_3676,New York,ACH Transfer,Electronics,0,0
1247.0633558084382,16714.499091710717,2.0,29.326249874987987,0.07460521214271502,0.0,0.0,0.08509760128930774,TXN000084,AC50994,CUS79999,M758,DVC_2215,Paris,Wire Transfer,Gas Station,0,0
71.12082427792251,737.7472200037383,2.0,14.402729855302054,0.09627220563694658,0.0,0.0,0.0348110511596713,TXN000085,AC26169,CUS82310,M594,DVC_3477,Lagos,ATM Withdrawal,Retail,0,0
62.112614946227126,274749.1229404024,2.0,35.06678133118226,0.00022606947098509695,0.0,0.0,0.1287156064843566,TXN000086,AC28484,CUS42509,M253,DVC_3264,Chicago,ACH Transfer,Travel,0,0
1867.4308926509652,2224.8513749981103,1.0,394.9245856147002,0.8389737579188326,0.0,0.0,0.27037156573373494,TXN000087,AC90374,CUS21454,M719,DVC_8790,Moscow,Online Purchase,Gas Station,0,0
188.50466004999348,15205.537626749876,2.0,283.5431453843706,0.012396290640046439,0.0,0.0,0.1372553735186216,TXN000088,AC68723,CUS55855,M415,DVC_1969,New York,ATM Withdrawal,Restaurant,0,0
93.28948190814933,15614.72690917439,2.0,79.87727628249121,0.005974072321496661,0.0,0.0,0.17127370496060754,TXN000089,AC59588,CUS29654,M399,DVC_7628,Chicago,Online Purchase,Retail,0,0
71.60616109546699,50575.97540814275,2.0,111.77309373217885,0.0014157857506824853,0.0,0.0,0.01783966851018787,TXN000090,AC88273,CUS71674,M539,DVC_1600,Moscow,Wire Transfer,Retail,0,0
43.84891488542113,460261.689060344,1.0,90.57095912741472,9.526932320962519e-05,0.0,0.0,0.10389131606326178,TXN000091,AC87707,CUS35829,M910,DVC_5455,Dubai,Online Purchase,Gas Station,0,0
132.37365701197055,76584.31155531638,1.0,71.41039866247333,0.0017284470654187927,0.0,0.0,0.23736930022345742,TXN000092,AC23920,CUS70641,M250,DVC_6941,Singapore,Wire Transfer,Gas Station,0,0
103.62647630564119,38856.58001178674,2.0,134.91957903423673,0.002666827843478878,0.0,0.0,0.2033538638255467,TXN000093,AC26875,CUS64738,M505,DVC_3716,Dubai,POS Debit,Gas Station,0,0
23.48580336442293,1091.0674868228652,1.0,167.79732543475788,0.02150581685455155,0.0,0.0,0.21538303805952452,TXN000094,AC72480,CUS18981,M274,DVC_1781,Tokyo,POS Debit,Electronics,0,0
64.24344200063835,1013.3511485682046,1.0,162.66901234095783,0.06333451891026143,0.0,0.0,0.15318653668591675,TXN000095,AC92441,CUS21259,M154,DVC_2434,Moscow,Wire Transfer,Electronics,0,0
382.91412977872585,1436.5134395068367,1.0,4.939301195881089,0.2663725564263879,0.0,0.0,0.08494508391282762,TXN000096,AC72629,CUS46321,M878,DVC_5338,Sydney,ACH Transfer,Retail,0,0
57.38393256162502,1792.914767935039,2.0,155.16632087226867,0.03198810422174026,0.0,0.0,0.06413548862614213,TXN000097,AC77450,CUS51772,M410,DVC_3702,Paris,POS Debit,Gas Station,0,0
106.86129805626777,4036.4803180396866,1.0,201.97579669862256,0.02646732358763597,0.0,0.0,0.2576485024116585,TXN000098,AC89398,CUS40380,M253,DVC_4991,Sydney,ACH Transfer,Electronics,0,0
12.768089808292423,6806.657356967118,1.0,152.5246615738182,0.0018755482449811104,0.0,0.0,0.3644786616778038,TXN000099,AC12925,CUS45348,M996,DVC_9651,Dubai,ACH Transfer,Retail,0,0
261.97212195550895,352.32204282279616,2.0,146.99599629987358,0.7414542264686765,0.0,0.0,0.20141958290599732,TXN000100,AC78826,CUS34549,M599,DVC_8532,Dubai,ACH Transfer,Travel,0,0
29601.178903481967,2402.4295843910195,7.0,9.737167952928043,5.0,0.0,0.0,0.7748905565191584,TXN000101,AC53101,CUS43172,M600,DVC_8245,Moscow,ATM Withdrawal,Gas Station,1,1
38.26689112313873,835.7207583951837,2.0,57.63727926148562,0.04573436327375692,0.0,0.0,0.13444412618877696,TXN000102,AC29613,CUS18144,M289,DVC_4640,Chicago,ATM Withdrawal,Electronics,0,0
13011.166136931994,24641.295013247818,5.0,8.493480705039902,0.5280013947539028,0.0,0.0,0.9211924492736432,TXN000103,AC71473,CUS29228,M605,DVC_1531,Lagos,ACH Transfer,Retail,1,1
112.3434425024716,5101.42819281632,1.0,64.49625068885038,0.02201764302349993,0.0,0.0,0.05655400679887575,TXN000104,AC73903,CUS77872,M248,DVC_2977,London,Wire Transfer,Gas Station,0,0
15.777567803350372,8676.25984806171,1.0,54.14325516597693,0.0018182661438765947,0.0,0.0,0.29651114366500936,TXN000105,AC29961,CUS50614,M107,DVC_4764,Dubai,POS Debit,Retail,0,0
94.87628372997048,2318.128438984503,2.0,0.04924483570995155,0.04091031877972001,0.0,0.0,0.27202832773878693,TXN000106,AC78107,CUS24013,M759,DVC_1290,Tokyo,Online Purchase,Travel,0,0
20568.2392940814,569.2467057348518,8.0,9.39780235726645,5.0,0.0,1.0,0.7993058781852052,TXN000107,AC26616,CUS75625,M784,DVC_7077,Sydney,ATM Withdrawal,Retail,1,1
9.278152098524446,6715.935118567462,1.0,224.74437956589088,0.001381307387185723,0.0,0.0,0.1277530160223239,TXN000108,AC94572,CUS96982,M692,DVC_8868,Paris,ATM Withdrawal,Retail,0,0
14456.75617548058,10675.158230639092,8.0,1.4361122512446258,1.3541159528707336,1.0,0.0,0.8544733456807108,TXN000109,AC43984,CUS39996,M690,DVC_4575,Moscow,Online Purchase,Travel,1,1
47.73476612056779,41618.18565551632,1.0,62.06370682735349,0.0011469413773654866,0.0,0.0,0.20359287441227625,TXN000110,AC13539,CUS40137,M568,DVC_5649,Chicago,ACH Transfer,Restaurant,0,0
112.23775723265173,1481.518083424939,1.0,17.95370495801955,0.07570751310726552,0.0,0.0,0.45250134369426626,TXN000111,AC43289,CUS85345,M420,DVC_7614,Lagos,Online Purchase,Gas Station,0,0
739.8215518223942,28788.66340259901,1.0,166.73523505368047,0.02569747139716841,0.0,0.0,0.12921993943095275,TXN000112,AC72076,CUS40080,M671,DVC_1512,Lagos,ACH Transfer,Travel,0,0
9.061763123917503,2046.2124307718489,1.0,81.45757174536209,0.004426391217496173,0.0,0.0,0.3254980010102135,TXN000113,AC86562,CUS62746,M550,DVC_2639,Singapore,ATM Withdrawal,Travel,0,0
110.2097762360835,1032.6624680969385,2.0,17.46121305179115,0.10662066161596172,0.0,0.0,0.08418703977858383,TXN000114,AC94986,CUS85253,M706,DVC_9446,London,Online Purchase,Gas Station,0,0
16.53096945614214,1107.9777739934955,2.0,122.3937976197416,0.014906493027910856,0.0,0.0,0.18976722931601991,TXN000115,AC21391,CUS89096,M923,DVC_5816,Chicago,Wire Transfer,Retail,0,0
87.92064456081759,1881.7015813979958,2.0,10.68604066450579,0.04669919302640215,0.0,0.0,0.38331907613651117,TXN000116,AC92260,CUS38266,M227,DVC_6849,Tokyo,POS Debit,Electronics,0,0
46290.03661231877,2220925.8850510255,8.0,10.341596025235889,0.020842665701376866,1.0,1.0,0.6301800853228547,TXN000117,AC54906,CUS42688,M733,DVC_3637,Sydney,POS Debit,Gas Station,1,1
40.03628108068975,16830.665949055023,1.0,64.94790024150672,0.002378628544665093,0.0,0.0,0.4126037779890706,TXN000118,AC87666,CUS54122,M386,DVC_2965,Tokyo,POS Debit,Travel,0,0
890.069872938475,4288.299300634095,1.0,3.7571629696971796,0.20750938802682628,0.0,0.0,0.1374056840603901,TXN000119,AC18250,CUS10715,M952,DVC_1050,Tokyo,Online Purchase,Retail,0,0
48.873906719800345,5383.978715112656,1.0,55.42304286427364,0.009075970269415983,0.0,0.0,0.19744303056734103,TXN000120,AC59135,CUS25163,M186,DVC_1799,London,ACH Transfer,Restaurant,0,0
598.8764872513656,1153.5831322740073,1.0,94.46374357544173,0.5186949908681321,0.0,0.0,0.11310275993854162,TXN000121,AC31065,CUS28825,M993,DVC_9291,Dubai,ATM Withdrawal,Retail,0,0
79.41290906773628,20503.060507552258,2.0,38.18647954826607,0.003873033296916293,0.0,0.0,0.14917192256744038,TXN000122,AC64785,CUS48036,M180,DVC_7642,Moscow,POS Debit,Electronics,0,0
362.4882807672557,9876.287392748232,1.0,4.005161228705312,0.036699173199454496,0.0,0.0,0.07893320951776248,TXN000123,AC16703,CUS61973,M633,DVC_1236,Tokyo,Online Purchase,Retail,0,0
78.92264813672946,5927.1435679127635,2.0,9.498171165429353,0.013313214707537404,0.0,0.0,0.09203091687959918,TXN000124,AC61754,CUS58805,M351,DVC_1471,London,POS Debit,Electronics,0,0
199.42884826232228,3224.4422993950975,1.0,45.094323870991076,0.06182992276740568,0.0,0.0,0.1399455550996909,TXN000125,AC83854,CUS34444,M289,DVC_3204,Tokyo,ACH Transfer,Restaurant,0,0
207.7520466960459,4292.403568508661,2.0,67.31177916939627,0.048388660274070114,0.0,0.0,0.4431106525444574,TXN000126,AC79966,CUS65303,M923,DVC_8181,New York,Wire Transfer,Restaurant,0,0
67.00217049031357,4233.732093330577,1.0,73.08478793357439,0.015822056511163377,0.0,0.0,0.0506367467659068,TXN000127,AC47621,CUS33780,M697,DVC_7259,Moscow,Wire Transfer,Retail,0,0
43.11697640872628,4077.451421896672,1.0,381.35019781006037,0.010571898975487822,0.0,0.0,0.31332812608154437,TXN000128,AC85159,CUS26033,M583,DVC_9330,Tokyo,ATM Withdrawal,Gas Station,0,0
1181.0733862313414,31007.078042619658,2.0,45.594086167314515,0.03808921612645556,0.0,0.0,0.1346494437588992,TXN000129,AC44936,CUS87488,M478,DVC_2383,Tokyo,Wire Transfer,Gas Station,0,0
34.5374176732086,2187.595696659962,2.0,208.3374596368766,0.015780629435540105,0.0,0.0,0.3565839233169871,TXN000130,AC40439,CUS29285,M555,DVC_5501,Lagos,Wire Transfer,Gas Station,0,0
94.51041399607323,2474.1468969883194,1.0,174.17078715348555,0.03818375956233972,0.0,0.0,0.1555762512972037,TXN000131,AC60460,CUS95512,M978,DVC_2712,Lagos,Online Purchase,Restaurant,0,0
96.93259303945733,1502.30962086851,1.0,114.73620849812554,0.06447946031467308,0.0,0.0,0.1940539819294962,TXN000132,AC69469,CUS34758,M107,DVC_7710,Chicago,Online Purchase,Electronics,0,0
33.230452920198104,6085.667349629605,2.0,57.39335936608789,0.005459548059944543,0.0,0.0,0.13684116355742237,TXN000133,AC77129,CUS39610,M417,DVC_4796,Sydney,ATM Withdrawal,Travel,0,0
163.6283912065415,2644.222843642975,2.0,19.143234029782366,0.06185807430166983,0.0,0.0,0.21812558503866994,TXN000134,AC25941,CUS98585,M433,DVC_3373,London,ATM Withdrawal,Retail,0,0
29.159988927280512,17073.970431121204,1.0,139.56458269281117,0.001707762191736092,0.0,0.0,0.16504499140299145,TXN000135,AC88088,CUS49600,M329,DVC_5424,New York,Online Purchase,Electronics,0,0
48.812201940772866,9101.739042134883,1.0,94.12511584851123,0.005362364197724474,0.0,0.0,0.2071978957437155,TXN000136,AC34267,CUS52582,M763,DVC_6419,London,Wire Transfer,Travel,0,0
380.4887865619797,50747.85351014647,1.0,206.26737736283397,0.0074974853665592004,0.0,0.0,0.2528163371459691,TXN000137,AC80313,CUS74908,M607,DVC_2699,Singapore,ACH Transfer,Restaurant,0,0
5367.083748687956,2521.169973671724,8.0,1.165104133522734,2.127962748234079,0.0,0.0,0.8631533540217863,TXN000138,AC65590,CUS92005,M889,DVC_5110,Sydney,Wire Transfer,Travel,1,1
173.55887125167973,4783.264998689722,2.0,88.54278034801148,0.03627701878955549,0.0,0.0,0.13590144327511855,TXN000139,AC49876,CUS19934,M626,DVC_4372,Chicago,Wire Transfer,Restaurant,0,0
30.451281544167355,99917.66155508866,5.0,3.2216066565987616,0.000304760703058242,1.0,1.0,0.9005492113594579,TXN000140,AC83974,CUS57647,M574,DVC_9825,Lagos,ACH Transfer,Restaurant,1,1
545.0686493066114,45724.3160375943,1.0,6.368312448747676,0.011920500426032453,0.0,0.0,0.149752089154261,TXN000141,AC40507,CUS19132,M505,DVC_6581,Paris,ATM Withdrawal,Electronics,0,0
167.0105899978923,31119.792026929033,2.0,109.73833867927969,0.0053665276209351265,0.0,0.0,0.06961064371567706,TXN000142,AC88656,CUS27420,M386,DVC_3386,Paris,Online Purchase,Gas Station,0,0
144.74364904082043,1233.1127492883254,2.0,115.93497113425468,0.11728559576447906,0.0,0.0,0.17396853492836728,TXN000143,AC36057,CUS93320,M859,DVC_9583,Moscow,ATM Withdrawal,Gas Station,0,0
17592.098808788436,312.9260656219723,4.0,4.651624559508242,5.0,1.0,1.0,0.7984792591323395,TXN000144,AC93926,CUS46248,M866,DVC_1168,London,ATM Withdrawal,Electronics,1,1
135.9574470560391,2500.7638435779227,2.0,25.158991006883184,0.05434463664707784,0.0,0.0,0.24306763294311717,TXN000145,AC72468,CUS63972,M545,DVC_4965,New York,ATM Withdrawal,Retail,0,0
159.43388516642784,11384.70848220086,2.0,147.85342200798937,0.014002983250069058,0.0,0.0,0.41324419232096254,TXN000146,AC73180,CUS70355,M442,DVC_4208,New York,Online Purchase,Restaurant,0,0
106.59786637563009,22187.775379109644,1.0,27.238701289766507,0.004804134728227957,0.0,0.0,0.11828903494128244,TXN000147,AC79065,CUS65310,M424,DVC_9172,Singapore,ATM Withdrawal,Retail,0,0
1694.0923260718355,3376.5204666023005,1.0,80.94580410647875,0.5015787003582688,0.0,0.0,0.05378922975144002,TXN000148,AC24584,CUS76260,M976,DVC_3727,New York,ATM Withdrawal,Restaurant,0,0
10.649742370664093,41111.229245967115,1.0,45.68142025461221,0.00025904074203684233,0.0,0.0,0.04137599966732491,TXN000149,AC67778,CUS42955,M266,DVC_4509,Sydney,POS Debit,Restaurant,0,0
193.65346728961504,12069.36242714321,1.0,37.10531000797906,0.01604371604071615,0.0,0.0,0.04104732943233442,TXN000150,AC32632,CUS98297,M692,DVC_8549,Chicago,Wire Transfer,Gas Station,0,0
2784.6492185541483,21003.534435359634,7.0,28.285391032505196,0.13257371769527965,1.0,1.0,0.7918362624214103,TXN000151,AC28673,CUS73348,M395,DVC_5477,Paris,POS Debit,Gas Station,1,1
52659.33301099333,57.51789690880723,7.0,21.643078291301094,5.0,1.0,0.0,0.7896787534302963,TXN000152,AC13343,CUS63982,M680,DVC_5720,Sydney,Online Purchase,Restaurant,1,1
2814.5766843448423,28.639148013809812,6.0,33.2830354855463,5.0,0.0,1.0,0.638936962911396,TXN000153,AC28950,CUS45540,M282,DVC_2713,Paris,ACH Transfer,Gas Station,1,1
10.368068215514052,4385.405122772992,2.0,217.8420501682601,0.00236368231508894,0.0,0.0,0.10592493723783088,TXN000154,AC90600,CUS62852,M938,DVC_7619,New York,ACH Transfer,Gas Station,0,0
312.17666918412874,80.14889346816521,4.0,20.129737825673118,3.846961503012927,1.0,1.0,0.893031979752328,TXN000155,AC31547,CUS29323,M675,DVC_3512,Lagos,POS Debit,Travel,1,1
609.9677432614884,1529.3982337268574,2.0,44.29007682005146,0.39856798695858553,0.0,0.0,0.3136843187885044,TXN000156,AC63027,CUS76674,M875,DVC_5589,Lagos,POS Debit,Travel,0,0
214.62940440119738,900.693833643335,4.0,3.6198130671408375,0.23802913626899,1.0,1.0,0.7245145428031224,TXN000157,AC74091,CUS17211,M938,DVC_7678,Dubai,POS Debit,Restaurant,1,1
72.79616876818392,5863.4798869244705,2.0,91.68512873197976,0.012413064785249126,0.0,0.0,0.11969467722215879,TXN000158,AC57531,CUS67547,M185,DVC_3678,Singapore,Wire Transfer,Gas Station,0,0
7.055264820638141,1946.1997529907708,1.0,239.03939389167874,0.0036232876518198596,0.0,0.0,0.15964155769433352,TXN000159,AC51227,CUS99560,M655,DVC_1281,New York,Online Purchase,Travel,0,0
52.31234665405183,5325.620376572759,1.0,34.81255285195277,0.009820926395304805,0.0,0.0,0.17970753505015438,TXN000160,AC57683,CUS57003,M905,DVC_5926,Lagos,ATM Withdrawal,Retail,0,0
558.6813429953545,398.9414677987322,2.0,228.8478729357229,1.3969077677049158,0.0,0.0,0.09517063328523595,TXN000161,AC66171,CUS42148,M984,DVC_1429,Paris,POS Debit,Restaurant,0,0
1470248.8927577848,910.5287128734043,6.0,24.750577812107203,5.0,0.0,1.0,0.9648649789473301,TXN000162,AC20390,CUS34936,M248,DVC_5658,Chicago,Wire Transfer,Restaurant,1,1
8101.093969969646,117.58137373870586,5.0,52.99315390701656,5.0,1.0,0.0,0.6403444760381882,TXN000163,AC21879,CUS93768,M871,DVC_6162,New York,ACH Transfer,Retail,1,1
559.89479092109,17368.316933352537,1.0,48.814678793196144,0.03223470405137124,0.0,0.0,0.13973536057501645,TXN000164,AC24935,CUS70726,M922,DVC_9105,New York,ACH Transfer,Restaurant,0,0
113.01244438147768,3743.6860788751537,2.0,696.7178713841377,0.030179417446768966,0.0,0.0,0.040848657579708535,TXN000165,AC63629,CUS76141,M960,DVC_4212,Singapore,ACH Transfer,Gas Station,0,0
38.15418876260171,4169.010382600921,1.0,111.9786543840138,0.009149662773454335,0.0,0.0,0.15341338536439264,TXN000166,AC42574,CUS25424,M158,DVC_5632,Singapore,POS Debit,Travel,0,0
42.91820848711144,47876.735084219734,1.0,50.42965200371844,0.0008964126730643337,0.0,0.0,0.13155916938702453,TXN000167,AC59666,CUS26749,M705,DVC_3663,London,ACH Transfer,Electronics,0,0
203.06193795988304,6467.3344052232505,2.0,68.24077948169118,0.03139323436894486,0.0,1.0,0.1325918079207327,TXN000168,AC93663,CUS93148,M934,DVC_2688,Tokyo,ACH Transfer,Travel,0,0
342.81331696878846,25483.603579426643,2.0,91.83479500056532,0.013451781421686966,0.0,0.0,0.17186324593085175,TXN000169,AC84657,CUS43666,M104,DVC_6594,Tokyo,ACH Transfer,Retail,0,0
102.02594309652284,91532.56266572584,2.0,74.09464968281713,0.00111462877796109,0.0,0.0,0.0658483965258768,TXN000170,AC38507,CUS38858,M182,DVC_6935,Moscow,ATM Withdrawal,Electronics,0,0
33.154329528269855,2161.153735769242,1.0,60.550881542162685,0.015333937166347863,0.0,0.0,0.15600829677890024,TXN000171,AC58555,CUS53731,M939,DVC_1816,Paris,ACH Transfer,Gas Station,0,0
87.44108675152458,2843.2427355591863,2.0,87.95182927824497,0.030743187161321312,0.0,0.0,0.4659412365269581,TXN000172,AC26582,CUS37640,M482,DVC_4866,Moscow,Wire Transfer,Gas Station,0,0
43.607003838033506,702.2504694142092,2.0,11.985937064620527,0.06200778489967749,0.0,0.0,0.08469102970456363,TXN000173,AC36631,CUS31764,M648,DVC_7188,New York,POS Debit,Travel,0,0
30.433919734263192,100509.95035209917,2.0,71.85756029602526,0.0003027920801430128,0.0,0.0,0.08802948409210246,TXN000174,AC28164,CUS57937,M578,DVC_1677,London,ATM Withdrawal,Restaurant,0,0
4854.089819416788,1483.2309333565042,7.0,8.308972506857408,3.270441081860178,1.0,0.0,0.8658319385369063,TXN000175,AC96820,CUS26473,M126,DVC_3489,Lagos,ATM Withdrawal,Restaurant,1,1
98.71000107026417,8763.825028757172,2.0,229.6215425260541,0.011262061792037962,0.0,0.0,0.0020816440977189108,TXN000176,AC40646,CUS60140,M624,DVC_8232,New York,POS Debit,Retail,0,0
452.37164045047234,45745.60961428241,2.0,195.02728282879394,0.009888637524500586,1.0,0.0,0.19933210540202037,TXN000177,AC30806,CUS66209,M676,DVC_3446,Tokyo,ACH Transfer,Restaurant,0,0
586.2893482581942,2147.6445680272973,2.0,23.446165376300616,0.27286474318852805,0.0,0.0,0.18061577097956355,TXN000178,AC69057,CUS77976,M513,DVC_2888,Singapore,ACH Transfer,Gas Station,0,0
201.25580099224968,2421.741945464676,2.0,142.61877432143953,0.08306943352716391,0.0,0.0,0.2243767218964541,TXN000179,AC97633,CUS23461,M814,DVC_2720,Dubai,Online Purchase,Electronics,0,0
120.63190933624448,3306.0138744407914,2.0,61.63015631393803,0.036477593961302346,0.0,0.0,0.046119796518299234,TXN000180,AC64895,CUS15563,M279,DVC_1223,Lagos,ACH Transfer,Travel,0,0
52.325906918795134,3757.235170805088,2.0,23.694125038661785,0.013922999636977454,0.0,0.0,0.056661910223296884,TXN000181,AC57974,CUS21403,M908,DVC_1934,Chicago,Wire Transfer,Travel,0,0
134.071923257242,5630.490716016947,2.0,21.69207311163899,0.023807536941491875,0.0,0.0,0.1387557143165212,TXN000182,AC21284,CUS92212,M563,DVC_2308,Lagos,ACH Transfer,Travel,0,0
36.320383247965005,131.46527337083018,1.0,129.253771887002,0.27418796129524325,0.0,0.0,0.10005547386704461,TXN000183,AC23857,CUS36065,M882,DVC_9417,London,POS Debit,Restaurant,0,0
45.10612791504489,51198.76828136284,1.0,130.29721996740375,0.0008809830479538305,0.0,0.0,0.5690892940892156,TXN000184,AC95424,CUS58374,M626,DVC_1199,Paris,ACH Transfer,Electronics,0,0
30.359856896577575,5576.921680680384,1.0,315.6210846701473,0.005442861810292456,0.0,0.0,0.11230840264078777,TXN000185,AC50440,CUS86897,M100,DVC_5106,Tokyo,POS Debit,Restaurant,0,0
7723.757411674454,529.6470274749387,8.0,8.352450255169838,5.0,1.0,1.0,0.700466037058292,TXN000186,AC56106,CUS96185,M370,DVC_6074,Sydney,ATM Withdrawal,Restaurant,1,1
31.241596203443617,1907.7883017001154,2.0,93.49378327491021,0.01636723997921478,0.0,0.0,0.0670363308970124,TXN000187,AC28951,CUS15429,M583,DVC_4993,Paris,Online Purchase,Gas Station,0,0
1179.3667338692908,103770.40172197226,2.0,112.82937130937887,0.011365045805482022,0.0,0.0,0.07640428888127024,TXN000188,AC31009,CUS68793,M147,DVC_8072,London,ATM Withdrawal,Gas Station,0,0
262.0302083665785,12536.768009891031,1.0,486.7643059228418,0.020899270760143526,0.0,0.0,0.10972989468444697,TXN000189,AC99010,CUS19282,M793,DVC_4933,Dubai,POS Debit,Restaurant,0,0
33.76732580287835,4548.649557697104,2.0,205.97127755336578,0.007421961927979867,0.0,0.0,0.19528639741158507,TXN000190,AC24835,CUS65351,M282,DVC_7933,Paris,Online Purchase,Retail,0,0
153.47277686175627,36104.663628663286,2.0,12.780439788650506,0.004250656585077098,0.0,0.0,0.20215627945342124,TXN000191,AC80888,CUS87357,M939,DVC_2597,Moscow,ATM Withdrawal,Retail,0,0
1343.3516029797092,9746.049500847383,1.0,2.6859712665869275,0.13782135843907656,0.0,0.0,0.19934058399687268,TXN000192,AC52290,CUS61767,M472,DVC_1004,Moscow,ACH Transfer,Retail,0,0
11194.118431495921,270.7893951988741,5.0,7.532194984856445,5.0,0.0,0.0,0.5395131798834926,TXN000193,AC28941,CUS18342,M825,DVC_9471,New York,ACH Transfer,Restaurant,1,1
112.33231359305819,463.1249065713428,2.0,63.60324189997084,0.24203035002559395,0.0,0.0,0.3854467096613291,TXN000194,AC42917,CUS24653,M638,DVC_8590,Moscow,Online Purchase,Electronics,0,0
36.02052850376733,9298.689234420268,1.0,14.700948831942837,0.003873304536935186,0.0,0.0,0.27952320428402605,TXN000195,AC38039,CUS74652,M606,DVC_4019,Chicago,ATM Withdrawal,Retail,0,0
52.253240558095925,30385.47816189075,2.0,188.0532150863247,0.001719621480307955,0.0,0.0,0.14624003064663624,TXN000196,AC36089,CUS15434,M837,DVC_6357,New York,Wire Transfer,Gas Station,0,0
30777.301622083836,631.6657237376786,8.0,6.13032887268668,5.0,1.0,1.0,0.939266656391834,TXN000197,AC70059,CUS76519,M769,DVC_3364,Paris,Wire Transfer,Travel,1,1
599.1347762402743,2274.9731993540668,1.0,26.558853802206045,0.26324333538299655,0.0,0.0,0.41193212432799414,TXN000198,AC67247,CUS77355,M605,DVC_1126,Lagos,Wire Transfer,Travel,0,0
114.58522348640415,55230.90808504188,2.0,234.54733432246366,0.0020746200422765504,0.0,0.0,0.13984288799941824,TXN000199,AC49833,CUS92896,M671,DVC_5826,Tokyo,ATM Withdrawal,Restaurant,0,0
121.42058412274514,185177.58717654579,2.0,48.95773506765033,0.0006556945161644691,0.0,0.0,0.07991396541608368,TXN000200,AC87453,CUS16460,M165,DVC_4249,Paris,ATM Withdrawal,Travel,0,0
845.9292706719781,6.4127629142785425,7.0,5.058408432763547,5.0,0.0,1.0,0.5741581113833812,TXN000201,AC28254,CUS23916,M785,DVC_4901,London,ATM Withdrawal,Restaurant,1,1
377.6832776994443,42438.70229998051,1.0,130.90376905961512,0.008899291400062855,0.0,0.0,0.10416312128176984,TXN000202,AC93981,CUS94491,M151,DVC_6157,Singapore,POS Debit,Travel,0,0
89.7532723772697,519.4604746404906,8.0,20.53666964082472,0.1724497377812734,0.0,0.0,0.7631510583826031,TXN000203,AC42611,CUS19378,M569,DVC_9674,Lagos,Wire Transfer,Electronics,1,1
23.85917667337319,2500.8093996399466,2.0,49.35420767965634,0.009536768339269546,0.0,0.0,0.15953860606251186,TXN000204,AC56827,CUS78975,M342,DVC_4039,Chicago,Wire Transfer,Electronics,0,0
876.6883580187246,21519.275831038914,1.0,35.489124356400694,0.04073778444578614,0.0,0.0,0.09571656518655716,TXN000205,AC67272,CUS37140,M436,DVC_5410,Dubai,Wire Transfer,Electronics,0,0
385.41966610844986,3633.185147891905,1.0,40.455080301461365,0.10605394343544154,0.0,0.0,0.02547740335887214,TXN000206,AC69257,CUS66385,M902,DVC_1016,New York,POS Debit,Electronics,0,0
97.65360875272148,89126.07043581609,2.0,96.81925990774901,0.0010956672117148256,0.0,1.0,0.25829472943863063,TXN000207,AC23830,CUS26213,M855,DVC_9004,Singapore,POS Debit,Retail,0,0
373.47272840767135,1305.153531726502,1.0,23.25848480633538,0.28593325312530987,0.0,0.0,0.2110205623696581,TXN000208,AC15696,CUS48252,M220,DVC_8083,Chicago,ATM Withdrawal,Gas Station,0,0
6152.464880655362,2542.866132743655,4.0,26.413667247710137,2.418548995744402,1.0,0.0,0.8888536472503151,TXN000209,AC76278,CUS66689,M653,DVC_6075,London,Wire Transfer,Electronics,1,1
1277.4582006689204,3136.514577343073,2.0,40.75017688538065,0.40715610053060036,0.0,0.0,0.34815231910343775,TXN000210,AC41262,CUS38328,M795,DVC_4942,Sydney,Wire Transfer,Retail,0,0
370.7868184793822,245.91498212278273,9.0,11.778487348551849,1.5016780889180796,1.0,1.0,0.829472807167712,TXN000211,AC46949,CUS55909,M144,DVC_7172,New York,ACH Transfer,Restaurant,1,1
15.837543930961772,87970.64579227865,1.0,1.9157800105008091,0.00018003009706511422,0.0,0.0,0.14038041885152,TXN000212,AC22425,CUS73823,M151,DVC_4617,Sydney,ACH Transfer,Travel,0,0
75.6848187291057,40452.94791455514,2.0,343.58085641050076,0.0018708883219250565,0.0,0.0,0.3630928175232596,TXN000213,AC54497,CUS14953,M250,DVC_7230,Chicago,ACH Transfer,Travel,0,0
514.3793567405259,8119.213209681238,2.0,104.4911496181609,0.06334554813502465,0.0,0.0,0.10574030750911328,TXN000214,AC67420,CUS80130,M512,DVC_9661,Paris,POS Debit,Retail,0,0
72249.21055911406,400.3139521374312,9.0,10.698340555782483,5.0,1.0,1.0,0.7608021483352944,TXN000215,AC31640,CUS18840,M640,DVC_2324,Moscow,ATM Withdrawal,Travel,1,1
23.48728192694062,10492.138900623195,2.0,15.737642106681237,0.0022383466138569553,0.0,0.0,0.1520154629630172,TXN000216,AC83824,CUS80482,M668,DVC_4277,Moscow,Online Purchase,Electronics,0,0
1713.614511168257,2697.9991030967362,1.0,325.47478118685325,0.6349074029710184,0.0,0.0,0.49736141070205636,TXN000217,AC92914,CUS84787,M597,DVC_2624,Moscow,Wire Transfer,Travel,0,0
6430.802744560477,2121.778441168361,7.0,3.3115246296106116,3.0294271977913114,1.0,0.0,0.8636031387643648,TXN000218,AC66093,CUS76523,M886,DVC_8249,Sydney,ACH Transfer,Electronics,1,1
96.7295709187763,63231.10719409521,2.0,36.966299577627154,0.0015297540317905011,0.0,0.0,0.08470454421509672,TXN000219,AC57150,CUS94110,M308,DVC_1118,Sydney,Wire Transfer,Electronics,0,0
76.32967457814942,17850.825372748826,1.0,13.641161777956698,0.004275735001008256,0.0,0.0,0.0525512611255225,TXN000220,AC36111,CUS47391,M107,DVC_8303,Chicago,Wire Transfer,Travel,0,0
292.7237058655855,1751.549867704937,1.0,115.39440807458404,0.16702731902797363,0.0,0.0,0.2028947525324158,TXN000221,AC47293,CUS93705,M490,DVC_8940,Lagos,Wire Transfer,Retail,0,0
84.19008060869537,223864.57208556138,1.0,252.56147014916752,0.00037607426557093797,0.0,0.0,0.3588536738299628,TXN000222,AC59664,CUS19719,M346,DVC_9979,Singapore,ATM Withdrawal,Restaurant,0,0
17.902760016602056,54256.45588342706,2.0,58.627773984342234,0.00032995944474555533,0.0,0.0,0.31193653741106553,TXN000223,AC28306,CUS16149,M494,DVC_7520,Lagos,Wire Transfer,Retail,0,0
13141.097021846486,2016.5982701636763,8.0,8.584535688232648,5.0,1.0,0.0,0.9163502646411109,TXN000224,AC87213,CUS65968,M806,DVC_3475,Paris,ATM Withdrawal,Gas Station,1,1
53.29999923138665,45208.54345814825,1.0,82.05912617306421,0.0011789546001659576,0.0,0.0,0.39409322061318997,TXN000225,AC28298,CUS55279,M933,DVC_3767,Sydney,Online Purchase,Gas Station,0,0
21.082235734709116,13991.572234489688,1.0,46.968924822854,0.001506673353648618,0.0,0.0,0.09158613921505321,TXN000226,AC14753,CUS11901,M438,DVC_1242,Tokyo,Online Purchase,Electronics,0,0
71.66146518403804,11094.503954803731,1.0,138.12752549456977,0.006458603906225696,0.0,0.0,0.3354425465591505,TXN000227,AC82352,CUS28787,M511,DVC_6080,Chicago,POS Debit,Electronics,0,0
230.7939094630847,40599.03217109678,1.0,41.77738094519748,0.00568457454640608,0.0,0.0,0.0663258373604766,TXN000228,AC87704,CUS94905,M639,DVC_6464,Moscow,Wire Transfer,Retail,0,0
103.90701805775939,2393.4196582007603,1.0,38.663990886855615,0.04339549155549378,0.0,0.0,0.12057374136103052,TXN000229,AC84374,CUS80691,M444,DVC_5722,Paris,ACH Transfer,Retail,0,0
4802.270531549952,208.17689818591097,8.0,3.111687899984565,5.0,1.0,1.0,0.8816834850829767,TXN000230,AC43565,CUS35121,M942,DVC_9207,Chicago,POS Debit,Electronics,1,1
2168.5340547816295,432.66001282322776,6.0,10.445017954643284,5.0,1.0,1.0,0.9114926725819348,TXN000231,AC34652,CUS16017,M395,DVC_5611,London,POS Debit,Restaurant,1,1
67.02785793821825,23668.839806622615,1.0,338.4059928161713,0.002831783336339456,0.0,0.0,0.00972080645666535,TXN000232,AC98144,CUS22202,M334,DVC_7409,Singapore,Online Purchase,Restaurant,0,0
56.14813270792496,1984.4788909307617,1.0,19.918501247934554,0.028279390410241825,1.0,0.0,0.26395869451451404,TXN000233,AC91676,CUS85465,M741,DVC_9114,Singapore,ACH Transfer,Gas Station,0,0
318.738225419327,4618.23056011119,1.0,13.88694382428361,0.06900244992569815,0.0,0.0,0.14456997549688747,TXN000234,AC89628,CUS76616,M687,DVC_7703,Dubai,Wire Transfer,Restaurant,0,0
14.28289967994198,110004.55222479065,1.0,35.592480961344606,0.00012983798900218795,0.0,0.0,0.14789316119684093,TXN000235,AC98617,CUS12021,M544,DVC_3782,Singapore,Wire Transfer,Travel,0,0
962.7531030625782,20111.714554918515,5.0,25.434574087055108,0.04786788478669774,1.0,1.0,0.8006970502538431,TXN000236,AC20875,CUS66326,M332,DVC_7859,Lagos,Online Purchase,Electronics,1,1
41.173575146226284,30153.919351902863,1.0,31.351050946231066,0.0013654016005062906,0.0,0.0,0.19049501217710962,TXN000237,AC58996,CUS21379,M841,DVC_7163,Moscow,ATM Withdrawal,Retail,0,0
38.76857417995379,2515.484179406581,1.0,11.51299594217462,0.015405848563330094,0.0,0.0,0.06506578429223903,TXN000238,AC43993,CUS10770,M943,DVC_2823,Tokyo,Online Purchase,Electronics,0,0
210.5782478720308,767.9140511432746,2.0,344.3943361650601,0.27386448141886405,0.0,0.0,0.2098731123321419,TXN000239,AC15566,CUS97706,M981,DVC_5923,London,ACH Transfer,Travel,0,0
7425.618927442211,308.70842027772176,4.0,8.919210434622924,5.0,0.0,1.0,0.872151059457019,TXN000240,AC89139,CUS19933,M962,DVC_9202,London,ATM Withdrawal,Restaurant,1,1
14.428601075419593,10042.417537203339,2.0,61.011265100396834,0.0014366226458247338,0.0,0.0,0.12840362004447653,TXN000241,AC48690,CUS38981,M409,DVC_6139,New York,ACH Transfer,Electronics,0,0
44.852165039324,4638.810138105941,1.0,87.21601967239874,0.009666810430659886,0.0,0.0,0.1376829757778762,TXN000242,AC55741,CUS22381,M800,DVC_9470,Paris,Wire Transfer,Travel,0,0
5103.0164933036785,98.73399824959475,6.0,4.604501913560245,5.0,0.0,0.0,0.7953091385428942,TXN000243,AC67655,CUS17359,M577,DVC_6666,Lagos,ATM Withdrawal,Restaurant,1,1
66.79115413063201,51869.20997002928,1.0,89.44204306703233,0.0012876592203737768,0.0,0.0,0.026487668579664277,TXN000244,AC12646,CUS66097,M613,DVC_6520,Sydney,ACH Transfer,Gas Station,0,0
1186.2020791861028,8709.1446411988,9.0,3.8815902947536234,0.1361862664800527,1.0,1.0,0.5051658809059314,TXN000245,AC94651,CUS33830,M435,DVC_7921,Paris,Wire Transfer,Gas Station,1,1
49.15527684035865,2243.394139789765,2.0,76.24180262711732,0.021901356793313977,0.0,0.0,0.16320510265610094,TXN000246,AC51592,CUS56134,M676,DVC_3085,New York,ACH Transfer,Gas Station,0,0
26.721667407260547,8852.687218175952,2.0,0.2820280204633385,0.003018139984932264,0.0,0.0,0.20582845325973192,TXN000247,AC39339,CUS55072,M151,DVC_6069,Singapore,ATM Withdrawal,Travel,0,0
50.171620566650624,24980.948448729996,2.0,80.61707587247614,0.002008314950677964,0.0,0.0,0.1881779670269255,TXN000248,AC46449,CUS86861,M645,DVC_2106,Tokyo,Wire Transfer,Travel,0,0
1725.6672092650158,1050.3642402758626,9.0,20.52459520839249,1.6413599998533581,0.0,0.0,0.7499520582857837,TXN000249,AC63631,CUS98700,M400,DVC_9223,Singapore,ACH Transfer,Retail,1,1
162.85108976605193,6690.995710668235,1.0,194.99227142850907,0.02433520534187406,0.0,0.0,0.11238875180858075,TXN000250,AC49967,CUS20988,M851,DVC_9928,Lagos,POS Debit,Retail,0,0
80.96860945587017,5687.607812841508,1.0,149.62622424039813,0.014233466626595524,0.0,0.0,0.31011705957834484,TXN000251,AC53547,CUS44364,M740,DVC_2848,Chicago,ATM Withdrawal,Gas Station,0,0
30171.337972143967,386.6348140957095,4.0,6.578190236762632,5.0,0.0,1.0,0.6956345940415557,TXN000252,AC75463,CUS84283,M342,DVC_4608,Singapore,ATM Withdrawal,Electronics,1,1
58.4896310228826,5898.77232128171,1.0,138.82728123159836,0.009913879356309784,0.0,0.0,0.09037840242402308,TXN000253,AC56851,CUS87692,M455,DVC_9107,London,ATM Withdrawal,Restaurant,0,0
566.3921572401359,2424.853430490272,1.0,48.54010112406286,0.2334816069764225,0.0,0.0,0.13595409524914773,TXN000254,AC35062,CUS21763,M919,DVC_3677,Chicago,Wire Transfer,Retail,0,0
23189.841525288735,575.1254553769628,5.0,14.234222714578701,5.0,1.0,1.0,0.883749468152365,TXN000255,AC69123,CUS47122,M934,DVC_1293,Moscow,ATM Withdrawal,Restaurant,1,1
114.51239113711803,62557.679307868406,1.0,84.56378814781156,0.0018304796777050098,0.0,0.0,0.10016712320006654,TXN000256,AC83068,CUS92754,M709,DVC_4196,London,ACH Transfer,Electronics,0,0
118.92106156781489,5193.114078745269,1.0,126.18678615901283,0.02289535034558625,0.0,0.0,0.2295000742890187,TXN000257,AC98327,CUS52607,M687,DVC_2571,Chicago,POS Debit,Gas Station,0,0
1943.2195646919486,4069.862665193035,2.0,5.020979465419682,0.47734834714690716,0.0,0.0,0.1003035653752063,TXN000258,AC99229,CUS84594,M923,DVC_7566,Paris,ACH Transfer,Restaurant,0,0
551.910511505466,20742.09430879767,1.0,325.1100873827862,0.02660695185054367,0.0,0.0,0.2551452701173949,TXN000259,AC18221,CUS92823,M541,DVC_1268,Paris,ACH Transfer,Gas Station,0,0
62.1153693475714,2935.130786660678,2.0,129.7141613563999,0.021155518558564106,0.0,0.0,0.21927822138592415,TXN000260,AC25234,CUS37033,M976,DVC_8073,Paris,ATM Withdrawal,Restaurant,0,0
3023.310162114967,286.0782789562219,6.0,15.051294028616432,5.0,0.0,1.0,0.7216949284777378,TXN000261,AC18321,CUS59294,M830,DVC_4342,Moscow,POS Debit,Electronics,1,1
110.03235669828567,7717.437706974792,6.0,11.5549889126965,0.014255780881518881,0.0,1.0,0.5263310781825085,TXN000262,AC17945,CUS99806,M917,DVC_6177,Singapore,POS Debit,Retail,1,1
883.6117575498707,2241.340135172663,4.0,10.603053072173852,0.3940578611111697,0.0,0.0,0.9006847678360744,TXN000263,AC15189,CUS95310,M712,DVC_1879,Chicago,POS Debit,Travel,1,1
72801.53278078287,34.59417657421689,8.0,5.025727766865615,5.0,1.0,0.0,0.5881944096057367,TXN000264,AC12374,CUS70039,M218,DVC_1058,Paris,POS Debit,Gas Station,1,1
73.60626385800724,1998.489670146345,9.0,7.670890334705063,0.03681252519430116,1.0,1.0,0.8886914645934119,TXN000265,AC79519,CUS74457,M508,DVC_4891,Tokyo,Online Purchase,Retail,1,1
12313.800359593333,27.057899560405613,5.0,28.157713977911904,5.0,1.0,1.0,0.7035863682861723,TXN000266,AC21333,CUS12759,M751,DVC_1216,Dubai,POS Debit,Restaurant,1,1
90.57118788624149,26517.438285839464,1.0,106.64406494567314,0.003415404290025836,0.0,0.0,0.14736097797264136,TXN000267,AC75743,CUS70693,M470,DVC_6700,Paris,ATM Withdrawal,Retail,0,0
104.6131649001754,2354.5308438186057,2.0,0.36305320776701255,0.04441171516590484,0.0,0.0,0.40590218149503454,TXN000268,AC50907,CUS87617,M836,DVC_8649,New York,POS Debit,Travel,0,0
77.20767662409872,282.2104728039032,2.0,114.18226595296738,0.2726158953788331,0.0,0.0,0.034676044284780355,TXN000269,AC19173,CUS83355,M866,DVC_7246,New York,ACH Transfer,Gas Station,0,0
70.12362608449449,7205.889893911958,1.0,237.79327223707503,0.00973008150766,0.0,0.0,0.08357126956996302,TXN000270,AC14302,CUS38309,M172,DVC_8978,Tokyo,Online Purchase,Gas Station,0,0
47.66930813516938,8417.621884416993,1.0,25.149957612310637,0.005662364789587005,1.0,0.0,0.16862120992003304,TXN000271,AC49679,CUS85449,M548,DVC_7384,London,ACH Transfer,Retail,0,0
16041.861192136374,5971.8283571895145,7.0,25.18702439125573,2.6858064944770645,1.0,1.0,0.8814546901818918,TXN000272,AC65842,CUS45921,M923,DVC_5956,Chicago,ATM Withdrawal,Electronics,1,1
67.57793206405672,19110.80990309704,1.0,38.5146794829642,0.003535925294710357,0.0,0.0,0.17248077450872848,TXN000273,AC36747,CUS32896,M917,DVC_1733,Chicago,ATM Withdrawal,Restaurant,0,0
316.24523196405914,12570.061865022322,2.0,81.97953364929928,0.02515660453823545,0.0,0.0,0.10548027187279682,TXN000274,AC10111,CUS18649,M570,DVC_6950,Lagos,POS Debit,Retail,0,0
397.7961490363752,6471.019324531911,1.0,52.80089658283847,0.061463992780204785,0.0,0.0,0.10785664728688217,TXN000275,AC91102,CUS73506,M255,DVC_6348,Lagos,ATM Withdrawal,Electronics,0,0
13.576351401482148,2422.4877299625587,1.0,280.08600400452525,0.005601988916070103,0.0,0.0,0.268270705949243,TXN000276,AC31424,CUS68620,M870,DVC_6571,Sydney,Online Purchase,Gas Station,0,0
21203.962335288896,751.3289593378341,7.0,23.928395939177843,5.0,1.0,1.0,0.8648438198646935,TXN000277,AC93329,CUS83067,M675,DVC_8074,New York,ACH Transfer,Restaurant,1,1
65.97751693921761,4532.174172742513,1.0,8.289892111949468,0.014554375019590752,0.0,0.0,0.14210741776508645,TXN000278,AC18897,CUS97232,M409,DVC_3421,London,ATM Withdrawal,Gas Station,0,0
78.35282788525079,1166.3167174494695,2.0,79.0161521552208,0.06712216720107284,0.0,0.0,0.23176357489216273,TXN000279,AC48640,CUS99365,M135,DVC_4377,New York,ATM Withdrawal,Travel,0,0
109.69601162213388,1702.2555083419477,2.0,309.80343500846766,0.06440373219689079,0.0,0.0,0.09980187504830508,TXN000280,AC24482,CUS89504,M347,DVC_9565,New York,Online Purchase,Electronics,0,0
28.464933207775058,722.4505403249915,2.0,579.6374288302387,0.03934606669170213,0.0,0.0,0.20666319937737065,TXN000281,AC37355,CUS49970,M527,DVC_8104,Dubai,Wire Transfer,Travel,0,0
43.84798762273556,3057.497835799144,2.0,116.573425787902,0.014336445528750448,0.0,0.0,0.1499046697954444,TXN000282,AC66145,CUS77144,M143,DVC_7783,Tokyo,Wire Transfer,Travel,0,0
130.72411089568342,112782.17104853486,1.0,80.47354179774563,0.0011590746179625318,0.0,1.0,0.1925351927478707,TXN000283,AC30583,CUS46662,M552,DVC_1111,Chicago,Online Purchase,Travel,0,0
693.3006816291113,983.7901036070893,9.0,54.60002483210062,0.7040085791781309,1.0,1.0,0.6548265868542591,TXN000284,AC91718,CUS60248,M218,DVC_9485,Tokyo,ATM Withdrawal,Electronics,1,1
37.281234660414796,18999.25045612846,2.0,102.48062766872707,0.0019621443804910413,0.0,0.0,0.3536582547838534,TXN000285,AC14857,CUS59778,M448,DVC_3469,Sydney,Online Purchase,Restaurant,0,0
34.07199466681631,4078.7674492807896,1.0,230.8554871812143,0.008351455098947554,0.0,0.0,0.09736369891920012,TXN000286,AC21166,CUS42077,M792,DVC_3198,London,Online Purchase,Gas Station,0,0
893.1983385327808,518.264672254512,4.0,1.9006912163163245,1.720121522334162,0.0,1.0,0.8192009140066302,TXN000287,AC17498,CUS63869,M487,DVC_6293,Lagos,Wire Transfer,Restaurant,1,1
46.220686472000445,12673.109924858627,2.0,112.55431790074505,0.003646858575949744,0.0,0.0,0.23590488350333957,TXN000288,AC47807,CUS39863,M169,DVC_8581,Dubai,POS Debit,Restaurant,0,0
1465.7842579885814,878.0621259435462,7.0,4.668546924922547,1.6674410314461834,1.0,1.0,0.6637915567799897,TXN000289,AC35423,CUS39399,M969,DVC_9359,Singapore,ATM Withdrawal,Restaurant,1,1
206448.55419785768,903.2866999586322,7.0,34.94488083392853,5.0,1.0,0.0,0.8538505645487352,TXN000290,AC62095,CUS95331,M553,DVC_1069,Dubai,ACH Transfer,Gas Station,1,1
230.45799490376373,2454.7858228475448,1.0,116.3733083038015,0.09384287211029745,0.0,1.0,0.13599237775567183,TXN000291,AC54180,CUS77680,M366,DVC_6956,Dubai,Online Purchase,Gas Station,0,0
21665.88040018733,4631.466568354773,7.0,30.30378110829043,4.6769642220822325,1.0,0.0,0.9242507474683807,TXN000292,AC51128,CUS10899,M830,DVC_7074,Singapore,Wire Transfer,Electronics,1,1
45.85106232946011,3302.1981412935156,1.0,323.7346548051586,0.013880808951867801,0.0,0.0,0.4907015226112197,TXN000293,AC98620,CUS76233,M537,DVC_3572,Sydney,POS Debit,Retail,0,0
32.22360984619616,301798.54775751097,1.0,1.0184894956029267,0.00010677156438977535,0.0,0.0,0.26316644754189805,TXN000294,AC69911,CUS53890,M465,DVC_2654,Tokyo,ATM Withdrawal,Gas Station,0,0
23.94980238300483,54889.98053900573,1.0,71.33984549325822,0.0004363158053987761,0.0,0.0,0.07426191667187096,TXN000295,AC67450,CUS95975,M801,DVC_3259,Chicago,Online Purchase,Gas Station,0,0
456.98330065877525,556.2402260048474,2.0,401.2323155805438,0.8200831155624433,0.0,0.0,0.15325333472613883,TXN000296,AC55940,CUS49999,M867,DVC_1101,London,Wire Transfer,Retail,0,0
126.11450212088168,25214.714705731167,2.0,206.20428231167023,0.005001424849251554,0.0,0.0,0.05168930588503403,TXN000297,AC66584,CUS54577,M286,DVC_6908,Singapore,Online Purchase,Gas Station,0,0
95.55752523441161,8527.164279355118,1.0,335.1347526667482,0.011204934861038756,0.0,0.0,0.17917424221223388,TXN000298,AC70049,CUS62592,M326,DVC_6708,Chicago,ACH Transfer,Restaurant,0,0
488.4401412851368,25241.44900313255,1.0,533.3920375598897,0.01934995060204032,0.0,0.0,0.25747983109288164,TXN000299,AC20270,CUS46184,M160,DVC_2361,Lagos,ATM Withdrawal,Gas Station,0,0
60.87190641085532,1660.9807761063946,2.0,74.98899211911902,0.03662611943891612,0.0,1.0,0.2505726386037821,TXN000300,AC70962,CUS86778,M267,DVC_9524,Paris,ATM Withdrawal,Electronics,0,0
201.46347344733786,212.81258466818414,2.0,87.36599794471731,0.9422432910578632,0.0,0.0,0.1694863643061607,TXN000301,AC14342,CUS16594,M231,DVC_4260,New York,ATM Withdrawal,Gas Station,0,0
1406.8818591624758,2604.1302843675926,2.0,27.807200325880792,0.540042802313821,0.0,0.0,0.08334015449280867,TXN000302,AC53933,CUS56982,M254,DVC_2122,New York,ATM Withdrawal,Retail,0,0
483.9193746485203,54658.23915158712,2.0,162.95818665722743,0.008853386584955216,0.0,0.0,0.1875976559115006,TXN000303,AC77089,CUS16377,M883,DVC_2957,Tokyo,Wire Transfer,Restaurant,0,0
132.82063685663343,3332.4600584574923,1.0,715.3326836925562,0.03984467626052617,0.0,0.0,0.3732097843831938,TXN000304,AC77538,CUS73138,M821,DVC_9651,Moscow,ACH Transfer,Retail,0,0
156.72192739609784,21983.630837376855,2.0,49.91186046343835,0.007128704073104075,0.0,0.0,0.3110426803128472,TXN000305,AC34488,CUS27176,M106,DVC_7698,Dubai,Online Purchase,Gas Station,0,0
193.70007362923835,29843.784979348777,2.0,30.291694701731117,0.006490248589938574,1.0,0.0,0.151767879894856,TXN000306,AC64101,CUS36651,M622,DVC_5985,Singapore,Wire Transfer,Gas Station,0,0
28.809964975855,1706.4735501158748,1.0,189.8095226570845,0.016872861646319418,0.0,0.0,0.07161666225554436,TXN000307,AC55359,CUS66900,M811,DVC_7779,Sydney,POS Debit,Electronics,0,0
86.24828927681209,10800.698579323507,2.0,15.934015650698244,0.00798469691071621,1.0,1.0,0.2475126120047491,TXN000308,AC11421,CUS60074,M350,DVC_1930,Sydney,ATM Withdrawal,Restaurant,0,0
222.54951046051394,27719.40196544174,2.0,88.5483437099276,0.008028365199680736,0.0,0.0,0.5173552434549168,TXN000309,AC79010,CUS11481,M675,DVC_9502,Dubai,ATM Withdrawal,Gas Station,0,0
107.59788039931504,26629.19721133929,2.0,31.840539060192555,0.004040446247746871,0.0,0.0,0.2898120604432115,TXN000310,AC71755,CUS66139,M791,DVC_3889,Tokyo,Online Purchase,Electronics,0,0
235.08103449203554,6862.1848384397335,1.0,35.07626822597978,0.03425247024899864,0.0,0.0,0.1601054537321551,TXN000311,AC63525,CUS50273,M739,DVC_6959,Dubai,ATM Withdrawal,Electronics,0,0
126.35506758970604,4463.387794122156,1.0,223.89437230263434,0.028302887969559005,0.0,0.0,0.1399824990129524,TXN000312,AC35117,CUS18933,M361,DVC_8139,Tokyo,ATM Withdrawal,Retail,0,0
20.214786792176383,795.5582079214983,1.0,60.12160035423692,0.025377664295147876,0.0,0.0,0.17503372865269712,TXN000313,AC66462,CUS93953,M219,DVC_2758,Lagos,Online Purchase,Restaurant,0,0
44431.84014937662,1115.3901743926692,6.0,21.12386608823105,5.0,1.0,1.0,0.580530118200825,TXN000314,AC84516,CUS67718,M147,DVC_9081,Moscow,ACH Transfer,Travel,1,1
2289.499658053425,11922.59134411619,4.0,27.401933965423503,0.19201426751204453,1.0,1.0,0.9043421853176971,TXN000315,AC54934,CUS15768,M168,DVC_5341,Lagos,Wire Transfer,Electronics,1,1
28.543204938743,12548.363216055832,2.0,35.32511559607241,0.00227447436553788,0.0,0.0,0.4395067034929943,TXN000316,AC84954,CUS35199,M988,DVC_9146,Moscow,ACH Transfer,Travel,0,0
50.652617856727026,9080.939195501222,2.0,345.9769166648577,0.005577291013115131,0.0,0.0,0.0975954111983805,TXN000317,AC67593,CUS81978,M361,DVC_1471,Moscow,Online Purchase,Retail,0,0
62622.93000351701,19098.96134945509,8.0,21.715921082916473,3.278694069467507,1.0,0.0,0.924278445786729,TXN000318,AC22390,CUS84776,M841,DVC_5417,Lagos,ATM Withdrawal,Electronics,1,1
2013.1911329206564,14617.29323631325,2.0,469.75482392330457,0.1377172492285006,0.0,0.0,0.21068901096787823,TXN000319,AC32562,CUS10605,M863,DVC_4180,Dubai,ATM Withdrawal,Restaurant,0,0
82.74810769401202,30928.420738560613,2.0,71.5493371969762,0.002675384980322232,0.0,0.0,0.24956907115957733,TXN000320,AC43299,CUS61265,M544,DVC_8816,Paris,ACH Transfer,Travel,0,0
71.35080661213486,11246.374214224901,1.0,7.143022290170909,0.006343774578238474,0.0,0.0,0.25271581099907925,TXN000321,AC67902,CUS78112,M578,DVC_2144,Sydney,POS Debit,Restaurant,0,0
61.21161689289657,13541.397471442942,2.0,163.70602646690492,0.004519998546931917,0.0,0.0,0.2807996522178257,TXN000322,AC27675,CUS15740,M330,DVC_1098,London,Wire Transfer,Travel,0,0
243.8133515376646,1487.2654034106708,1.0,53.15035073380407,0.16382383879845316,0.0,0.0,0.05396039985221495,TXN000323,AC95044,CUS64662,M323,DVC_4649,Sydney,ATM Withdrawal,Retail,0,0
32659.616566733497,3391.504424560593,4.0,10.342478008572826,5.0,1.0,1.0,0.6300198790993079,TXN000324,AC46881,CUS59429,M556,DVC_1493,Paris,Online Purchase,Electronics,1,1
96.64670575665058,2241.3684180938176,2.0,15.597901339979504,0.043100279586887676,0.0,0.0,0.07693758946878322,TXN000325,AC19319,CUS28441,M818,DVC_3157,Chicago,ACH Transfer,Electronics,0,0
17.534865172088242,311.88760822386257,2.0,27.829774213590163,0.05604205699173143,0.0,0.0,0.09366586064113802,TXN000326,AC55207,CUS78707,M952,DVC_5579,New York,Wire Transfer,Retail,0,0
90.34676617350271,17710.62210555965,2.0,23.814056541120564,0.005100987681142034,0.0,0.0,0.27753243346288764,TXN000327,AC13911,CUS15306,M465,DVC_3177,Lagos,POS Debit,Gas Station,0,0
132.02739151063003,4337.537377793883,2.0,3.716549226677482,0.030431313600383238,0.0,0.0,0.24688936827484526,TXN000328,AC49927,CUS91674,M127,DVC_9697,Paris,ATM Withdrawal,Travel,0,0
43.52177346604058,360.1850713306237,2.0,20.31702503704508,0.12049715484004975,0.0,1.0,0.2860932054680975,TXN000329,AC89261,CUS16536,M976,DVC_7912,Singapore,ACH Transfer,Travel,0,0
114.06618486111805,18330.663332117358,1.0,27.025765051729387,0.0062223587022391105,0.0,0.0,0.08064776521907743,TXN000330,AC48195,CUS88672,M830,DVC_9552,Singapore,ATM Withdrawal,Gas Station,0,0
282.5241293863372,3241.247418149393,1.0,93.19107035388433,0.08713836205245437,0.0,0.0,0.26497707901185036,TXN000331,AC64422,CUS58438,M948,DVC_9345,New York,ACH Transfer,Retail,0,0
301.13280228665417,692.8224463656155,1.0,283.6637506091948,0.4340199771051652,0.0,0.0,0.3390850706003876,TXN000332,AC57561,CUS41812,M200,DVC_9107,Lagos,POS Debit,Restaurant,0,0
1033.0505057041169,2073.6912843072296,5.0,0.10721343528866983,0.49792974671365037,0.0,0.0,0.6922029970804952,TXN000333,AC11687,CUS38709,M157,DVC_1532,London,Online Purchase,Restaurant,1,1
63.43193874234979,4909.287771422647,1.0,3.805330066537879,0.012918171336416765,0.0,0.0,0.13810900168136828,TXN000334,AC48755,CUS80721,M123,DVC_6666,Tokyo,Online Purchase,Retail,0,0
150.81440526315058,3741.240086152307,1.0,173.07291893303147,0.04030056912201344,0.0,0.0,0.13795590706033767,TXN000335,AC30855,CUS72938,M514,DVC_3357,Dubai,Wire Transfer,Restaurant,0,0
309.80807136005257,114.59246031192785,2.0,29.14642534130068,2.680175424279674,1.0,0.0,0.2566819781206431,TXN000336,AC38879,CUS62717,M326,DVC_7779,Dubai,ATM Withdrawal,Retail,0,0
19.451062756634013,3208.4315551114655,1.0,138.95620107547526,0.006060594352185356,0.0,0.0,0.18652449665279164,TXN000337,AC32065,CUS30946,M268,DVC_2969,Paris,ATM Withdrawal,Travel,0,0
468.4014427123581,23713.72129143274,2.0,54.9071379483982,0.01975150527624267,0.0,0.0,0.06475594966292596,TXN000338,AC26091,CUS32591,M588,DVC_5971,Sydney,ATM Withdrawal,Travel,0,0
183.308020269159,9818.060850903064,8.0,76.52168088200416,0.018668589904125104,0.0,1.0,0.6308564774913987,TXN000339,AC22747,CUS94714,M345,DVC_8171,Lagos,Online Purchase,Gas Station,1,1
77.8560977147562,33692.271005023875,1.0,31.44091399570432,0.0023107313535437797,0.0,0.0,0.24796292235376585,TXN000340,AC46243,CUS42408,M935,DVC_1634,Singapore,Wire Transfer,Retail,0,0
28.61276379421961,17595.874913189433,2.0,86.60552510840955,0.0016260139334611857,0.0,0.0,0.12190063738633622,TXN000341,AC58686,CUS19395,M823,DVC_3601,Dubai,Online Purchase,Restaurant,0,0
115.65785583101504,6652.786753149454,2.0,4.810165109658698,0.01738226067678986,0.0,0.0,0.02655600491581057,TXN000342,AC94497,CUS25013,M462,DVC_2192,Sydney,ACH Transfer,Retail,0,0
26.60272933827262,916287.1726364078,1.0,236.8013772615437,2.903314713943039e-05,0.0,0.0,0.21915142544350558,TXN000343,AC61684,CUS16988,M564,DVC_9928,New York,ATM Withdrawal,Electronics,0,0
13.450776925986155,3166.958953370752,1.0,17.852314413720364,0.004245881062213366,0.0,0.0,0.10110267396220689,TXN000344,AC30601,CUS61164,M529,DVC_6804,Tokyo,ACH Transfer,Gas Station,0,0
34.12673634211435,17860.500641894796,2.0,6.323865978974604,0.0019106309725213599,0.0,0.0,0.2222956764689055,TXN000345,AC44797,CUS69154,M877,DVC_1607,Tokyo,POS Debit,Electronics,0,0
16.626303115188367,2698.497745823318,1.0,269.06257759414603,0.0061590357468950295,0.0,0.0,0.1889472533601429,TXN000346,AC16190,CUS65394,M520,DVC_7421,Lagos,ACH Transfer,Gas Station,0,0
270.01635770139893,4533.746983781531,1.0,81.56790558010975,0.05954386400544711,0.0,0.0,0.055325736811658206,TXN000347,AC34148,CUS34879,M120,DVC_6258,Moscow,ACH Transfer,Gas Station,0,0
841.749453393529,28420.839448390565,8.0,34.23645543689078,0.029616290491050343,1.0,0.0,0.807375737853748,TXN000348,AC87471,CUS27480,M735,DVC_4065,Lagos,ACH Transfer,Gas Station,1,1
82.48407998260697,5976.133368441107,1.0,126.2492412144443,0.013799939686492154,0.0,0.0,0.04761934147695498,TXN000349,AC54550,CUS22220,M468,DVC_8866,Chicago,Online Purchase,Electronics,0,0
4460.811898585809,5.387035474387243,9.0,25.1662292235226,5.0,0.0,0.0,0.6000819416521203,TXN000350,AC90116,CUS21810,M563,DVC_8253,Dubai,ACH Transfer,Gas Station,1,1
189.23414546733113,358.9855978290431,2.0,11.963090516967238,0.5256714341033117,0.0,0.0,0.4169801208728832,TXN000351,AC54758,CUS72386,M196,DVC_5326,Dubai,ATM Withdrawal,Retail,0,0
45.22299026656626,13045.25691473122,2.0,54.21522901182215,0.003466357481853863,0.0,0.0,0.27198332849499895,TXN000352,AC80355,CUS43934,M749,DVC_6570,Paris,Wire Transfer,Retail,0,0
147.19855480035594,7376.397346769767,2.0,1.374603253252008,0.019952640190216624,0.0,0.0,0.09101062758302629,TXN000353,AC15919,CUS47077,M591,DVC_3037,Dubai,POS Debit,Electronics,0,0
107.82426071534329,15555.275131551674,1.0,186.23076073431778,0.006931238988994936,0.0,0.0,0.0347137407084092,TXN000354,AC34793,CUS34268,M949,DVC_3185,Dubai,ATM Withdrawal,Travel,0,0
56.69146576325717,5457.945281686619,1.0,199.66972999200541,0.010385058438567374,0.0,0.0,0.11528303956665495,TXN000355,AC78346,CUS48301,M452,DVC_8505,Sydney,Wire Transfer,Travel,0,0
29.597308676537192,1389.3733422602343,2.0,25.56435393383696,0.02128731023310824,0.0,0.0,0.2053945163806349,TXN000356,AC46183,CUS50852,M704,DVC_2179,Moscow,ATM Withdrawal,Electronics,0,0
192.90660541546953,9791.469784809851,2.0,2.1745275532181707,0.019699484364476428,0.0,0.0,0.21081700033255568,TXN000357,AC97872,CUS15848,M194,DVC_5702,Singapore,ACH Transfer,Gas Station,0,0
337.360321355788,103689.2759311873,2.0,188.37215588314353,0.0032535386594946744,0.0,0.0,0.3605934963048442,TXN000358,AC64585,CUS51304,M123,DVC_7935,Singapore,POS Debit,Gas Station,0,0
5756.000487711085,9422.591487863629,4.0,2.7384332127799107,0.6108075137938728,1.0,1.0,0.6231417008962326,TXN000359,AC11716,CUS12541,M479,DVC_3744,Chicago,ATM Withdrawal,Gas Station,1,1
46.45932229587288,6666.895309264393,2.0,234.13777681602298,0.006967614238232289,0.0,0.0,0.17334891667502736,TXN000360,AC99817,CUS97720,M495,DVC_3260,Tokyo,POS Debit,Electronics,0,0
74.42296118971811,8320.019502811982,1.0,71.5547371780984,0.008943971488658069,0.0,0.0,0.06268306380204004,TXN000361,AC10289,CUS69266,M503,DVC_7120,Singapore,Online Purchase,Gas Station,0,0
8.28890026627062,22911.12626266096,2.0,249.88220295198656,0.00036176914229818697,0.0,0.0,0.07027428667732971,TXN000362,AC14697,CUS43916,M747,DVC_4498,Dubai,Online Purchase,Retail,0,0
409.2416450851043,8701.408624316127,2.0,15.692771205957262,0.04702625017418833,0.0,0.0,0.15186177016958569,TXN000363,AC58099,CUS56315,M945,DVC_4413,Moscow,ACH Transfer,Gas Station,0,0
718.6384516713061,224.6910869825804,8.0,34.18254833175566,3.184168507845297,0.0,0.0,0.8941684230181525,TXN000364,AC73041,CUS51616,M232,DVC_6478,Sydney,ACH Transfer,Electronics,1,1
9.584546466450886,41944.595062227716,1.0,40.79701444663961,0.00022849947538548175,0.0,0.0,0.25240613477656937,TXN000365,AC76145,CUS80248,M153,DVC_6798,Moscow,Online Purchase,Gas Station,0,0
635.4533331711466,140956.25660169902,2.0,30.317242098436722,0.004508127843086067,0.0,0.0,0.032876372285251046,TXN000366,AC12353,CUS90215,M391,DVC_9097,Singapore,ATM Withdrawal,Retail,0,0
133.2614314043334,1040.5736657593243,1.0,187.42633831061337,0.12794239695680443,0.0,0.0,0.18809305958008218,TXN000367,AC26919,CUS27159,M211,DVC_1205,Moscow,Wire Transfer,Electronics,0,0
2865.5096157985163,817.1347645861722,6.0,5.399707537584187,3.5024909585011272,1.0,1.0,0.8831856823636295,TXN000368,AC95211,CUS25880,M521,DVC_6380,Dubai,Wire Transfer,Travel,1,1
73.14653281794605,36415.044567285746,1.0,26.321138521181187,0.0020086347566604487,0.0,0.0,0.21878187700365423,TXN000369,AC30141,CUS42270,M230,DVC_2809,Paris,Online Purchase,Electronics,0,0
90665.99160134824,1686.335046917471,7.0,24.0261207832909,5.0,1.0,1.0,0.8154518309385868,TXN000370,AC84484,CUS48975,M519,DVC_9939,Paris,Wire Transfer,Restaurant,1,1
53.378943691770544,1703.244436863977,1.0,322.49117224338005,0.03132117819319069,0.0,0.0,0.3277384423947538,TXN000371,AC82693,CUS20199,M377,DVC_7942,Singapore,ATM Withdrawal,Travel,0,0
65.92673086117861,6594.778979963558,1.0,89.42396065901534,0.009995291088656651,0.0,0.0,0.41648493211936566,TXN000372,AC13849,CUS55557,M875,DVC_3296,Paris,Wire Transfer,Travel,0,0
674.0073237099193,4872.276599599221,2.0,374.6066268499789,0.1383068065057809,0.0,0.0,0.2947641624678316,TXN000373,AC50837,CUS69003,M993,DVC_5928,Paris,Wire Transfer,Electronics,0,0
246.84787563818333,71424.14971328105,2.0,1.2872953220197325,0.003456035816922951,0.0,1.0,0.32265581033946805,TXN000374,AC96750,CUS49946,M689,DVC_6149,Lagos,Online Purchase,Restaurant,0,0
378.40225027469774,1006.9357751362691,1.0,112.90327236726095,0.3754229779407713,0.0,0.0,0.13201114154144852,TXN000375,AC54851,CUS18798,M874,DVC_4998,Sydney,POS Debit,Travel,0,0
781.4323012993997,10578.989171502704,2.0,107.2472430236814,0.0738594613503192,0.0,0.0,0.09769006208508876,TXN000376,AC47098,CUS38279,M167,DVC_6934,Paris,POS Debit,Gas Station,0,0
2093.8993738735558,273.0526651909458,7.0,24.472837017629075,5.0,0.0,0.0,0.9189593141683989,TXN000377,AC41033,CUS70716,M673,DVC_1938,Sydney,ATM Withdrawal,Restaurant,1,1
40.37825734759291,40044.9538607301,2.0,37.760955791419676,0.0010082980539811456,0.0,0.0,0.27566238812226485,TXN000378,AC45763,CUS51964,M502,DVC_6250,Paris,POS Debit,Restaurant,0,0
426.8332645712831,1830.7024137476233,1.0,43.39443822326062,0.23302544199742115,0.0,0.0,0.07892253634976898,TXN000379,AC88860,CUS77148,M974,DVC_5555,Dubai,ACH Transfer,Electronics,0,0
25.84488961110691,1034.1154247329741,1.0,81.15816479463784,0.024968123354720605,0.0,0.0,0.21546573227381532,TXN000380,AC21900,CUS53322,M274,DVC_7538,Moscow,Online Purchase,Electronics,0,0
36.04363420383454,7393.721646832655,1.0,95.51245518071366,0.004874238128932539,0.0,0.0,0.046085090275639375,TXN000381,AC33354,CUS69531,M379,DVC_8695,Tokyo,POS Debit,Electronics,0,0
52.0125217301724,224.64995805328275,1.0,9.011883635725274,0.2305009146861471,0.0,0.0,0.17486182745280415,TXN000382,AC12214,CUS36196,M563,DVC_7556,Dubai,Wire Transfer,Restaurant,0,0
58.456192353536224,7813.831794368049,2.0,347.93598784185764,0.007480160020291687,0.0,0.0,0.2028878691943516,TXN000383,AC22340,CUS79847,M489,DVC_3164,Paris,POS Debit,Retail,0,0
40.37565875621842,26249.034783672203,1.0,168.99401386117086,0.0015381182954215553,0.0,0.0,0.2011607680455165,TXN000384,AC26659,CUS96385,M847,DVC_6268,Chicago,Online Purchase,Electronics,0,0
16.301406901441307,37506.63348217463,1.0,312.1004185481541,0.0004346157138703111,0.0,0.0,0.24426832847103847,TXN000385,AC24687,CUS68315,M235,DVC_7252,New York,Wire Transfer,Retail,0,0
1148.93124425004,17434.183602253997,2.0,30.522424040466248,0.06589728393233024,0.0,0.0,0.1997517656958967,TXN000386,AC16553,CUS74804,M508,DVC_7121,Chicago,Wire Transfer,Travel,0,0
20.967500938888858,8148.128172511607,1.0,133.13190542536088,0.0025729747397538545,0.0,0.0,0.36402597122891484,TXN000387,AC83874,CUS28672,M323,DVC_3873,New York,Online Purchase,Gas Station,0,0
263.5219245040344,32815.14353126131,6.0,1.8286463188878161,0.008030252678929144,1.0,1.0,0.6877816234523012,TXN000388,AC27235,CUS36134,M700,DVC_2450,Tokyo,ATM Withdrawal,Gas Station,1,1
4.321726489241096,3316.60715207059,2.0,83.4466912104348,0.0013026637245292327,0.0,0.0,0.039892078563215715,TXN000389,AC96443,CUS77904,M718,DVC_6105,Lagos,ATM Withdrawal,Retail,0,0
16656.301476968405,6387.8859315953,8.0,38.97383798735142,2.6070744814204785,1.0,1.0,0.7768192354549165,TXN000390,AC84215,CUS94012,M652,DVC_6636,Paris,Online Purchase,Restaurant,1,1
203.414941485606,22905.985885685146,2.0,13.56947575142588,0.008880039587081705,0.0,1.0,0.09936763943792787,TXN000391,AC54143,CUS34137,M797,DVC_2203,Sydney,Online Purchase,Gas Station,0,0
23.399942711291246,663.2162538130001,1.0,15.059243492564082,0.03522940394331142,0.0,0.0,0.079505250308896,TXN000392,AC84311,CUS22901,M287,DVC_8052,New York,Online Purchase,Retail,0,0
27.720982536755987,1784.9897892436327,1.0,119.50135371034612,0.01552135555517136,0.0,0.0,0.41852877175579395,TXN000393,AC98719,CUS83647,M977,DVC_5491,Singapore,Wire Transfer,Electronics,0,0
8795.782122887875,2709.018021676117,8.0,2.3198363855572754,3.2456544762930317,1.0,0.0,0.7179435786013033,TXN000394,AC39287,CUS10283,M486,DVC_4024,Moscow,Wire Transfer,Retail,1,1
150.59284441565265,11664.706457116661,1.0,1.540625067309465,0.012909020552611585,0.0,0.0,0.07777342516720369,TXN000395,AC79846,CUS24208,M108,DVC_7144,New York,Online Purchase,Travel,0,0
12.266192241336162,126049.54243404455,1.0,101.46201580504614,9.731169739118258e-05,0.0,0.0,0.027146131710919973,TXN000396,AC90863,CUS52994,M279,DVC_3055,Moscow,Wire Transfer,Retail,0,0
193.73209797865547,1903.601304857775,1.0,105.05612655922297,0.10171792778075531,0.0,0.0,0.06793656908426213,TXN000397,AC34140,CUS70999,M797,DVC_3191,London,ACH Transfer,Electronics,0,0
79.52996719483299,46363.03987148933,1.0,172.12849487841154,0.001715337304843843,1.0,0.0,0.12966686478383432,TXN000398,AC40657,CUS56291,M543,DVC_8832,Chicago,Online Purchase,Retail,0,0
201.0607414339973,1562.5059796054695,1.0,18.059762447141747,0.12859608089553476,0.0,0.0,0.08209953478563344,TXN000399,AC69494,CUS51631,M693,DVC_5728,Paris,Wire Transfer,Electronics,0,0
9989.205200234135,2626.3010762420645,9.0,11.498555937742946,3.802078600950486,1.0,1.0,0.8618490191410743,TXN000400,AC24746,CUS94054,M788,DVC_6690,Chicago,ATM Withdrawal,Electronics,1,1
8602.129108769173,14974.55663609577,7.0,63.903291652429274,0.5744113102303894,1.0,1.0,0.681212721027546,TXN000401,AC81427,CUS66326,M705,DVC_5824,London,Online Purchase,Travel,1,1
317.1780405672096,5803.913177618142,2.0,9.29189411957158,0.05463958389423377,0.0,0.0,0.026333091448934805,TXN000402,AC98114,CUS77018,M545,DVC_4011,New York,Online Purchase,Travel,0,0
2861.509893112847,168.62985386393552,7.0,4.8164243733254555,5.0,1.0,1.0,0.8274716521368992,TXN000403,AC59494,CUS32710,M215,DVC_8619,Dubai,Online Purchase,Gas Station,1,1
26079.60981799604,3912.6660808651764,6.0,74.80972097669492,5.0,0.0,0.0,0.8619981019395248,TXN000404,AC17745,CUS49309,M771,DVC_9435,London,POS Debit,Electronics,1,1
660.1230682329574,466.9577883720343,9.0,4.349642258244782,1.4106466109463456,0.0,0.0,0.9306110319113307,TXN000405,AC11423,CUS42781,M344,DVC_9331,Sydney,Online Purchase,Electronics,1,1
96.52967385219549,49026.60724114627,2.0,246.2676009960275,0.001968884048887119,0.0,0.0,0.22781368677708339,TXN000406,AC57305,CUS16243,M382,DVC_3448,Singapore,ATM Withdrawal,Electronics,0,0
23376.40413397977,5510.994656520468,8.0,2.730355411498129,4.2410063127195565,1.0,1.0,0.5494505217121353,TXN000407,AC22059,CUS59907,M312,DVC_1724,Sydney,Wire Transfer,Gas Station,1,1
84.00341422556093,15315.04422250375,2.0,71.7214120180247,0.005484667777475815,0.0,0.0,0.22627387691561757,TXN000408,AC34721,CUS18360,M763,DVC_1103,Dubai,Online Purchase,Restaurant,0,0
242.37827335048462,17150.732886891587,2.0,154.88003359653231,0.014131416046930457,0.0,0.0,0.15536798988762063,TXN000409,AC89787,CUS25706,M777,DVC_5047,Chicago,ACH Transfer,Travel,0,0
41191.04959796459,244.60628844843808,4.0,6.798372836506873,5.0,1.0,1.0,0.6645078209749736,TXN000410,AC82183,CUS80360,M550,DVC_1062,Lagos,Wire Transfer,Travel,1,1
104.35992776963614,35580.917891838144,1.0,367.2315033874782,0.0029329483612117054,0.0,0.0,0.03759968095961862,TXN000411,AC44679,CUS59391,M754,DVC_3062,Lagos,ATM Withdrawal,Electronics,0,0
43.40669168393583,13066.167138696655,2.0,317.8509457156942,0.0033218134598885446,0.0,0.0,0.31693797716786326,TXN000412,AC73638,CUS45055,M124,DVC_4565,Moscow,POS Debit,Gas Station,0,0
494.48835681492784,2978.6229424033063,1.0,11.122580042685493,0.16595668860573448,0.0,0.0,0.13317911918948802,TXN000413,AC38277,CUS25068,M811,DVC_7584,Tokyo,ATM Withdrawal,Electronics,0,0
9.584584815688427,2281.498726335408,2.0,151.32103791983752,0.00419916327010471,0.0,0.0,0.19201767111412296,TXN000414,AC76875,CUS98398,M332,DVC_7668,Moscow,POS Debit,Travel,0,0
98.38749734699697,5168.008579534372,2.0,369.83757101755185,0.019034113763428843,0.0,0.0,0.134382675657764,TXN000415,AC24764,CUS23877,M615,DVC_5822,Sydney,Wire Transfer,Gas Station,0,0
13502.762325095993,139.17272673644538,6.0,24.707174193910294,5.0,1.0,0.0,0.9364828454571249,TXN000416,AC81982,CUS26826,M387,DVC_5833,Paris,POS Debit,Retail,1,1
173.3896020787047,17377.17008913109,1.0,37.914843891676206,0.009977437278459404,0.0,0.0,0.2606560651096085,TXN000417,AC26881,CUS51684,M784,DVC_4646,Singapore,Wire Transfer,Travel,0,0
747.5123644618817,47569.13591803065,4.0,16.11553379180759,0.01571390011897254,1.0,0.0,0.4585245713577003,TXN000418,AC86676,CUS27291,M283,DVC_1129,Paris,ATM Withdrawal,Retail,1,1
133.89504926759858,14944.210858137178,1.0,288.3621701797593,0.008959060567198161,0.0,0.0,0.20779105672194728,TXN000419,AC59942,CUS36993,M350,DVC_4015,Dubai,ATM Withdrawal,Restaurant,0,0
9.821506925359083,5440.31998869218,2.0,72.90646724382403,0.0018049860963460227,0.0,0.0,0.23387973839947035,TXN000420,AC18201,CUS68487,M390,DVC_8669,Singapore,POS Debit,Retail,0,0
72.89169538917476,65497.803512604994,2.0,207.71680365063477,0.0011128706400743188,0.0,0.0,0.18732796243566496,TXN000421,AC34568,CUS34650,M897,DVC_6290,New York,ACH Transfer,Gas Station,0,0
48.74200520901508,4524.303118106724,1.0,580.7884829445209,0.010770992337284038,0.0,0.0,0.31518473165265465,TXN000422,AC41330,CUS12470,M458,DVC_1926,Tokyo,ATM Withdrawal,Retail,0,0
241.54454188274735,11361.229113820224,2.0,8.245551868610162,0.021258552301937777,0.0,1.0,0.1847958842240894,TXN000423,AC12816,CUS75605,M723,DVC_2980,Dubai,POS Debit,Restaurant,0,0
52.25451720578608,4998.823022777656,2.0,76.58370798071405,0.010451273368623363,1.0,0.0,0.280585536097017,TXN000424,AC43094,CUS25170,M404,DVC_6525,Singapore,Online Purchase,Travel,0,0
1400.367571536421,3853.5757434617412,6.0,55.43263956416315,0.36330005290770867,1.0,0.0,0.5635183854143786,TXN000425,AC92802,CUS96760,M449,DVC_2819,Dubai,Wire Transfer,Restaurant,1,1
6492.4856035276825,74.42272492787274,9.0,0.8371956950584175,5.0,0.0,1.0,0.7267813394358074,TXN000426,AC28055,CUS49182,M438,DVC_6107,New York,Online Purchase,Gas Station,1,1
244.74938140007376,18512.40558342586,1.0,2.1835881266785635,0.013220116649914794,0.0,0.0,0.2027773850827644,TXN000427,AC28558,CUS55025,M578,DVC_5783,Moscow,Online Purchase,Retail,0,0
114.28985122266495,2432.2692767160256,1.0,107.91905380848956,0.04696966846879855,0.0,0.0,0.1922824742692073,TXN000428,AC15235,CUS67475,M564,DVC_3895,Singapore,Online Purchase,Retail,0,0
5793.34657553438,2062.887574901266,7.0,1.234257056197417,2.8070068573437323,1.0,0.0,0.8608659796334082,TXN000429,AC26161,CUS22389,M229,DVC_2756,Tokyo,POS Debit,Gas Station,1,1
12526.226077491692,1937.3248026157466,8.0,0.9997376736475666,5.0,1.0,0.0,0.45254356981571975,TXN000430,AC63418,CUS99515,M286,DVC_3327,Chicago,ATM Withdrawal,Electronics,1,1
23359.840273971568,539.7953214307626,7.0,2.3016950813950956,5.0,1.0,0.0,0.8408203527676237,TXN000431,AC24547,CUS93048,M520,DVC_4196,Paris,Online Purchase,Gas Station,1,1
2193.143462068463,3457.35837746026,5.0,7.761889251997131,0.634157372573706,0.0,1.0,0.681407152856324,TXN000432,AC40908,CUS76133,M595,DVC_4653,Sydney,POS Debit,Gas Station,1,1
37.57716193553423,13918.467537813818,1.0,28.94163970192069,0.002699612024199316,0.0,0.0,0.12392329517145827,TXN000433,AC56569,CUS48329,M640,DVC_7254,Sydney,ATM Withdrawal,Restaurant,0,0
18.649074518391867,6391.787443936841,1.0,93.92698154403753,0.002917205472876992,0.0,0.0,0.2561191570278872,TXN000434,AC64259,CUS18863,M769,DVC_5259,London,Wire Transfer,Restaurant,0,0
130.27669965815883,33248.761578466525,2.0,11.717558240161848,0.003918124325514853,0.0,0.0,0.08858745432682572,TXN000435,AC66021,CUS63882,M985,DVC_1414,Paris,ATM Withdrawal,Gas Station,0,0
252.79229572367248,38335.49378007599,1.0,130.9222095738984,0.006594037972639328,0.0,0.0,0.09350553442522204,TXN000436,AC84881,CUS96939,M334,DVC_7337,Lagos,ATM Withdrawal,Travel,0,0
279.7031879943505,24146.841508884743,8.0,14.65336315252788,0.011582947813014218,0.0,0.0,0.8858013618161308,TXN000437,AC12070,CUS48873,M377,DVC_9146,Lagos,Online Purchase,Retail,1,1
175.47139028199774,15218.808060821257,1.0,128.85295949689862,0.011529146069436657,0.0,0.0,0.09894959391031576,TXN000438,AC99266,CUS30099,M201,DVC_3870,Chicago,POS Debit,Gas Station,0,0
11037.307161568993,1326.4214262950377,9.0,33.29817442708838,5.0,1.0,0.0,0.6843295023592082,TXN000439,AC82080,CUS95257,M558,DVC_7252,Singapore,ACH Transfer,Electronics,1,1
3825.677164895965,4988.869594429948,4.0,39.64591465890399,0.7666888066907522,0.0,1.0,0.8507345103999463,TXN000440,AC43688,CUS12899,M836,DVC_1398,Lagos,Wire Transfer,Retail,1,1
375.69420568507957,10426.33096425781,2.0,226.3952089886093,0.03602975746841277,0.0,0.0,0.12842470629335573,TXN000441,AC56611,CUS61460,M886,DVC_4970,Lagos,POS Debit,Travel,0,0
275.21046794852754,75423.12714331476,2.0,31.9978243669117,0.0036488386193133542,0.0,0.0,0.22356249917663717,TXN000442,AC32856,CUS41696,M934,DVC_9320,Dubai,Online Purchase,Gas Station,0,0
58658.78490074528,257.31130326349864,5.0,17.385699190323734,5.0,1.0,1.0,0.8315328686917753,TXN000443,AC57574,CUS28847,M331,DVC_7570,Lagos,POS Debit,Travel,1,1
102.00698840810426,13110.629454282782,1.0,142.42270849584003,0.007779886456048733,0.0,0.0,0.11031250034219305,TXN000444,AC27827,CUS97394,M953,DVC_2050,Tokyo,ACH Transfer,Retail,0,0
46.06428381937104,23962.379112472587,1.0,33.23371086008641,0.0019222783065429724,0.0,0.0,0.24599432402798652,TXN000445,AC22699,CUS54492,M373,DVC_3952,Singapore,Wire Transfer,Electronics,0,0
40.11744394850924,1846.956239176209,1.0,619.82202733634,0.021709087638564963,0.0,1.0,0.2126195609471406,TXN000446,AC93695,CUS45516,M464,DVC_1343,London,ATM Withdrawal,Retail,0,0
259.51115152086817,70468.24830541466,1.0,51.41328931316873,0.003682615577168404,0.0,0.0,0.2758225396217956,TXN000447,AC83756,CUS48272,M577,DVC_1603,Sydney,Wire Transfer,Retail,0,0
86.54773191068216,7043.917177374272,2.0,277.8308547669425,0.012285131213272769,0.0,0.0,0.2291970004392026,TXN000448,AC28676,CUS86318,M567,DVC_8036,Lagos,ACH Transfer,Gas Station,0,0
25230.528623719125,868.1980158774999,8.0,39.674865319191646,5.0,1.0,1.0,0.9550858328995999,TXN000449,AC13703,CUS23586,M724,DVC_5828,New York,Wire Transfer,Retail,1,1
34.59557187684328,1448.759446782701,1.0,233.162873243673,0.02386297392551406,0.0,0.0,0.35937433380131006,TXN000450,AC43593,CUS21222,M750,DVC_6932,Chicago,Wire Transfer,Gas Station,0,0
30.61405269723171,1003.1464524899814,2.0,265.7754269545881,0.030487637158223346,0.0,0.0,0.08940492944376507,TXN000451,AC91547,CUS66225,M827,DVC_5251,Chicago,Online Purchase,Gas Station,0,0
37.47072801671734,12643.054825214524,2.0,217.6274919447295,0.0029635056581686085,0.0,0.0,0.0886912675768321,TXN000452,AC34714,CUS36287,M925,DVC_7583,Sydney,ATM Withdrawal,Travel,0,0
739.3363935431266,19121.82184341465,1.0,72.45421817796746,0.0386625153754561,1.0,1.0,0.2308044962843285,TXN000453,AC96372,CUS57919,M373,DVC_3148,Paris,ACH Transfer,Electronics,0,0
114.83629873988369,5669.3760440875585,1.0,15.376959788503346,0.02025197232899964,0.0,0.0,0.14949954425572462,TXN000454,AC93082,CUS88267,M427,DVC_7044,London,Online Purchase,Gas Station,0,0
35.39674882749787,123883.0040954042,1.0,90.55396862722044,0.00028572493346468294,0.0,0.0,0.08985862185005017,TXN000455,AC45301,CUS67515,M960,DVC_1747,Lagos,Wire Transfer,Restaurant,0,0
125.46526648566449,412994.53381671396,1.0,246.06386534337827,0.0003037932767121534,0.0,0.0,0.4481665878944514,TXN000456,AC48380,CUS39601,M283,DVC_9691,Sydney,Wire Transfer,Travel,0,0
215.06062146323174,115.78865652073596,1.0,80.90831370422816,1.8414512836274257,0.0,0.0,0.17697555382307695,TXN000457,AC19551,CUS29785,M923,DVC_4356,Singapore,POS Debit,Gas Station,0,0
85.84418197340106,23601.558885251176,2.0,112.84803848408446,0.0036370709799200453,0.0,0.0,0.07652017219133858,TXN000458,AC28609,CUS66907,M293,DVC_6188,Dubai,Online Purchase,Gas Station,0,0
64.2762311742152,12461.931313987005,2.0,18.323797289627734,0.005157392715634942,0.0,0.0,0.1711897499123042,TXN000459,AC79208,CUS94336,M890,DVC_6898,Sydney,ACH Transfer,Travel,0,0
88.01871763557314,36014.28928483809,2.0,176.7868385034642,0.002443926437448546,0.0,0.0,0.08706988174711516,TXN000460,AC12160,CUS90765,M371,DVC_1385,London,ACH Transfer,Retail,0,0
55647.95567908944,39572.99073650833,6.0,12.740415790367912,1.4061749811790487,1.0,1.0,0.9357884677939384,TXN000461,AC67626,CUS76257,M399,DVC_5233,Dubai,ACH Transfer,Gas Station,1,1
18.98789484026437,1035.2366284651075,2.0,59.02695146426301,0.018323898536948637,0.0,0.0,0.17409842687371715,TXN000462,AC11797,CUS20520,M683,DVC_7246,Paris,ACH Transfer,Electronics,0,0
7915.601856271385,63.41255544476562,7.0,6.249493833098338,5.0,0.0,1.0,0.7590346538386318,TXN000463,AC21171,CUS42432,M295,DVC_2735,Dubai,Wire Transfer,Gas Station,1,1
35.82489066802786,142504.46773270672,1.0,130.64987098002848,0.0002513930955633474,0.0,0.0,0.29233064415400334,TXN000464,AC57958,CUS35654,M881,DVC_3557,Lagos,Wire Transfer,Travel,0,0
83.14955571494481,114.86302573570181,2.0,66.96931207330792,0.7176539296032148,0.0,0.0,0.11069015086474235,TXN000465,AC33453,CUS86693,M430,DVC_5822,Moscow,Online Purchase,Restaurant,0,0
85.00808525635428,37815.69076117121,1.0,2.6678193475671548,0.0022478985745531563,0.0,1.0,0.1897536451078008,TXN000466,AC83429,CUS21741,M851,DVC_2178,Sydney,ATM Withdrawal,Travel,0,0
39.19340471939946,69358.92917950358,2.0,22.1571729155735,0.0005650727326720141,0.0,0.0,0.3112025321357977,TXN000467,AC30792,CUS18604,M585,DVC_1879,Dubai,ACH Transfer,Travel,0,0
13.308561098477869,53575.645011438595,2.0,247.86876113069698,0.00024840228602661656,0.0,0.0,0.21521219942770878,TXN000468,AC11930,CUS13687,M719,DVC_2505,Sydney,Wire Transfer,Electronics,0,0
464.1691907190757,3371.36640978981,1.0,66.48065087679082,0.13763901495745418,0.0,0.0,0.12408410553905948,TXN000469,AC25705,CUS43794,M598,DVC_6328,New York,Online Purchase,Retail,0,0
1086.0614114051791,160705.68913484827,1.0,8.826759660068884,0.006758034884869477,1.0,0.0,0.3117310154265622,TXN000470,AC94438,CUS29219,M499,DVC_2006,Moscow,ACH Transfer,Electronics,0,0
431.2010991260646,14065.410965094943,1.0,15.007363656488904,0.030654663808420454,0.0,0.0,0.09338451036219295,TXN000471,AC72594,CUS81331,M496,DVC_6297,Lagos,ATM Withdrawal,Electronics,0,0
383.76848868009563,23525.11030882124,1.0,31.463341338593168,0.01631244959929477,1.0,0.0,0.18485828140006677,TXN000472,AC10047,CUS43357,M903,DVC_4657,Sydney,ACH Transfer,Gas Station,0,0
69.05083630752999,29509.106415610528,1.0,113.45386321778076,0.002339904686721253,0.0,0.0,0.07380846088577112,TXN000473,AC10133,CUS20769,M911,DVC_6109,New York,POS Debit,Restaurant,0,0
548.7285567007677,428.68784646643263,7.0,37.00490400202663,1.2770399749801502,1.0,1.0,0.8191745016554358,TXN000474,AC57622,CUS29552,M199,DVC_1272,New York,ACH Transfer,Travel,1,1
167.1893598299406,476.05150961600697,2.0,128.47215251140804,0.3504639571615994,0.0,0.0,0.1595949999866105,TXN000475,AC97595,CUS61186,M180,DVC_3895,London,POS Debit,Electronics,0,0
18.15905630243895,20053.94826674101,2.0,39.7437370776987,0.000905465128152627,0.0,0.0,0.06706870641442524,TXN000476,AC21238,CUS64337,M881,DVC_4095,Moscow,ATM Withdrawal,Electronics,0,0
263.4980524549615,1496.551976353913,1.0,113.65907253473482,0.17595252559881075,0.0,0.0,0.09682416544113215,TXN000477,AC45132,CUS87796,M960,DVC_2606,Singapore,POS Debit,Retail,0,0
3128.45318155678,6.953115432525907,4.0,1.977404921269323,5.0,1.0,1.0,0.7426592030399307,TXN000478,AC38082,CUS64302,M116,DVC_3447,Moscow,ATM Withdrawal,Retail,1,1
50.345997001619445,29196.02475904768,2.0,144.99519172576552,0.0017243536770306723,0.0,0.0,0.14213009955148204,TXN000479,AC66305,CUS15077,M804,DVC_7496,London,Online Purchase,Restaurant,0,0
218.98192989213592,6205.0774925862725,1.0,56.983815212595516,0.03528507824043929,0.0,0.0,0.46802912314736217,TXN000480,AC63246,CUS27160,M311,DVC_2324,Chicago,POS Debit,Travel,0,0
283.7355890887593,51216.76385320359,1.0,256.30090913320254,0.0055397886932740835,0.0,0.0,0.14034407645115748,TXN000481,AC61689,CUS34723,M964,DVC_4902,Moscow,ACH Transfer,Electronics,0,0
65.36697783787484,32156.57702979398,2.0,287.97751052173874,0.002032708427544537,0.0,0.0,0.21058817369448696,TXN000482,AC50764,CUS26019,M225,DVC_8210,Lagos,ACH Transfer,Gas Station,0,0
271.2591729174973,503.8284850121306,1.0,181.98028567074562,0.5373293721945567,0.0,0.0,0.321044783531472,TXN000483,AC32368,CUS51006,M921,DVC_4122,Moscow,Online Purchase,Retail,0,0
17.352188356250032,2507.3827555449793,2.0,31.018037749480058,0.006917679655503787,0.0,0.0,0.36878992397838317,TXN000484,AC45239,CUS68611,M737,DVC_5866,London,Wire Transfer,Electronics,0,0
45.844487612047544,12176.254312259969,1.0,459.46232894119413,0.0037647639144640067,0.0,0.0,0.3085421639968174,TXN000485,AC77970,CUS91152,M229,DVC_2729,Paris,ATM Withdrawal,Gas Station,0,0
29.89280046320466,388.1097615976898,2.0,43.69825890145514,0.07682356860044948,0.0,0.0,0.3405893172975218,TXN000486,AC79871,CUS27885,M756,DVC_6354,Chicago,Wire Transfer,Electronics,0,0
865.6001500607917,675792.6910602979,2.0,11.943826191778543,0.0012808645027488994,0.0,0.0,0.027638878304466975,TXN000487,AC91559,CUS68962,M867,DVC_5585,Moscow,Wire Transfer,Restaurant,0,0
141.55017531254614,3347.913256809681,2.0,7.238376703510984,0.042267495291112116,0.0,0.0,0.16121644394114132,TXN000488,AC95442,CUS77200,M634,DVC_3722,Tokyo,Online Purchase,Restaurant,0,0
311.7804336189272,6276.781510776668,2.0,183.1504214309503,0.04966411033638452,0.0,0.0,0.11708185477672158,TXN000489,AC94225,CUS16596,M313,DVC_5676,Sydney,Online Purchase,Gas Station,0,0
31.031703847515402,813.1772944807425,1.0,28.27040400813603,0.03811418478245144,0.0,0.0,0.06817867876209785,TXN000490,AC97207,CUS22232,M228,DVC_3894,Paris,POS Debit,Retail,0,0
9166.197288509491,54847.537082674266,2.0,197.70534141991007,0.16711835494706273,0.0,0.0,0.29551689533025105,TXN000491,AC56270,CUS53963,M623,DVC_8648,Lagos,POS Debit,Restaurant,0,0
15556.036341185998,6186.189237138994,6.0,7.055324627045093,2.514233159026381,0.0,0.0,0.735832615028729,TXN000492,AC97601,CUS28406,M752,DVC_2961,Dubai,POS Debit,Retail,1,1
781.0298878590478,13705.538834215411,1.0,34.908681599767924,0.05698228395263256,0.0,0.0,0.056500677762647215,TXN000493,AC82979,CUS83937,M561,DVC_7568,Chicago,POS Debit,Gas Station,0,0
274.0767437082125,550.2321726243559,2.0,111.69529473883738,0.49720745145074385,0.0,0.0,0.14000908514225852,TXN000494,AC54014,CUS99211,M879,DVC_5862,Paris,POS Debit,Gas Station,0,0
300.137132176777,8577.577012904512,2.0,76.36325961924902,0.03498682027628698,0.0,0.0,0.1537271073577861,TXN000495,AC74880,CUS56104,M156,DVC_3675,New York,ACH Transfer,Electronics,0,0
321.26036137562966,3534.634840275385,2.0,97.23274897901706,0.09086355799984344,0.0,0.0,0.10919768656492745,TXN000496,AC25665,CUS19379,M697,DVC_2939,Singapore,Online Purchase,Gas Station,0,0
90.75465925428142,28209.813117114456,1.0,50.17350841853715,0.0032170167828031843,0.0,0.0,0.060459096254150274,TXN000497,AC50542,CUS34414,M373,DVC_1013,London,ATM Withdrawal,Electronics,0,0
75.07383227349196,8506.709805950673,1.0,71.7983144437007,0.008824211683969517,0.0,0.0,0.3286716681009862,TXN000498,AC96769,CUS13053,M714,DVC_1745,Moscow,ATM Withdrawal,Retail,0,0
3626.785665119331,626.1344819170339,7.0,11.55305449594615,5.0,1.0,1.0,0.887279518041851,TXN000499,AC46968,CUS55530,M438,DVC_9162,Sydney,ATM Withdrawal,Electronics,1,1
363.50625429390345,11976.041543628879,2.0,130.15441861026218,0.030350254106555105,0.0,0.0,0.19702490117791435,TXN000500,AC33481,CUS31238,M961,DVC_5570,Chicago,ATM Withdrawal,Retail,0,0
326.4765421818453,10874.73174510496,2.0,25.477662078756996,0.03001881159203734,0.0,1.0,0.44694608634373656,TXN000501,AC80558,CUS29338,M242,DVC_8709,Singapore,ATM Withdrawal,Restaurant,0,0
361.3088194574371,36945.33080293918,2.0,24.976345543414613,0.009779288270452394,0.0,0.0,0.09557524539005739,TXN000502,AC62644,CUS74009,M522,DVC_3946,London,ACH Transfer,Retail,0,0
113.55733841603144,21874.519650221737,2.0,74.15799533691882,0.005191069297175777,0.0,0.0,0.1151241900617622,TXN000503,AC56954,CUS18455,M433,DVC_4182,London,Online Purchase,Travel,0,0
7.038007684999362,1333.015191937756,1.0,180.5432607391567,0.005275807747568552,0.0,1.0,0.12241668458835459,TXN000504,AC19145,CUS52088,M940,DVC_4486,Moscow,POS Debit,Electronics,0,0
26.330680820732304,1953.6955144391065,1.0,543.5706120469255,0.0134704769240174,0.0,0.0,0.11462311951531903,TXN000505,AC60494,CUS95211,M787,DVC_7564,Chicago,POS Debit,Restaurant,0,0
156.32959572140444,19521.05099723614,2.0,352.88252926560256,0.008007846908275008,0.0,0.0,0.24075405919591863,TXN000506,AC70835,CUS67750,M232,DVC_5506,Moscow,POS Debit,Retail,0,0
46.4015260111543,48055.022249883965,2.0,92.91788997036483,0.0009655715108893838,0.0,0.0,0.2480263297136156,TXN000507,AC75506,CUS35805,M955,DVC_5078,Paris,Online Purchase,Gas Station,0,0
21.31997254487693,1580.5852107356761,2.0,52.591896276932246,0.013480128923916732,0.0,0.0,0.2754904491466034,TXN000508,AC53064,CUS56295,M363,DVC_2907,Sydney,Online Purchase,Electronics,0,0
1061.5109067403905,1388.1677556290724,1.0,163.5325226428457,0.7641344268458741,0.0,0.0,0.3646257484202708,TXN000509,AC32954,CUS61263,M246,DVC_4991,Lagos,ACH Transfer,Retail,0,0
5152.208740386922,12554.874345439837,9.0,7.072577108897814,0.4103424897891042,1.0,0.0,0.7099429447138126,TXN000510,AC49051,CUS66109,M535,DVC_2647,Lagos,ACH Transfer,Restaurant,1,1
117.87463811825165,7360.501542605338,1.0,21.551579321487257,0.01601230909700172,0.0,0.0,0.12566032581269038,TXN000511,AC96167,CUS96053,M111,DVC_5776,New York,POS Debit,Gas Station,0,0
319.66327331558165,19676.163896106777,2.0,82.27374971232504,0.0162453936453123,0.0,0.0,0.38444966896438404,TXN000512,AC16574,CUS80391,M939,DVC_3663,Chicago,Online Purchase,Electronics,0,0
135.653951789982,2552.9527277169905,1.0,123.53582034381235,0.05311529470290733,0.0,0.0,0.06985726225537282,TXN000513,AC42381,CUS31144,M154,DVC_9127,Chicago,POS Debit,Restaurant,0,0
41.50675954078265,5919.630264643649,1.0,338.89615996943905,0.007010530582976855,0.0,0.0,0.02531027047942452,TXN000514,AC36039,CUS57077,M329,DVC_2882,London,ACH Transfer,Gas Station,0,0
66.76351525614126,2070.3539759764244,2.0,165.57796635505818,0.032231823256896164,0.0,0.0,0.2621769982997656,TXN000515,AC15331,CUS40037,M221,DVC_1328,Singapore,POS Debit,Travel,0,0
50.124319537614774,4963.943082585837,1.0,63.74250525750273,0.010095648369751114,0.0,0.0,0.14168873894187076,TXN000516,AC40412,CUS31249,M960,DVC_5367,Paris,ACH Transfer,Gas Station,0,0
14724.88073317667,466.52741017369584,8.0,27.904435585095726,5.0,1.0,0.0,0.7438858093254967,TXN000517,AC93857,CUS83239,M332,DVC_5717,Dubai,Wire Transfer,Electronics,1,1
45.2209283048562,7216.81091053249,2.0,35.976249930063624,0.006265186060619598,0.0,0.0,0.21109540171592475,TXN000518,AC27458,CUS41076,M261,DVC_6600,Tokyo,ATM Withdrawal,Travel,0,0
8780.273919409863,56.9185673197986,9.0,14.45594092065342,5.0,1.0,0.0,0.6744563438345541,TXN000519,AC24058,CUS80210,M693,DVC_3166,Dubai,Wire Transfer,Retail,1,1
149.73592661145645,10705.713721905817,1.0,22.677212954389574,0.013985236786998275,0.0,0.0,0.24434321658530828,TXN000520,AC45341,CUS62984,M658,DVC_1381,Moscow,POS Debit,Travel,0,0
34.86315892532723,49040.05168809651,2.0,103.2517598455146,0.0007108974568298133,0.0,0.0,0.2192899493258397,TXN000521,AC45165,CUS47098,M975,DVC_5144,Sydney,POS Debit,Travel,0,0
66.56329747963017,1948.674649976192,2.0,265.9637955836428,0.03414072059686624,0.0,0.0,0.23536973232976707,TXN000522,AC68425,CUS61293,M902,DVC_4881,London,Online Purchase,Travel,0,0
103.99624139486268,31987.01804388027,1.0,43.875373400181175,0.003251099872839997,0.0,0.0,0.0448432163842299,TXN000523,AC10418,CUS78444,M599,DVC_9108,Tokyo,ATM Withdrawal,Gas Station,0,0
754.9880459944102,51294.2153440458,1.0,592.1072317792931,0.014718488672492668,0.0,0.0,0.42090952879080357,TXN000524,AC92559,CUS70230,M771,DVC_7747,Paris,ACH Transfer,Travel,0,0
54.31598806021127,1541.574739984687,1.0,243.99773900270526,0.035211252104874,0.0,0.0,0.2581665416529249,TXN000525,AC61236,CUS16332,M278,DVC_3199,Chicago,POS Debit,Travel,0,0
20.67822479657145,19160.700885269784,1.0,242.0355554393286,0.0010791434915084948,0.0,0.0,0.2464539221539749,TXN000526,AC47357,CUS56764,M461,DVC_4532,Moscow,ACH Transfer,Retail,0,0
33.37287936753468,19067.885520019823,2.0,85.97878834123932,0.0017501221732385745,0.0,0.0,0.17109805138388554,TXN000527,AC92278,CUS75501,M307,DVC_3729,Singapore,ACH Transfer,Travel,0,0
33.72148529708512,1655.13626441387,2.0,104.16538080932804,0.020361540304184828,0.0,0.0,0.1373159329636104,TXN000528,AC93723,CUS30495,M651,DVC_9787,Tokyo,ACH Transfer,Gas Station,0,0
223.27101332750087,463.2600980421025,1.0,6.667566867997767,0.4809179472220182,0.0,0.0,0.5234048068012883,TXN000529,AC47972,CUS60550,M825,DVC_9038,London,Wire Transfer,Restaurant,0,0
26.85082178217852,3444.2896003362434,1.0,81.74900092633976,0.007793487601030117,0.0,0.0,0.29521092296872026,TXN000530,AC50657,CUS34939,M531,DVC_4910,New York,ACH Transfer,Restaurant,0,0
272.04843881220575,5744.088409391689,1.0,357.2749479011937,0.047353220599265104,0.0,0.0,0.08894483480646369,TXN000531,AC59690,CUS68087,M555,DVC_4496,New York,Online Purchase,Gas Station,0,0
58.556483455870655,4103.294303031188,1.0,87.24525031375937,0.014267125876578664,0.0,0.0,0.34251541175564054,TXN000532,AC79975,CUS32701,M603,DVC_8502,Tokyo,Wire Transfer,Gas Station,0,0
28.317763366846016,12315.646270758076,1.0,98.5835380836641,0.002299145623275506,1.0,0.0,0.10027582948466712,TXN000533,AC66040,CUS94153,M963,DVC_4800,London,Wire Transfer,Travel,0,0
255.71953482732587,105668.32161358089,2.0,383.99305053439105,0.0024199978851237383,0.0,0.0,0.11789339208794948,TXN000534,AC36794,CUS76005,M253,DVC_9162,Paris,POS Debit,Gas Station,0,0
67.38960748806274,11668.931806134218,2.0,143.087680505977,0.005774635928261368,0.0,0.0,0.35855803534642416,TXN000535,AC19905,CUS81035,M437,DVC_3636,London,ATM Withdrawal,Travel,0,0
122.61636149343272,1067.8349332446562,2.0,40.46822125473273,0.1147196425562242,0.0,0.0,0.05769275268859953,TXN000536,AC76401,CUS67181,M392,DVC_3823,Dubai,ATM Withdrawal,Electronics,0,0
196.91801096171142,6855.021711801641,1.0,16.152838705343196,0.028721905973947807,0.0,0.0,0.13488738217700194,TXN000537,AC36926,CUS70191,M535,DVC_2492,Sydney,POS Debit,Retail,0,0
14.82371786157271,11342.642858531008,2.0,9.952085185389771,0.0013067863689330192,0.0,0.0,0.15485080806950477,TXN000538,AC56052,CUS39206,M495,DVC_4316,London,ATM Withdrawal,Retail,0,0
68.42102097376667,4332.302466011811,1.0,1.115471148133091,0.015789578851332413,0.0,0.0,0.34881436234965496,TXN000539,AC54228,CUS33056,M265,DVC_7775,Dubai,ACH Transfer,Retail,0,0
414.00005802942206,5581.467830746507,2.0,4.722713605510331,0.07416076018373768,0.0,0.0,0.2478889549199715,TXN000540,AC41046,CUS53129,M551,DVC_4902,Chicago,Online Purchase,Electronics,0,0
1486.0679541599006,479.5120330200108,6.0,25.24809678116439,3.0926758375227075,1.0,0.0,0.8639855068269112,TXN000541,AC14671,CUS14323,M883,DVC_5937,Paris,ACH Transfer,Retail,1,1
6017.259409181471,11325.998883345106,8.0,6.733744592706864,0.5312315707940146,1.0,1.0,0.6938308147148695,TXN000542,AC70971,CUS76524,M635,DVC_8417,Chicago,ATM Withdrawal,Travel,1,1
9.884332446771417,28858.393422859004,2.0,82.6673515985734,0.0003424996604031953,0.0,0.0,0.05988228579353479,TXN000543,AC60187,CUS60583,M500,DVC_5584,Chicago,ATM Withdrawal,Restaurant,0,0
16.33476320024149,3829.1753120797866,2.0,117.60376278001375,0.0042647560148811325,0.0,0.0,0.08872607904118356,TXN000544,AC34871,CUS89754,M214,DVC_7394,Paris,Online Purchase,Retail,0,0
59.66482078726859,4929.719777832461,1.0,522.0641554105109,0.012100631038800826,0.0,0.0,0.05292807283430516,TXN000545,AC76962,CUS22302,M450,DVC_9172,Paris,Wire Transfer,Retail,0,0
79.14150298081908,1140.1844501223684,2.0,145.3185577406555,0.06935031665769087,0.0,0.0,0.12392896511622484,TXN000546,AC74140,CUS88426,M359,DVC_7457,Chicago,Wire Transfer,Travel,0,0
17.182273641444084,92868.36812805479,2.0,306.60001166276834,0.0001850155114413179,0.0,1.0,0.1639730633721265,TXN000547,AC86593,CUS55107,M917,DVC_4296,Chicago,Online Purchase,Travel,0,0
33.28830009975885,14475.49908623185,1.0,133.688272847,0.002299471709387135,0.0,0.0,0.146789593098012,TXN000548,AC43460,CUS83019,M975,DVC_6784,London,Wire Transfer,Retail,0,0
63.150344739106316,11042.896582138223,2.0,123.7880708826586,0.005718121703642366,0.0,0.0,0.38411340923058584,TXN000549,AC39171,CUS29604,M325,DVC_8223,Tokyo,ATM Withdrawal,Gas Station,0,0
11.657398849167883,225972.89787860296,2.0,66.59277107203074,5.158736897759066e-05,0.0,0.0,0.19934361745531864,TXN000550,AC66745,CUS69799,M713,DVC_9164,Paris,Wire Transfer,Electronics,0,0
16.60736786804157,40372.972395958466,2.0,29.772716865475807,0.0004113384659098843,0.0,0.0,0.25081548483561733,TXN000551,AC91772,CUS96547,M585,DVC_6560,Moscow,ATM Withdrawal,Restaurant,0,0
71.58714007379247,33064.525145425774,2.0,41.30577346845862,0.0021650084115992243,0.0,0.0,0.11864389301262745,TXN000552,AC43835,CUS13440,M230,DVC_1974,Tokyo,POS Debit,Restaurant,0,0
50.067930525225464,1381.529251068342,1.0,4.962302844782822,0.03621473504921197,0.0,0.0,0.08432538412730935,TXN000553,AC76668,CUS81268,M363,DVC_7276,Tokyo,ACH Transfer,Electronics,0,0
1347.4912709720318,3304.8875697054286,9.0,27.820604070728436,0.4076034779041503,1.0,0.0,0.7985070490192921,TXN000554,AC68465,CUS94324,M623,DVC_7224,Chicago,Wire Transfer,Retail,1,1
214.18874866503796,12740.612607773224,1.0,2.37664445084169,0.01681017585908778,0.0,0.0,0.1876959351331347,TXN000555,AC17612,CUS51659,M933,DVC_7493,Lagos,POS Debit,Retail,0,0
100.09184991243296,19513.392462124688,2.0,11.023958667709788,0.005129129697821767,0.0,0.0,0.1933840250185708,TXN000556,AC19433,CUS15152,M280,DVC_2670,Tokyo,Wire Transfer,Retail,0,0
68.59496128513514,4819.185652415409,1.0,78.65273679685701,0.014230771640665335,0.0,0.0,0.1424182551515162,TXN000557,AC10946,CUS39345,M448,DVC_8118,Chicago,POS Debit,Retail,0,0
226.08740560845604,28130.189184305764,2.0,40.00644804410909,0.008036894712385247,0.0,0.0,0.17007091756222822,TXN000558,AC54107,CUS19501,M570,DVC_9184,Lagos,Online Purchase,Retail,0,0
288.11181192196955,16974.706935007696,1.0,148.46414161515438,0.016972006704935434,0.0,0.0,0.23831549485559442,TXN000559,AC11615,CUS92600,M260,DVC_6171,Chicago,POS Debit,Restaurant,0,0
114.94792726972683,11546.133220751542,8.0,9.003120010050745,0.009954672304564047,1.0,0.0,0.6461133973321498,TXN000560,AC88387,CUS36284,M213,DVC_7637,Moscow,ATM Withdrawal,Retail,1,1
1004.5002634448562,21369.80677922016,1.0,34.88284455868211,0.04700338521714487,0.0,0.0,0.23738676090020028,TXN000561,AC83790,CUS31206,M117,DVC_5805,Paris,Online Purchase,Travel,0,0
13001.98286428581,152010.117128257,8.0,19.47390864716558,0.08553310514332706,0.0,1.0,0.9604974157601195,TXN000562,AC97635,CUS46668,M203,DVC_7761,Paris,Online Purchase,Gas Station,1,1
113.86508767384939,7087.931079337147,2.0,219.46662313225937,0.01606237758549296,0.0,0.0,0.33502095390999115,TXN000563,AC65221,CUS57870,M285,DVC_3803,Tokyo,ATM Withdrawal,Retail,0,0
105.66239787552007,1511.2324779077796,1.0,22.436256698393105,0.06987179512352973,0.0,0.0,0.20951932661368688,TXN000564,AC43161,CUS47132,M441,DVC_4816,New York,Wire Transfer,Travel,0,0
10.722679075210484,382.094991184514,2.0,77.5383994662121,0.027989609162094236,0.0,0.0,0.2344226858230454,TXN000565,AC42598,CUS57099,M561,DVC_6133,London,Online Purchase,Restaurant,0,0
36.22703264732414,5123.453891420487,2.0,163.79264884269753,0.007069442601088969,0.0,0.0,0.27740249358225305,TXN000566,AC99454,CUS93707,M704,DVC_5079,New York,Wire Transfer,Travel,0,0
15.151846987033801,6171.796594682401,1.0,111.30919612906433,0.0024546162755608157,0.0,0.0,0.12318575507791303,TXN000567,AC85229,CUS75416,M912,DVC_9075,Chicago,ACH Transfer,Electronics,0,0
76.61780647457218,36186.74300395809,1.0,62.28527912228793,0.002117230866434306,0.0,0.0,0.08684988802726662,TXN000568,AC90690,CUS59869,M242,DVC_9773,Lagos,POS Debit,Electronics,0,0
6.637905950066186,83967.3890411158,2.0,49.931844169614536,7.905243896981138e-05,0.0,0.0,0.25588154672113583,TXN000569,AC10388,CUS13857,M754,DVC_7262,Sydney,POS Debit,Travel,0,0
984.6473868754748,41.4342647254812,8.0,24.749312694836853,5.0,1.0,0.0,0.6529874315099304,TXN000570,AC59739,CUS99982,M912,DVC_8818,Lagos,ATM Withdrawal,Retail,1,1
70.50640578415965,6161.9375131636825,2.0,66.27878700662637,0.011440389527487825,0.0,0.0,0.169794959550845,TXN000571,AC89437,CUS44955,M711,DVC_4557,Sydney,ATM Withdrawal,Retail,0,0
71.46207163165943,6713.116713614546,2.0,39.1237198148836,0.010643555165901757,0.0,0.0,0.07902306013767774,TXN000572,AC39307,CUS62904,M552,DVC_8350,Dubai,POS Debit,Retail,0,0
282.817585664265,5989.496908863794,2.0,49.2900724721718,0.047211039412406015,0.0,1.0,0.3495559215222405,TXN000573,AC83205,CUS87967,M550,DVC_3382,Lagos,ACH Transfer,Travel,0,0
125.9597424562703,1175.271715552703,1.0,194.12217283971117,0.10708388273799878,0.0,0.0,0.022345084539418632,TXN000574,AC67623,CUS85997,M161,DVC_6681,Chicago,ATM Withdrawal,Electronics,0,0
68.86563549389965,14119.580979196622,1.0,357.2990054843968,0.004876968985579069,0.0,0.0,0.07742523229917772,TXN000575,AC98628,CUS10780,M695,DVC_1230,Chicago,ACH Transfer,Electronics,0,0
86.49823518348592,71676.14131249193,1.0,333.21967867472443,0.0012067757390934193,0.0,0.0,0.06225178001732371,TXN000576,AC70816,CUS39563,M375,DVC_7454,Lagos,ATM Withdrawal,Restaurant,0,0
108.44344801308984,76501.49875328862,1.0,199.08218923988412,0.001417515111013654,0.0,0.0,0.19274334959033945,TXN000577,AC74885,CUS26273,M778,DVC_2883,Chicago,Online Purchase,Electronics,0,0
270.3164229431576,6156.5651372666625,1.0,102.82148069448135,0.04389988849767179,0.0,0.0,0.166152523065007,TXN000578,AC55241,CUS27013,M394,DVC_7031,Chicago,Wire Transfer,Electronics,0,0
70.0221476787612,16437.384637216725,1.0,71.50323234980782,0.004259673272289183,0.0,0.0,0.29586931899777125,TXN000579,AC62137,CUS15664,M228,DVC_9876,London,POS Debit,Gas Station,0,0
12.356373387957412,15840.238961438841,2.0,33.69269951829273,0.0007800130670357047,0.0,0.0,0.08763948171863827,TXN000580,AC31014,CUS33618,M463,DVC_5176,London,Wire Transfer,Electronics,0,0
79.9972651005425,3110.6155455634466,1.0,57.74814397809743,0.025709238152702672,0.0,0.0,0.1624023346242971,TXN000581,AC44198,CUS26181,M166,DVC_5483,Tokyo,POS Debit,Travel,0,0
190.71893834882658,14159.74288027662,1.0,78.34546768284737,0.013468144995024514,0.0,1.0,0.09317721433265087,TXN000582,AC24309,CUS46080,M146,DVC_5922,London,ATM Withdrawal,Retail,0,0
18567.651305225874,3404.652306865751,4.0,0.5713847172233624,5.0,0.0,0.0,0.7477251161354657,TXN000583,AC39925,CUS86854,M473,DVC_2368,New York,Wire Transfer,Travel,1,1
108.28933750642021,1537.3351660469698,4.0,2.1703635826627106,0.07039385167582773,1.0,1.0,0.5148600278401181,TXN000584,AC26176,CUS94350,M921,DVC_3266,New York,ACH Transfer,Retail,1,1
776.6992483792493,47057.95790477646,1.0,56.196841329920666,0.01650481189895654,0.0,0.0,0.09211590982632506,TXN000585,AC96911,CUS65729,M759,DVC_1651,New York,ATM Withdrawal,Retail,0,0
1792.9174294357008,28544.020591588283,2.0,58.8765583792738,0.06281016416446523,0.0,0.0,0.11587316782743774,TXN000586,AC80603,CUS54102,M861,DVC_3110,Moscow,Online Purchase,Restaurant,0,0
91.14240229762153,37010.469626048915,2.0,161.79340057186712,0.0024625448062044774,0.0,0.0,0.15367015897680664,TXN000587,AC28422,CUS19821,M236,DVC_4098,Paris,Wire Transfer,Electronics,0,0
103.24173481246159,6054.737497492952,1.0,28.213673017111823,0.01704858158980689,0.0,0.0,0.26051835081645586,TXN000588,AC30517,CUS60625,M194,DVC_3755,Lagos,Wire Transfer,Restaurant,0,0
9.323621469058738,1744.0357684142145,2.0,235.80888496546606,0.005342940034708569,0.0,0.0,0.20142480708683388,TXN000589,AC64503,CUS26944,M337,DVC_8548,Singapore,Online Purchase,Retail,0,0
27.13535041634619,10764.322376851183,1.0,182.5290151243452,0.00252062590105947,0.0,1.0,0.1915220982654714,TXN000590,AC38514,CUS74933,M895,DVC_5048,Paris,POS Debit,Gas Station,0,0
57.949190056721086,3560.654134987315,2.0,100.04299685313292,0.016270302466336328,0.0,0.0,0.14612484018748656,TXN000591,AC12215,CUS12695,M931,DVC_2177,London,ATM Withdrawal,Gas Station,0,0
1063.1532800368516,5011.814445056441,2.0,48.597201238611945,0.21208710030855352,0.0,0.0,0.09035382103514816,TXN000592,AC95276,CUS72855,M134,DVC_8749,Sydney,Online Purchase,Restaurant,0,0
204.03056020510687,778.8045893566645,2.0,56.65256905996088,0.2616431898322517,0.0,0.0,0.05534435472869774,TXN000593,AC26486,CUS17910,M395,DVC_3556,Sydney,ACH Transfer,Restaurant,0,0
3.88182682918376,12781.165147890395,2.0,22.134298436653598,0.00030369086803924044,0.0,0.0,0.03047073836213397,TXN000594,AC84482,CUS86387,M992,DVC_7794,Dubai,ATM Withdrawal,Electronics,0,0
282.52020056400886,3257.7484250233015,2.0,199.74377208573185,0.08669592239603115,0.0,0.0,0.17066353984629418,TXN000595,AC22249,CUS24803,M969,DVC_8596,London,Online Purchase,Restaurant,0,0
661.0068473489654,28538.909231079633,1.0,25.11926064384397,0.023160790106127475,0.0,0.0,0.23638568846935984,TXN000596,AC33187,CUS82996,M591,DVC_3084,Chicago,Online Purchase,Restaurant,0,0
132.64748592899974,3895.5464212040115,2.0,44.696982305049254,0.03404232147913495,0.0,0.0,0.13663377066581348,TXN000597,AC63613,CUS86487,M357,DVC_3471,Tokyo,Wire Transfer,Travel,0,0
299.0763170079565,11507.70440945741,1.0,179.8586411556457,0.025986966592189742,0.0,0.0,0.15530747875378023,TXN000598,AC49064,CUS22408,M486,DVC_5778,Dubai,Wire Transfer,Restaurant,0,0
73.1745175948953,22996.647233419993,2.0,8.065151218729046,0.003181826247363195,0.0,0.0,0.22708509844095928,TXN000599,AC81998,CUS70130,M369,DVC_3385,Paris,Wire Transfer,Restaurant,0,0
46.73562220881059,9463.117885620783,1.0,193.3512617569935,0.004938191046818839,0.0,0.0,0.03607588314397016,TXN000600,AC52790,CUS44229,M966,DVC_9157,Dubai,ATM Withdrawal,Travel,0,0
567.0646122947071,11781.930042408707,2.0,133.86523658687454,0.04812594238052404,0.0,0.0,0.1718299965554666,TXN000601,AC87437,CUS39460,M423,DVC_1918,London,POS Debit,Retail,0,0
1753.058360764833,5924.9041734623215,5.0,34.60131219646354,0.2958296842894399,1.0,1.0,0.8426209738423048,TXN000602,AC56783,CUS39796,M146,DVC_5747,Moscow,ATM Withdrawal,Retail,1,1
251.9401471124109,4029.0731718628863,1.0,47.26846751927693,0.06251503046431102,0.0,0.0,0.04256454815871254,TXN000603,AC75618,CUS92814,M705,DVC_6736,New York,Wire Transfer,Travel,0,0
107.80910466357763,2607.9317409683836,1.0,72.90874523779472,0.041323083686183766,0.0,0.0,0.19247609271894855,TXN000604,AC52271,CUS51966,M793,DVC_6581,Tokyo,Wire Transfer,Electronics,0,0
301.5743022626707,15336.363126574897,1.0,20.966563082799258,0.0196627216669426,0.0,0.0,0.18773458188520042,TXN000605,AC34347,CUS80814,M801,DVC_2081,New York,ATM Withdrawal,Restaurant,0,0
165.00647817170318,2272.3029396619168,1.0,98.61279695076149,0.07258446522584569,0.0,0.0,0.1203799497693013,TXN000606,AC65142,CUS76053,M586,DVC_9567,Paris,Online Purchase,Electronics,0,0
12.497411009945239,48624.76902449751,1.0,64.58711924458525,0.00025701209997623035,0.0,0.0,0.12629194731607427,TXN000607,AC70683,CUS16825,M662,DVC_8866,Sydney,Online Purchase,Gas Station,0,0
109.91888117196267,6252.87973306814,2.0,39.97117098779412,0.01757611048878241,0.0,0.0,0.06069687599042591,TXN000608,AC81288,CUS50822,M817,DVC_8623,New York,Wire Transfer,Electronics,0,0
293.7931636696835,552374.571509505,1.0,21.52175270973842,0.0005318721153196907,0.0,0.0,0.569580312911415,TXN000609,AC70791,CUS80835,M915,DVC_7550,Chicago,Wire Transfer,Restaurant,0,0
124.33161736096542,150619.7860488668,1.0,91.14469112938166,0.00082546121702371,0.0,0.0,0.04233625202611078,TXN000610,AC13668,CUS57003,M510,DVC_3103,Lagos,POS Debit,Retail,0,0
123.02483019774259,2139.5391464372888,1.0,115.27747861507272,0.05747375861007027,0.0,0.0,0.3997570940354076,TXN000611,AC60767,CUS30131,M944,DVC_6635,Lagos,Online Purchase,Restaurant,0,0
77.78145148264817,7060.229616186452,1.0,62.010906111809525,0.011015284264988323,0.0,0.0,0.06503663678352328,TXN000612,AC96166,CUS84367,M224,DVC_6916,Paris,POS Debit,Restaurant,0,0
5636.881231699965,163.03288241275686,8.0,2.7629295860698093,5.0,0.0,1.0,0.6449224324999222,TXN000613,AC86531,CUS76265,M311,DVC_9208,Dubai,Wire Transfer,Restaurant,1,1
4923.51402115521,1114.4694752585503,6.0,10.491453045581906,4.413849173249683,1.0,0.0,0.926263422207182,TXN000614,AC44830,CUS35008,M468,DVC_1432,Sydney,Wire Transfer,Electronics,1,1
12896.608082038132,2162.7630079962137,8.0,2.3708131814719935,5.0,1.0,1.0,0.7303658136338904,TXN000615,AC51739,CUS98707,M365,DVC_5050,Paris,POS Debit,Retail,1,1
95.2855721880818,73792.03025455958,2.0,87.06702687462825,0.0012912543618195463,0.0,0.0,0.26298100195858226,TXN000616,AC60210,CUS30321,M234,DVC_1236,New York,POS Debit,Retail,0,0
58.92116998798549,10853.72383196972,2.0,132.17056454380236,0.005428159288074079,0.0,0.0,0.020967717487481823,TXN000617,AC45166,CUS12810,M983,DVC_1306,Sydney,Wire Transfer,Electronics,0,0
6.43294763319388,19170.095760165335,1.0,97.92190912359997,0.00033555450943813974,0.0,0.0,0.1704482675626469,TXN000618,AC21196,CUS45705,M884,DVC_6881,Paris,ACH Transfer,Electronics,0,0
46.495511479427066,7701.051531944406,2.0,40.2320052977271,0.006036769721234147,0.0,0.0,0.16865629588234704,TXN000619,AC28714,CUS46964,M889,DVC_1023,Sydney,Wire Transfer,Electronics,0,0
392.76159172866164,10137.991933951773,1.0,93.53232207187594,0.03873773589003921,0.0,0.0,0.09072029375572224,TXN000620,AC55692,CUS49231,M414,DVC_6419,Tokyo,Online Purchase,Gas Station,0,0
34.22498456555731,13988.011863169659,1.0,61.65834619851746,0.0024465619802400067,0.0,0.0,0.07598880540802469,TXN000621,AC60911,CUS27505,M399,DVC_1680,Chicago,Wire Transfer,Gas Station,0,0
943.8969009301346,4435.108946420684,1.0,104.9656531529608,0.2127758610824305,0.0,1.0,0.23004968851637256,TXN000622,AC55580,CUS23135,M878,DVC_2515,Lagos,ATM Withdrawal,Restaurant,0,0
246.840907966225,1361.2399650886641,1.0,33.84381778145468,0.1812022215558467,0.0,0.0,0.32580907557161476,TXN000623,AC92347,CUS90569,M397,DVC_1951,Moscow,Wire Transfer,Gas Station,0,0
17.757281497045838,22098.393572115674,1.0,83.42929598616261,0.0008035189490200049,0.0,0.0,0.5381037104819857,TXN000624,AC97297,CUS69222,M378,DVC_6407,Sydney,ACH Transfer,Electronics,0,0
41.26426631346905,47466.00429321365,1.0,151.1232682193976,0.0008693252697931181,0.0,0.0,0.2904165240406616,TXN000625,AC64181,CUS39838,M473,DVC_1414,Dubai,Online Purchase,Electronics,0,0
91.61782361258017,884.1375134155796,2.0,22.87711851364994,0.10350688138732723,0.0,0.0,0.05455637780400187,TXN000626,AC63028,CUS29800,M825,DVC_5848,Paris,Wire Transfer,Electronics,0,0
143.49415826798707,18034.445860063206,2.0,59.940877100214024,0.007956230158176095,0.0,0.0,0.09235929567181189,TXN000627,AC37066,CUS65132,M587,DVC_5511,New York,POS Debit,Retail,0,0
232.4675671098839,3608.4820506178403,2.0,91.19401906283198,0.06440468849819937,0.0,0.0,0.3845559610416044,TXN000628,AC74631,CUS24691,M161,DVC_5971,Lagos,Online Purchase,Retail,0,0
219.32463619974422,16642.926212815975,2.0,45.626983577164005,0.013177457854316985,0.0,0.0,0.2121362436830723,TXN000629,AC53281,CUS19806,M978,DVC_5985,Moscow,Online Purchase,Gas Station,0,0
134.3427709933428,5893.978674666206,1.0,267.15752699890504,0.022789356570649472,0.0,0.0,0.13487372558441876,TXN000630,AC59711,CUS41588,M153,DVC_8969,Lagos,ACH Transfer,Travel,0,0
5588.168126864841,152.72815207244219,8.0,32.96458305612083,5.0,0.0,1.0,0.9067662710190827,TXN000631,AC80977,CUS17522,M437,DVC_8650,New York,POS Debit,Travel,1,1
294.35938533237317,3312.2496432655525,1.0,71.422871440598,0.08884310481423649,0.0,0.0,0.20410806707071394,TXN000632,AC57024,CUS71869,M474,DVC_6370,Lagos,ATM Withdrawal,Electronics,0,0
112.17183131110201,7836.766023365354,1.0,111.23959511524002,0.014311709609179943,0.0,0.0,0.07666118057179941,TXN000633,AC61769,CUS60214,M976,DVC_7521,Lagos,Wire Transfer,Retail,0,0
439.46797111136834,53759.672258870676,1.0,74.7619752933475,0.008174525217899499,0.0,0.0,0.19164875846943827,TXN000634,AC20146,CUS50238,M573,DVC_6457,Tokyo,ATM Withdrawal,Restaurant,0,0
603.7862106344572,4943.497326270068,1.0,14.441616215360515,0.1221127590516728,0.0,0.0,0.17401318251862544,TXN000635,AC43357,CUS23597,M211,DVC_1449,London,POS Debit,Gas Station,0,0
32.882446426955156,3394.528460297186,2.0,6.127535549004455,0.00968404382747456,0.0,0.0,0.1190244473792439,TXN000636,AC65499,CUS80086,M368,DVC_8328,New York,Online Purchase,Retail,0,0
130.77786350632536,2975.985921600115,1.0,256.16133733649,0.04392962108333818,0.0,0.0,0.10134483775023534,TXN000637,AC26313,CUS51478,M423,DVC_9283,New York,ACH Transfer,Electronics,0,0
80263.10961957442,47208.39494081684,6.0,20.58623721935343,1.7001512033821813,1.0,0.0,0.7937586845815507,TXN000638,AC37398,CUS62576,M718,DVC_7628,Tokyo,ACH Transfer,Electronics,1,1
51.24565002616939,27367.045012490198,1.0,355.7665483032653,0.0018724629400010838,0.0,0.0,0.12747870611758927,TXN000639,AC19324,CUS15934,M894,DVC_8586,Lagos,Online Purchase,Travel,0,0
43.51658337232004,1396.395244727308,2.0,82.69295452840409,0.031141213294175768,0.0,0.0,0.15869097106662042,TXN000640,AC17432,CUS75745,M982,DVC_3951,Sydney,ACH Transfer,Electronics,0,0
28.278218593580526,52592.96125370431,1.0,96.94113743009478,0.0005376704457983535,0.0,0.0,0.0329517825264887,TXN000641,AC30867,CUS90315,M779,DVC_4125,London,ATM Withdrawal,Electronics,0,0
68.72910903794542,8035.781693719218,1.0,47.0431572523615,0.00855181982753837,0.0,0.0,0.13836482284643142,TXN000642,AC44359,CUS42943,M685,DVC_7744,Dubai,Online Purchase,Restaurant,0,0
133.08068253557727,10634.69176248498,2.0,30.96263439626748,0.012512649436211528,0.0,0.0,0.10773805957522856,TXN000643,AC79943,CUS82790,M847,DVC_2537,Tokyo,Wire Transfer,Gas Station,0,0
2390.418745807318,85.76765623225789,4.0,23.565210227928905,5.0,1.0,1.0,0.6814760862460909,TXN000644,AC40971,CUS80392,M703,DVC_4168,Moscow,Wire Transfer,Restaurant,1,1
97.9113615821381,14356.59099312205,2.0,79.62880764332489,0.006819483966985978,0.0,1.0,0.27049142666024695,TXN000645,AC60759,CUS95449,M184,DVC_6687,London,POS Debit,Travel,0,0
4496.93260464764,533.0974737451552,8.0,9.174858890838479,5.0,0.0,1.0,0.9694077920349237,TXN000646,AC46492,CUS18408,M471,DVC_2895,Chicago,Online Purchase,Retail,1,1
223.79138652143578,5186.304596159703,2.0,134.32520952424557,0.04314213333204193,0.0,0.0,0.45302682435962355,TXN000647,AC63006,CUS62062,M174,DVC_8803,London,ATM Withdrawal,Travel,0,0
43.31874093445665,6172.2973904535675,2.0,88.20650503232616,0.00701711552102529,0.0,0.0,0.183681616008946,TXN000648,AC51069,CUS56486,M695,DVC_9376,Lagos,Online Purchase,Electronics,0,0
61.28794882161771,1165.6824392648957,1.0,3.449604717106083,0.052531817364315586,0.0,0.0,0.39175136018604095,TXN000649,AC87905,CUS59755,M856,DVC_2456,Sydney,Online Purchase,Gas Station,0,0
6.793266246434627,771.4029438050862,1.0,106.32142432544484,0.008794977156571907,0.0,0.0,0.02421564293675472,TXN000650,AC40291,CUS56508,M607,DVC_2494,Tokyo,ATM Withdrawal,Electronics,0,0
21.38193761387395,10841.768922685475,1.0,9.836162159323596,0.0019719997508328524,0.0,0.0,0.20904185380670695,TXN000651,AC27152,CUS54263,M327,DVC_6060,London,ACH Transfer,Gas Station,0,0
3548.448188713195,2061.4085653783345,4.0,14.52239045313576,1.7205360025559517,1.0,1.0,0.792253080131458,TXN000652,AC75674,CUS24022,M694,DVC_2750,Singapore,ATM Withdrawal,Gas Station,1,1
77.15026288630422,511.4006534193313,1.0,263.9282120446012,0.15056628513540762,0.0,0.0,0.20465347871316425,TXN000653,AC59372,CUS66749,M493,DVC_7487,Tokyo,Online Purchase,Gas Station,0,0
38.659307898193546,96203.53106964969,1.0,139.88299559090953,0.00040184498035965863,0.0,0.0,0.22302478139419107,TXN000654,AC63079,CUS20663,M114,DVC_1173,Dubai,Online Purchase,Retail,0,0
21.483602985319216,6030.693479522826,2.0,369.28724488043815,0.0035617862642149394,0.0,0.0,0.24063920773260486,TXN000655,AC61539,CUS21662,M912,DVC_5312,Moscow,Online Purchase,Travel,0,0
60.255780940681504,2497.0295834543376,1.0,113.82183258909936,0.02412132399863668,0.0,0.0,0.08135681450521347,TXN000656,AC12525,CUS90752,M280,DVC_4277,London,Online Purchase,Retail,0,0
436.1112382028769,9193.503251600388,1.0,28.5477402604836,0.047431734621113726,0.0,0.0,0.14356085361466922,TXN000657,AC19637,CUS78548,M607,DVC_3021,New York,POS Debit,Retail,0,0
715.0529682939354,509.94844112722933,2.0,88.86844728592256,1.3994620801981912,0.0,0.0,0.022027687033274086,TXN000658,AC58324,CUS69970,M437,DVC_6698,Moscow,ACH Transfer,Retail,0,0
13.09544442213186,3260.7164925872657,1.0,59.61832048271167,0.004014893523668657,0.0,0.0,0.11776585915438012,TXN000659,AC66108,CUS75720,M362,DVC_2396,Tokyo,Online Purchase,Restaurant,0,0
2.7856842827668733,3162.220757371884,2.0,22.45753182776004,0.0008806480787895811,0.0,0.0,0.3365744375387532,TXN000660,AC44377,CUS35177,M177,DVC_1173,Paris,POS Debit,Restaurant,0,0
111.97095486162341,676.9983567505495,2.0,45.641562388574094,0.16514930124354266,0.0,0.0,0.1573689949274477,TXN000661,AC90069,CUS27693,M328,DVC_7221,New York,Online Purchase,Restaurant,0,0
212.94857549403878,5372.294499032668,2.0,71.14692151571671,0.03963091461530259,0.0,0.0,0.24003086531621423,TXN000662,AC97363,CUS86494,M844,DVC_8551,Chicago,ACH Transfer,Retail,0,0
19.824910535469066,2076.347729004181,1.0,10.613689380517323,0.00954337603602481,0.0,0.0,0.20579467064285503,TXN000663,AC70207,CUS27396,M129,DVC_3246,London,ACH Transfer,Electronics,0,0
1681.939528265936,8755.973790125356,1.0,140.19758071904477,0.19206858083354603,0.0,0.0,0.28231634659810806,TXN000664,AC32368,CUS74243,M473,DVC_7745,Singapore,ATM Withdrawal,Restaurant,0,0
623.0736648339714,26816.312852347262,1.0,80.30276148832397,0.02323400812991728,0.0,0.0,0.25486861559945767,TXN000665,AC35736,CUS36430,M254,DVC_4078,London,POS Debit,Restaurant,0,0
142.43584608445786,39659.77761716907,1.0,127.68481981454906,0.003591352833757795,0.0,0.0,0.0838510888482827,TXN000666,AC27753,CUS10006,M916,DVC_4051,Sydney,ACH Transfer,Retail,0,0
45.047415517379854,10637.49103566899,2.0,50.2869840836636,0.004234380173498646,0.0,0.0,0.13767995680946424,TXN000667,AC13571,CUS14045,M284,DVC_5729,Chicago,Wire Transfer,Travel,0,0
259.75314366865996,1849.2035489148293,2.0,472.3013260842577,0.14039165789137573,0.0,0.0,0.4129275468096302,TXN000668,AC36798,CUS77159,M547,DVC_2699,London,Online Purchase,Electronics,0,0
194.2238643083561,75634.64031832044,2.0,65.87435650983703,0.002567888147584192,0.0,0.0,0.07120431503455683,TXN000669,AC43256,CUS90370,M968,DVC_7668,Singapore,ACH Transfer,Gas Station,0,0
13.950139117254883,312.77493469508363,1.0,250.8010727756598,0.04445906149518023,0.0,0.0,0.07301110710768875,TXN000670,AC57419,CUS18254,M546,DVC_4091,Sydney,POS Debit,Gas Station,0,0
45.96051929500413,41625.599841226554,2.0,60.172607904094434,0.0011041141834862358,0.0,0.0,0.2551173300089592,TXN000671,AC86595,CUS67784,M531,DVC_4784,Singapore,POS Debit,Electronics,0,0
123062.46047093354,3881.018214435047,9.0,52.63637854273698,5.0,1.0,0.0,0.6743848512260449,TXN000672,AC40624,CUS27751,M866,DVC_2844,Tokyo,POS Debit,Retail,1,1
103.15377275798755,22442.55389632206,2.0,159.59907762258035,0.004596142537608177,0.0,0.0,0.35321610025224387,TXN000673,AC19056,CUS10586,M268,DVC_7397,Tokyo,ATM Withdrawal,Travel,0,0
41.26320895907159,12044.969796230553,1.0,20.910013529349683,0.003425478368041712,1.0,0.0,0.032919658149689474,TXN000674,AC73279,CUS90166,M180,DVC_4251,Singapore,Online Purchase,Travel,0,0
16.650146972985,12302.071624896806,2.0,306.8955721759461,0.0013533325238301744,0.0,0.0,0.09607780516449352,TXN000675,AC28564,CUS73146,M897,DVC_8520,Chicago,Wire Transfer,Gas Station,0,0
26.227010921099502,800.5689465509553,1.0,391.6725603826404,0.032719594532636086,0.0,0.0,0.24158196830405662,TXN000676,AC21220,CUS84983,M309,DVC_1892,Chicago,POS Debit,Travel,0,0
60855.29100665988,91.33410198521095,8.0,7.211622519217922,5.0,1.0,0.0,0.9239502925097491,TXN000677,AC21290,CUS94407,M358,DVC_9406,Singapore,Online Purchase,Gas Station,1,1
243.56158109380254,10945.562994235219,1.0,356.419248421227,0.022250050652617558,0.0,0.0,0.19467960013544203,TXN000678,AC62480,CUS53401,M648,DVC_4429,Tokyo,POS Debit,Restaurant,0,0
211.2731744680044,434.1313785924457,2.0,65.43667199165829,0.4855388162339077,0.0,0.0,0.21292290540962847,TXN000679,AC30018,CUS58887,M385,DVC_7745,Singapore,POS Debit,Retail,0,0
3.5117737383584955,7401.177633585752,2.0,51.3677425823244,0.00047442440754523306,0.0,0.0,0.23492027724503947,TXN000680,AC65138,CUS76272,M153,DVC_4644,Dubai,Wire Transfer,Travel,0,0
55691.55216227832,22.149986065918014,6.0,7.711745624308179,5.0,1.0,1.0,0.5504586437455325,TXN000681,AC92155,CUS25218,M568,DVC_6339,Paris,Online Purchase,Retail,1,1
66.61970337433819,27342.511516066927,2.0,24.99924811529245,0.002436398972940719,0.0,0.0,0.16569536828479592,TXN000682,AC91567,CUS20651,M468,DVC_1605,Lagos,POS Debit,Restaurant,0,0
357.8734075490061,304.74049833740884,5.0,10.40125792027295,1.1705135874870738,0.0,1.0,0.6296045182904574,TXN000683,AC93302,CUS54259,M823,DVC_9743,New York,ATM Withdrawal,Electronics,1,1
35.16657470414263,35021.76761527446,1.0,43.61993786541397,0.0010041061029341797,0.0,0.0,0.5356771058878887,TXN000684,AC19006,CUS26697,M953,DVC_5414,Tokyo,POS Debit,Electronics,0,0
24.896707963306717,3995.9092059369877,1.0,75.97282791182852,0.006228990122248782,0.0,0.0,0.4851047797270863,TXN000685,AC53926,CUS69717,M199,DVC_3513,Singapore,Online Purchase,Electronics,0,0
171.86203836389322,2926613.6438820576,1.0,3.1295452711250333,5.872383599363253e-05,0.0,0.0,0.17605052934382237,TXN000686,AC89118,CUS69129,M696,DVC_8043,Lagos,ACH Transfer,Gas Station,0,0
99.35912255028339,2689.323110043252,1.0,69.74010216758955,0.03693204068290741,0.0,0.0,0.22933168574392535,TXN000687,AC36265,CUS76968,M824,DVC_2177,Chicago,POS Debit,Gas Station,0,0
143.8193243697897,28700.160626805646,1.0,222.50856073545071,0.005010923643118065,0.0,0.0,0.18820040027338264,TXN000688,AC25908,CUS88246,M875,DVC_6181,Singapore,ATM Withdrawal,Electronics,0,0
364.1941939899465,71037.17063413974,1.0,7.999700546164527,0.005126739480181954,0.0,0.0,0.4472672663233703,TXN000689,AC81165,CUS72116,M697,DVC_2483,Sydney,ATM Withdrawal,Restaurant,0,0
23.28662210994674,24292.750555380277,1.0,0.006339399322599856,0.0009585437232864611,0.0,0.0,0.380075727858835,TXN000690,AC94406,CUS90481,M674,DVC_4311,Chicago,POS Debit,Gas Station,0,0
17523.92030184599,154.5159801633054,4.0,2.8339360809839835,5.0,1.0,1.0,0.9238997913925637,TXN000691,AC28049,CUS26721,M546,DVC_5285,Paris,Online Purchase,Electronics,1,1
62.71969827052975,22801.046382706503,1.0,145.62882695084335,0.002750617081372904,0.0,1.0,0.11065598619382945,TXN000692,AC20827,CUS79877,M291,DVC_8313,Singapore,POS Debit,Retail,0,0
22.10633830927586,3364.7484687347305,1.0,134.5838212595957,0.006568030414223493,0.0,0.0,0.023295296217510683,TXN000693,AC79522,CUS66968,M513,DVC_9264,Singapore,ATM Withdrawal,Electronics,0,0
79.91702935883643,51277.16775480515,1.0,273.6939082449902,0.0015585000958102213,0.0,0.0,0.14873657740871854,TXN000694,AC50954,CUS79835,M581,DVC_6358,Dubai,POS Debit,Electronics,0,0
20.34980865649822,5835.414752978575,1.0,89.99771609534919,0.0034866968023670405,0.0,0.0,0.08850342715333727,TXN000695,AC77359,CUS98968,M192,DVC_7559,Paris,ATM Withdrawal,Retail,0,0
52203.82609633938,225.08850618011658,6.0,4.16552128219158,5.0,1.0,1.0,0.9402988643262848,TXN000696,AC72934,CUS11216,M352,DVC_2090,Paris,ACH Transfer,Gas Station,1,1
19.14510214615088,1911.9924637936895,2.0,14.492363392970885,0.010007933909046293,0.0,0.0,0.24969748783219853,TXN000697,AC64980,CUS54870,M749,DVC_5802,Tokyo,POS Debit,Retail,0,0
66.68260887927426,68647.75660094756,2.0,46.792546159235634,0.0009713593105101315,0.0,0.0,0.09836607795849497,TXN000698,AC64582,CUS29814,M660,DVC_2591,Chicago,Wire Transfer,Gas Station,0,0
36.51184768078847,3851.3643532972883,2.0,162.009317343501,0.009477776329629234,0.0,0.0,0.21072751138263943,TXN000699,AC97256,CUS97593,M732,DVC_6901,Moscow,POS Debit,Restaurant,0,0
68.65324771624906,46834.949558658634,2.0,67.52090510586781,0.0014658237606620067,0.0,0.0,0.19010009601761604,TXN000700,AC96008,CUS84463,M138,DVC_9079,Paris,ATM Withdrawal,Gas Station,0,0
4.82311222760324,29001.968866905918,1.0,167.51407778817645,0.00016629719011651572,0.0,0.0,0.060981846612491286,TXN000701,AC10610,CUS54285,M645,DVC_9779,London,Online Purchase,Travel,0,0
75.45961391062582,25490.08093060137,2.0,108.8151186310321,0.002960235939623829,0.0,0.0,0.17501573264442813,TXN000702,AC46636,CUS20523,M457,DVC_4649,Paris,ATM Withdrawal,Gas Station,0,0
13982.491893835677,1577.3549101612546,9.0,19.73709609918723,5.0,0.0,0.0,0.9314637664923913,TXN000703,AC96245,CUS40307,M877,DVC_2565,Lagos,ACH Transfer,Travel,1,1
109.05230945800933,8415.380321870296,1.0,59.89744550057256,0.01295715085196811,0.0,0.0,0.20182811015165855,TXN000704,AC21884,CUS14668,M108,DVC_4609,Singapore,Online Purchase,Gas Station,0,0
478.3787312762402,59695.30141294094,2.0,278.10661169671647,0.008013540536910675,0.0,0.0,0.16763009218424646,TXN000705,AC96355,CUS38199,M287,DVC_3929,Lagos,Wire Transfer,Retail,0,0
167.00810107150002,3271.104594037426,2.0,65.55289326829539,0.0510399641184544,0.0,0.0,0.28650046828623554,TXN000706,AC61315,CUS97610,M707,DVC_1721,New York,Wire Transfer,Gas Station,0,0
74.17722378677226,1591.2485046898487,2.0,139.55385422697555,0.046586461578257916,0.0,0.0,0.065958816703275,TXN000707,AC60901,CUS92127,M744,DVC_2804,Moscow,ACH Transfer,Electronics,0,0
554.830328341793,378.91390634196347,9.0,54.13203238802247,1.4604106853682421,1.0,1.0,0.7732698106831939,TXN000708,AC31556,CUS37046,M774,DVC_1654,New York,ACH Transfer,Gas Station,1,1
24.925672100737227,93218.62615536741,1.0,96.1727429563071,0.0002673865271589276,0.0,0.0,0.24809423375714573,TXN000709,AC56676,CUS47002,M238,DVC_9336,Lagos,ACH Transfer,Retail,0,0
3.954852761364839,11720.85980890445,2.0,4.124783801663272,0.0003373912353362694,0.0,0.0,0.1665786084171369,TXN000710,AC88758,CUS73690,M397,DVC_8684,Moscow,ACH Transfer,Retail,0,0
3362.978961199363,729.1291920057631,6.0,7.670710696238049,4.6060053453838865,0.0,0.0,0.7676909034683213,TXN000711,AC96603,CUS60341,M179,DVC_7453,Chicago,POS Debit,Gas Station,1,1
427.900327953934,4261.464372614192,9.0,1.5151257606879742,0.10038801278977036,0.0,1.0,0.7342376487277394,TXN000712,AC21018,CUS99483,M702,DVC_5239,New York,ATM Withdrawal,Gas Station,1,1
1193.8812756400177,603.3041436041673,4.0,53.269934473848025,1.975629802105141,1.0,1.0,0.8850560716875214,TXN000713,AC46599,CUS26809,M355,DVC_1892,Sydney,POS Debit,Gas Station,1,1
38.874145533372435,1550.8551620819117,1.0,159.79563409994284,0.025050111945511922,0.0,0.0,0.1726060896939535,TXN000714,AC77915,CUS25806,M759,DVC_5290,Paris,Online Purchase,Restaurant,0,0
80.21641103656428,2858.6347973214647,2.0,146.51933620628498,0.02805127812533986,1.0,0.0,0.29689590695497614,TXN000715,AC32489,CUS39832,M278,DVC_2660,Lagos,Wire Transfer,Travel,0,0
4.158687873293209,13663.90015534202,1.0,80.41019939263242,0.0003043335718532457,0.0,0.0,0.11480884704293708,TXN000716,AC58071,CUS15029,M356,DVC_5913,New York,Wire Transfer,Gas Station,0,0
33.03552627177572,48637.21671280532,2.0,22.38018829177671,0.0006792092413017731,0.0,0.0,0.23837579901351053,TXN000717,AC22394,CUS15064,M317,DVC_8336,Tokyo,Online Purchase,Gas Station,0,0
36.42453162408873,1205.811866187447,2.0,348.0174606895507,0.030182444045036526,0.0,0.0,0.24775807089466037,TXN000718,AC24417,CUS31241,M366,DVC_8350,Tokyo,Wire Transfer,Travel,0,0
4947.899077722676,595.2665994323174,4.0,7.0112758340865655,5.0,1.0,1.0,0.951377667371601,TXN000719,AC37849,CUS59382,M416,DVC_4920,Sydney,ACH Transfer,Electronics,1,1
75.69919343956028,4475.972530575931,2.0,77.40494265874256,0.016908567770421882,0.0,0.0,0.3234367437758832,TXN000720,AC45207,CUS43762,M690,DVC_2299,London,ACH Transfer,Restaurant,0,0
98.08941735566881,78793.91742907872,1.0,219.31720591932395,0.001244869853997329,0.0,0.0,0.0974578921548808,TXN000721,AC71669,CUS79575,M778,DVC_3523,Moscow,ACH Transfer,Restaurant,0,0
122.05693226516296,670.7355034673126,1.0,92.36923667771157,0.18170385759743066,0.0,0.0,0.19536913704567374,TXN000722,AC34290,CUS48687,M715,DVC_2660,Chicago,Online Purchase,Electronics,0,0
347.8871116916019,2795.7019427296987,2.0,175.9707395021144,0.12439191548315279,0.0,0.0,0.08498744082885143,TXN000723,AC25115,CUS68133,M915,DVC_9625,Paris,ATM Withdrawal,Travel,0,0
702.0819788321191,3841.5981443355486,2.0,63.8782588496153,0.18271022689871236,0.0,0.0,0.2898380365519988,TXN000724,AC42752,CUS72855,M949,DVC_8630,Moscow,Online Purchase,Travel,0,0
24.999491501988633,7180.328234112785,1.0,165.0304931934096,0.0034811793427343856,0.0,0.0,0.18557174340563645,TXN000725,AC56402,CUS73340,M383,DVC_5512,Paris,ATM Withdrawal,Retail,0,0
239.57934468825678,3668.559767144022,2.0,41.01399920302658,0.0652883070152905,0.0,0.0,0.3732674925891989,TXN000726,AC34241,CUS61777,M444,DVC_2858,New York,Wire Transfer,Travel,0,0
1955.6723856366802,1109.7177649845717,9.0,4.141594456938382,1.760728465222527,1.0,0.0,0.8892328267530123,TXN000727,AC59021,CUS68380,M826,DVC_9902,London,Wire Transfer,Restaurant,1,1
290.0762095768926,159626.44847803286,2.0,33.76890462495959,0.0018172075814192536,0.0,0.0,0.20214763865836005,TXN000728,AC48197,CUS93532,M174,DVC_9329,Singapore,Wire Transfer,Retail,0,0
20.402534777825934,1026.1546535941604,2.0,12.725953993682099,0.019863157613543937,0.0,0.0,0.16750706888457736,TXN000729,AC74079,CUS73511,M836,DVC_2753,Lagos,ATM Withdrawal,Gas Station,0,0
50.41691520818795,5516.445399282143,1.0,68.0818134284462,0.009137727980914417,0.0,0.0,0.11848629135322124,TXN000730,AC99979,CUS82738,M435,DVC_8335,Chicago,Wire Transfer,Gas Station,0,0
72.10457070644999,19337.198976667398,2.0,148.20638159209528,0.0037286083773079453,0.0,0.0,0.10141159757126973,TXN000731,AC46533,CUS89821,M903,DVC_7277,Sydney,Online Purchase,Gas Station,0,0
65.01718884780485,10717.4041446513,1.0,6.048950620380152,0.006065939291928056,0.0,0.0,0.1480204266169461,TXN000732,AC87897,CUS16041,M954,DVC_2184,London,ATM Withdrawal,Retail,0,0
24.26960349586109,1458.9481821521038,1.0,125.36622409658575,0.016623606092707594,0.0,0.0,0.281668883782337,TXN000733,AC99832,CUS43353,M681,DVC_7927,Chicago,ACH Transfer,Restaurant,0,0
21.424862593760235,1265.8591828091726,1.0,80.64209856926433,0.01691179484230606,0.0,0.0,0.10645605283072303,TXN000734,AC84381,CUS64757,M462,DVC_1733,New York,ATM Withdrawal,Travel,0,0
1020.7852500416952,3464.7928045793487,2.0,130.57333293335756,0.29453152787810416,0.0,0.0,0.2512363313577717,TXN000735,AC89283,CUS10421,M289,DVC_2851,New York,Online Purchase,Retail,0,0
61.16200604984931,32134.37684760016,1.0,24.079058428405393,0.0019032608934354796,0.0,0.0,0.06989623341547234,TXN000736,AC93093,CUS52273,M571,DVC_7520,Dubai,Online Purchase,Restaurant,0,0
135.98511862307183,641.6176455502349,2.0,36.546876190721605,0.2116112428046322,0.0,0.0,0.05657121693091629,TXN000737,AC77203,CUS93233,M205,DVC_9586,Sydney,Online Purchase,Travel,0,0
150.73779386747321,4382.918523579031,2.0,68.63674193162439,0.03438425989368317,0.0,0.0,0.2688374239395228,TXN000738,AC56963,CUS72482,M169,DVC_6291,Dubai,Wire Transfer,Electronics,0,0
1103.2875084756915,8671.820836774563,2.0,130.48730452340018,0.12721207197057768,0.0,0.0,0.3564919149702125,TXN000739,AC41034,CUS30226,M621,DVC_3517,Singapore,ACH Transfer,Restaurant,0,0
135.8118423481126,9116.721598365479,1.0,145.5770857186324,0.01489537061237529,0.0,0.0,0.25864584844933947,TXN000740,AC24143,CUS23939,M313,DVC_8589,Chicago,ACH Transfer,Electronics,0,0
53.933009740064946,1856.7054795095823,1.0,6.066764222411685,0.029032056122428394,0.0,0.0,0.3085608754721617,TXN000741,AC78857,CUS50227,M616,DVC_4327,Tokyo,POS Debit,Gas Station,0,0
137331.09222481088,634.6974069145116,4.0,37.5745247213799,5.0,1.0,0.0,0.5748857421061565,TXN000742,AC79662,CUS32905,M127,DVC_7124,Sydney,Online Purchase,Gas Station,1,1
92.10943056841475,56213.417813986736,2.0,254.68366211982715,0.001638537481135257,0.0,0.0,0.3211938125510453,TXN000743,AC29177,CUS76713,M414,DVC_3066,Paris,Wire Transfer,Restaurant,0,0
43.94714959383367,929.4505515285434,2.0,82.26337578848756,0.04723211730235135,0.0,0.0,0.030961974602311298,TXN000744,AC84835,CUS85466,M852,DVC_1246,London,ATM Withdrawal,Electronics,0,0
347.67227617241286,1977.130095037557,2.0,58.131042603734066,0.17575804394493674,0.0,0.0,0.13532456751526137,TXN000745,AC56051,CUS44434,M606,DVC_6324,Dubai,Wire Transfer,Retail,0,0
49.81912161016839,5618.833109056031,1.0,93.78495336702817,0.008864875636589243,1.0,0.0,0.3096556574294416,TXN000746,AC81721,CUS16957,M335,DVC_8587,Chicago,Online Purchase,Travel,0,0
296.0270453109311,71605.35339420765,2.0,175.54014216800195,0.004134089103535849,0.0,0.0,0.07340703924909671,TXN000747,AC62937,CUS73425,M191,DVC_4138,Tokyo,Wire Transfer,Gas Station,0,0
24.90152389814442,7482.475911976916,1.0,294.15043097202965,0.0033275344493714234,0.0,0.0,0.43156596765156524,TXN000748,AC69778,CUS18706,M929,DVC_1341,London,Online Purchase,Gas Station,0,0
546.7971879628968,2381.9485095099753,2.0,128.4445633700447,0.22946244359906,0.0,0.0,0.14178976949017713,TXN000749,AC83993,CUS46097,M956,DVC_3434,Sydney,ATM Withdrawal,Gas Station,0,0
85.78210851015588,14775.446765598235,1.0,293.30608130037524,0.005805327212349141,1.0,1.0,0.20266412541100556,TXN000750,AC25942,CUS80997,M462,DVC_1341,Paris,ATM Withdrawal,Gas Station,0,0
27.825494446305395,7659.056114797225,2.0,71.34201433021788,0.0036325444656409,0.0,0.0,0.1770155949639776,TXN000751,AC77659,CUS80133,M137,DVC_1107,Lagos,ACH Transfer,Restaurant,0,0
147.90333477217868,8694.121208609467,2.0,430.0546207890243,0.01700992214182504,0.0,0.0,0.29744119005507236,TXN000752,AC27894,CUS71856,M830,DVC_7820,Paris,POS Debit,Restaurant,0,0
254959.4355202892,247.81284482430559,6.0,33.70334052067004,5.0,1.0,1.0,0.7980275558894134,TXN000753,AC63927,CUS71539,M763,DVC_5728,Singapore,Wire Transfer,Electronics,1,1
444.44391735241715,133.556227728812,9.0,0.32497201827987054,3.3030349085600155,1.0,0.0,0.9350849115557148,TXN000754,AC66160,CUS35993,M803,DVC_6093,London,POS Debit,Retail,1,1
430.61236120645066,7407.59263327357,1.0,158.87515862147686,0.058123368704668506,0.0,0.0,0.18745796866816053,TXN000755,AC46190,CUS64126,M732,DVC_6521,Singapore,Wire Transfer,Electronics,0,0
3992.1412655805107,25.22100841468469,9.0,8.948535802013412,5.0,1.0,0.0,0.7667795368787056,TXN000756,AC18431,CUS64324,M590,DVC_6226,London,ACH Transfer,Retail,1,1
261.79374338785755,3689.8009614969046,2.0,25.442457429085838,0.07093141735870795,0.0,0.0,0.3402726159393693,TXN000757,AC67394,CUS98491,M782,DVC_8802,London,ACH Transfer,Restaurant,0,0
117.7614336371478,18538.6162398828,2.0,259.4623643340294,0.006351880864924109,0.0,0.0,0.2265765853105018,TXN000758,AC67819,CUS61166,M209,DVC_3384,London,ATM Withdrawal,Gas Station,0,0
338.309872628853,11816.006961983967,2.0,38.285806307918655,0.028629066033151754,0.0,0.0,0.09272881493170934,TXN000759,AC42338,CUS23906,M243,DVC_6920,London,ATM Withdrawal,Electronics,0,0
41.194238142393964,28598.276226600017,2.0,115.38425726642306,0.0014403944287261175,1.0,0.0,0.1544820874649051,TXN000760,AC41583,CUS49443,M677,DVC_9800,Tokyo,ATM Withdrawal,Retail,0,0
79.8232733738467,17552.32120316449,1.0,50.41658911665803,0.004547474090513211,0.0,0.0,0.3068227705258243,TXN000761,AC23913,CUS37491,M933,DVC_6923,Paris,Wire Transfer,Travel,0,0
43.72640116471668,18899.84289993431,2.0,408.8618113436382,0.002313463023644763,0.0,0.0,0.36639027982183153,TXN000762,AC24860,CUS89213,M296,DVC_6468,Sydney,POS Debit,Retail,0,0
62.219354569585086,1376.347887654695,1.0,247.99863581727953,0.04517330380164903,0.0,0.0,0.14998170823114862,TXN000763,AC42924,CUS72787,M145,DVC_8696,Paris,POS Debit,Electronics,0,0
229.4287763707391,1604.2241420335474,1.0,82.23945372664582,0.1429263181153578,0.0,0.0,0.29873868116363395,TXN000764,AC83134,CUS39535,M248,DVC_3739,New York,ATM Withdrawal,Restaurant,0,0
85.95207182997707,87810.85384324506,1.0,69.84200967639518,0.000978820831905133,0.0,0.0,0.45247707701861456,TXN000765,AC47529,CUS68162,M671,DVC_5823,Tokyo,ACH Transfer,Gas Station,0,0
5749.475250040135,1907.2625047703254,5.0,16.703988940409957,3.012937284921463,0.0,1.0,0.8061010221365241,TXN000766,AC42453,CUS48450,M237,DVC_6060,Singapore,POS Debit,Travel,1,1
61.60312333642826,17519.92053203182,1.0,186.2076239073585,0.003515975272178489,0.0,0.0,0.13077092311211716,TXN000767,AC86511,CUS28677,M589,DVC_8040,Chicago,ACH Transfer,Electronics,0,0
484.6142303623713,14061.874784808446,2.0,101.95022018486559,0.03446053796097796,0.0,0.0,0.1387966588350593,TXN000768,AC64389,CUS85200,M501,DVC_9402,Chicago,ATM Withdrawal,Restaurant,0,0
46.85525633912012,1365.819532465126,2.0,357.3764541547311,0.034280499529161956,0.0,0.0,0.09047692577700457,TXN000769,AC96090,CUS53161,M701,DVC_9477,London,Wire Transfer,Retail,0,0
10.651437922003952,3094.8656325191596,2.0,18.886733670783222,0.0034405362461860764,0.0,0.0,0.24351489310641183,TXN000770,AC64199,CUS51205,M823,DVC_6838,Moscow,Online Purchase,Restaurant,0,0
189.9286685247013,3347.6090475715428,2.0,6.163346394064639,0.056718675075682595,0.0,0.0,0.23567421651512482,TXN000771,AC41444,CUS51774,M780,DVC_9685,Dubai,POS Debit,Restaurant,0,0
449.6819410631779,7371.050264080616,2.0,16.9614149362685,0.06099821962069309,0.0,0.0,0.11770420182861792,TXN000772,AC58112,CUS62266,M724,DVC_2017,Dubai,ATM Withdrawal,Gas Station,0,0
196.6979889833016,8024.2061995020595,2.0,101.13204548392005,0.02451002305654229,0.0,0.0,0.2388998297117029,TXN000773,AC28798,CUS79794,M440,DVC_4490,Sydney,ATM Withdrawal,Electronics,0,0
882.7351656640138,1533.7148825129489,9.0,0.9722005799559794,0.5751786053046019,0.0,1.0,0.8513854643174924,TXN000774,AC70147,CUS71905,M677,DVC_3884,Chicago,POS Debit,Restaurant,1,1
1669.012062106529,529.4308492682034,6.0,26.670379004102067,3.1465214823178984,1.0,1.0,0.6370207795432811,TXN000775,AC21441,CUS96527,M401,DVC_3814,Tokyo,Online Purchase,Retail,1,1
23094.139657726537,511.03574289560805,6.0,0.5862729946799363,5.0,1.0,1.0,0.8237521656399412,TXN000776,AC77691,CUS19362,M217,DVC_9714,Singapore,Wire Transfer,Retail,1,1
1118.4131698194135,7903.68579919269,2.0,374.88164532410843,0.14148736562478392,0.0,0.0,0.12493509648534416,TXN000777,AC57792,CUS24255,M836,DVC_5914,Sydney,POS Debit,Gas Station,0,0
129.26399819844534,13250.880555685104,2.0,7.630498938633663,0.009754389020884331,0.0,0.0,0.3457683163462318,TXN000778,AC72942,CUS37138,M250,DVC_8915,New York,Wire Transfer,Restaurant,0,0
223.41013486508456,2143.035619315966,1.0,162.40714495970897,0.10420075713870902,0.0,0.0,0.02278250246770295,TXN000779,AC95677,CUS61345,M266,DVC_4064,Lagos,ATM Withdrawal,Retail,0,0
437.26441501862377,24955.520996759446,1.0,74.46825355627347,0.01752104850974227,0.0,0.0,0.26771864916073645,TXN000780,AC42860,CUS21775,M706,DVC_1589,Lagos,POS Debit,Retail,0,0
21.491033505551506,11095.571518474426,1.0,88.28037096627197,0.0019367273458988283,0.0,0.0,0.26666752291010104,TXN000781,AC22468,CUS33795,M871,DVC_9826,London,Wire Transfer,Gas Station,0,0
77734.82235236009,1441.9321094099944,9.0,2.468383474432566,5.0,0.0,0.0,0.8864778198856014,TXN000782,AC68014,CUS86071,M524,DVC_9399,Lagos,ACH Transfer,Restaurant,1,1
39.914575434374456,4365.0253362864105,2.0,17.532560941454967,0.00914208515984573,0.0,0.0,0.13917516584209488,TXN000783,AC44911,CUS16950,M870,DVC_3233,Lagos,ACH Transfer,Gas Station,0,0
81.8125234666937,717.7848116352804,1.0,114.60843282118552,0.11382060686642097,0.0,0.0,0.5218818011179172,TXN000784,AC65123,CUS36937,M536,DVC_2313,Sydney,ACH Transfer,Restaurant,0,0
123.84785984678342,5092.506523073736,1.0,74.89552785464306,0.024314852505979707,0.0,0.0,0.3212177965289479,TXN000785,AC71333,CUS78152,M731,DVC_9169,Moscow,Wire Transfer,Retail,0,0
6.939230873447987,11390.69095949828,1.0,2.287367786651543,0.0006091484484717454,0.0,0.0,0.509945671423583,TXN000786,AC27986,CUS69868,M173,DVC_1970,Chicago,ACH Transfer,Electronics,0,0
114.59355768615785,9133.481498939565,2.0,159.94403531207004,0.012545162820622185,1.0,0.0,0.2238384280791827,TXN000787,AC45719,CUS69925,M461,DVC_5706,Chicago,ATM Withdrawal,Retail,0,0
102.83308169785296,17524.972347744228,1.0,294.02931816645565,0.005867467987366112,0.0,0.0,0.1869202395841771,TXN000788,AC69116,CUS21826,M195,DVC_7589,Sydney,Wire Transfer,Electronics,0,0
2666.318198985206,1163.4136002596902,6.0,1.313228468098253,2.2898377332509323,1.0,0.0,0.6709608734615397,TXN000789,AC85794,CUS63721,M391,DVC_4185,Singapore,ATM Withdrawal,Restaurant,1,1
50104.431270798144,372.85580797893977,6.0,19.683723239726454,5.0,0.0,1.0,0.6947988704322277,TXN000790,AC11310,CUS80359,M276,DVC_8264,Tokyo,Online Purchase,Restaurant,1,1
29.86511028373938,4332.715581909732,2.0,79.6901784309382,0.006891340633521402,1.0,0.0,0.4705702002845227,TXN000791,AC73798,CUS40161,M126,DVC_8126,Dubai,Wire Transfer,Travel,0,0
999.5562852793164,36404.50238287455,2.0,16.211819568160944,0.02745618711059227,0.0,0.0,0.4438131232313035,TXN000792,AC81782,CUS26366,M920,DVC_3375,New York,ACH Transfer,Restaurant,0,0
269.9894039328463,1775.8000427139614,7.0,39.99285577200719,0.15195260999681923,0.0,0.0,0.6773939386529306,TXN000793,AC92078,CUS22767,M404,DVC_5444,Lagos,ACH Transfer,Restaurant,1,1
310.1944711228611,22540.70576042915,2.0,52.12096433243305,0.013760913855392087,0.0,0.0,0.23288787523285379,TXN000794,AC30162,CUS72846,M822,DVC_7450,Singapore,Online Purchase,Travel,0,0
722.7645979237367,140.84964390869385,8.0,8.274293454679572,5.0,0.0,0.0,0.7788315732124256,TXN000795,AC26761,CUS82451,M969,DVC_1198,Dubai,POS Debit,Electronics,1,1
211.79061387576257,12900.204910368977,2.0,3.7752396631506855,0.016416343694032942,0.0,0.0,0.22118242379174322,TXN000796,AC29679,CUS39259,M868,DVC_4248,Singapore,Online Purchase,Restaurant,0,0
10554.294473765274,2728.3579644421548,4.0,0.557417106043851,3.866951353126168,1.0,1.0,0.7741306759589316,TXN000797,AC84441,CUS22496,M929,DVC_2147,Moscow,ACH Transfer,Gas Station,1,1
43.21461016810498,6863.700090910136,2.0,89.19054457789689,0.00629519273905752,0.0,0.0,0.06922670310904783,TXN000798,AC22379,CUS91876,M304,DVC_6276,Chicago,ACH Transfer,Restaurant,0,0
12.984110264953905,2592.6746980655685,2.0,105.20752477927917,0.005006067366365489,0.0,0.0,0.03286715516530437,TXN000799,AC57770,CUS42804,M966,DVC_7750,New York,POS Debit,Restaurant,0,0
41.8936995644819,21120.30656207581,2.0,424.4614828087914,0.00198348049356491,1.0,0.0,0.10838800789696995,TXN000800,AC69567,CUS57708,M677,DVC_5706,Chicago,Online Purchase,Retail,0,0
13.793135344071413,984.0290502375142,2.0,213.90169684867578,0.0140027701119531,0.0,0.0,0.1494739801223,TXN000801,AC23421,CUS19349,M761,DVC_5035,Lagos,ATM Withdrawal,Restaurant,0,0
259.66809803137835,3252.0378146720927,8.0,0.3900540467899156,0.07982326453759744,1.0,1.0,0.7173705278495812,TXN000802,AC58938,CUS83454,M778,DVC_4968,Chicago,Online Purchase,Restaurant,1,1
8.37155983663685,7865.092268436006,2.0,349.43241850099594,0.001064259043874824,0.0,0.0,0.1290727934086089,TXN000803,AC20974,CUS73899,M319,DVC_6054,Tokyo,ATM Withdrawal,Gas Station,0,0
96.69449226458545,10864.138490064475,1.0,248.1542886138265,0.008899517696254569,0.0,0.0,0.2673563540177261,TXN000804,AC12500,CUS74135,M399,DVC_2426,Singapore,ACH Transfer,Travel,0,0
271.20955278661535,3437.091632384113,1.0,135.8396343459491,0.07888374766746621,0.0,0.0,0.15018725024426552,TXN000805,AC70490,CUS63982,M357,DVC_2841,Sydney,ACH Transfer,Travel,0,0
24.417616838630934,27838.47042340602,1.0,124.3704246132988,0.0008770862544174632,0.0,0.0,0.18738561542281457,TXN000806,AC61015,CUS33699,M814,DVC_8287,London,Online Purchase,Travel,0,0
844.655974234776,155.45843416386975,1.0,28.39406959072691,5.0,0.0,0.0,0.12155379832621313,TXN000807,AC59643,CUS94879,M339,DVC_5863,Chicago,ACH Transfer,Retail,0,0
443.1166130225749,1824.7640824091459,2.0,67.03801453333513,0.24270201023884222,1.0,0.0,0.13073030395854773,TXN000808,AC83649,CUS35996,M926,DVC_7174,Chicago,POS Debit,Restaurant,0,0
87.78740920651714,11777.696484357057,1.0,91.77124364243579,0.007453066587045947,0.0,0.0,0.1414217889931623,TXN000809,AC21805,CUS18698,M328,DVC_3144,Sydney,Wire Transfer,Electronics,0,0
33.560021603292995,15097.708412775815,1.0,236.8225994754244,0.002222708107595222,0.0,1.0,0.13275486151847143,TXN000810,AC17731,CUS36190,M573,DVC_1704,Paris,ATM Withdrawal,Electronics,0,0
57.7003247355109,1397.6093921884035,1.0,184.49418558664172,0.0412554963936194,0.0,0.0,0.3726651223232722,TXN000811,AC61907,CUS55885,M255,DVC_2069,Moscow,ACH Transfer,Gas Station,0,0
366.1908730527474,13454.046861265166,2.0,42.535685826313426,0.027215874967106195,0.0,0.0,0.22765945122790118,TXN000812,AC21460,CUS10972,M317,DVC_8728,London,ATM Withdrawal,Retail,0,0
71.33653677974267,20198.38711444609,2.0,279.0356765531949,0.003531618874155077,0.0,0.0,0.10000980298875964,TXN000813,AC21294,CUS89214,M564,DVC_7480,Paris,Online Purchase,Retail,0,0
161.38647795082133,555.8157208361155,1.0,20.1654912515463,0.2898382209979329,0.0,0.0,0.3418522439734648,TXN000814,AC20059,CUS88457,M294,DVC_7817,Moscow,POS Debit,Restaurant,0,0
30.89422673837329,18722.93711358164,2.0,246.7864777896607,0.0016499856067110897,0.0,0.0,0.15455997950816466,TXN000815,AC41856,CUS28715,M369,DVC_7428,Paris,ATM Withdrawal,Electronics,0,0
370.6123437891544,14628.046342383492,2.0,50.58761379830303,0.02533400572499458,0.0,0.0,0.2793473713651247,TXN000816,AC17817,CUS42006,M627,DVC_7277,Dubai,ACH Transfer,Retail,0,0
130.55372818620125,13728.371056388656,2.0,44.41017308247794,0.009509082947062677,0.0,0.0,0.07316145135739305,TXN000817,AC13033,CUS65572,M852,DVC_9960,Tokyo,Wire Transfer,Gas Station,0,0
46.621193981632224,1877.6760285278328,1.0,21.193513909805663,0.02481598384909691,0.0,0.0,0.2695168833549807,TXN000818,AC22971,CUS27830,M863,DVC_9451,London,POS Debit,Electronics,0,0
54.68855762279266,54640.478425316316,1.0,26.497164496191477,0.0010008616018239824,0.0,0.0,0.08073849709310463,TXN000819,AC75925,CUS93452,M662,DVC_7646,New York,Online Purchase,Retail,0,0
59.630624106832414,37709.36416273047,1.0,37.17130567537544,0.0015812794554173509,0.0,0.0,0.4408927467003661,TXN000820,AC66986,CUS42107,M455,DVC_7735,London,ACH Transfer,Restaurant,0,0
5177.64468463387,1889.3502182679124,9.0,14.823178727476272,2.738987006004652,1.0,0.0,0.8714464150362934,TXN000821,AC40995,CUS62105,M639,DVC_3943,Dubai,POS Debit,Restaurant,1,1
13.67720168570264,2621.094202128729,2.0,60.82700177143293,0.00521613665695111,0.0,0.0,0.1324425757262026,TXN000822,AC84971,CUS74030,M575,DVC_9275,New York,ACH Transfer,Restaurant,0,0
418.72720007804514,5487.893640533897,2.0,118.89630238201879,0.07628626595820066,0.0,0.0,0.12819887005398897,TXN000823,AC29731,CUS77369,M664,DVC_5505,Sydney,Online Purchase,Restaurant,0,0
101.022668507767,11309.911947368264,2.0,28.86547270645295,0.008931434439401871,0.0,0.0,0.23164818343089955,TXN000824,AC10011,CUS90332,M407,DVC_6275,New York,Online Purchase,Electronics,0,0
127.28546947992344,7061.699075481726,2.0,78.76552568411887,0.018022213337928698,0.0,0.0,0.07766240179833424,TXN000825,AC85244,CUS99402,M727,DVC_4561,Paris,Wire Transfer,Electronics,0,0
146.12700026207483,20962.523709221903,2.0,36.88041394156868,0.006970536169823073,0.0,0.0,0.16180261180622488,TXN000826,AC28004,CUS32133,M508,DVC_7471,Tokyo,POS Debit,Retail,0,0
118.26784457986943,2795.1197188061783,1.0,26.21369368813571,0.042297131909060266,0.0,0.0,0.08255959758187285,TXN000827,AC32537,CUS12407,M540,DVC_3393,Sydney,Wire Transfer,Gas Station,0,0
387.8389689480065,4700.033936794471,2.0,124.24483774549573,0.08250078050116463,0.0,0.0,0.03273299569241272,TXN000828,AC34836,CUS13305,M620,DVC_7240,Sydney,Wire Transfer,Travel,0,0
66.76927514583224,7530.029397138993,1.0,124.18188052023787,0.008865889591560698,1.0,0.0,0.4416239302015851,TXN000829,AC18511,CUS41653,M622,DVC_3684,Tokyo,Wire Transfer,Travel,0,0
166.75791352561635,296.3825191190015,2.0,390.5950189028007,0.5607522393032323,0.0,0.0,0.05134033641494549,TXN000830,AC22473,CUS80698,M584,DVC_3230,Moscow,ATM Withdrawal,Restaurant,0,0
477.349562927434,12351.266351997898,1.0,61.878477594782,0.03864469477297386,0.0,0.0,0.14290773133080067,TXN000831,AC20468,CUS72691,M718,DVC_4747,Moscow,Online Purchase,Retail,0,0
120.60983801247075,17226.02568387615,2.0,41.965427964178026,0.007001199175395497,0.0,0.0,0.08033896275677,TXN000832,AC65965,CUS34449,M912,DVC_1895,Sydney,Wire Transfer,Travel,0,0
899.3532882696488,1926.2630081088364,8.0,7.459648952755424,0.4666479273901264,0.0,0.0,0.7058070080621595,TXN000833,AC78368,CUS88469,M952,DVC_9852,London,ATM Withdrawal,Travel,1,1
327.40848022205637,88.99244606531373,1.0,153.88044466579927,3.6381773641804718,0.0,0.0,0.39262422309030404,TXN000834,AC98898,CUS44124,M357,DVC_6040,Singapore,ATM Withdrawal,Travel,0,0
18.462103129154247,4361.203222721369,1.0,257.3021765074129,0.00423228863639155,0.0,0.0,0.3212255733973327,TXN000835,AC96036,CUS28637,M793,DVC_2110,Moscow,ATM Withdrawal,Travel,0,0
186.97328488822586,29985.615731507172,2.0,11.4540163245273,0.006235224626958205,0.0,0.0,0.13458234009136863,TXN000836,AC10015,CUS87725,M269,DVC_4745,Tokyo,Wire Transfer,Travel,0,0
56.26213319640911,10805.889664879585,1.0,106.7775282465927,0.005206135617285957,0.0,0.0,0.5712129750895601,TXN000837,AC86255,CUS27506,M560,DVC_7823,Lagos,ATM Withdrawal,Retail,0,0
210.46141245102717,1961.3355219895782,2.0,16.341244367378803,0.10725047276198924,0.0,0.0,0.1306805614235844,TXN000838,AC79402,CUS56116,M936,DVC_3137,Tokyo,Wire Transfer,Travel,0,0
112.61004798073215,1856.6788931926235,2.0,41.028329003740886,0.06061868302072352,0.0,0.0,0.3138016209204817,TXN000839,AC25986,CUS98437,M750,DVC_2840,Paris,POS Debit,Travel,0,0
3099.0202601385104,74.54418132678623,8.0,2.251368687783579,5.0,1.0,0.0,0.8387028219565054,TXN000840,AC12345,CUS66710,M896,DVC_2910,Sydney,Online Purchase,Retail,1,1
5067.1401740237425,281.7488649486814,9.0,37.99922193885596,5.0,0.0,1.0,0.8594882586765481,TXN000841,AC18450,CUS27893,M210,DVC_1742,Moscow,ACH Transfer,Electronics,1,1
1199.3766594409547,106.15452435980657,5.0,1.0654019077940422,5.0,1.0,1.0,0.8707800252523724,TXN000842,AC25349,CUS89761,M703,DVC_4160,Chicago,Wire Transfer,Electronics,1,1
80.8274929436277,2797.463977854417,1.0,48.58687723056813,0.02888280627631954,0.0,0.0,0.08167912277628049,TXN000843,AC76599,CUS43761,M319,DVC_2316,London,Online Purchase,Electronics,0,0
6717.125008854156,12069.357520179885,6.0,3.413195409868938,0.5564976014690616,1.0,1.0,0.7539361639494725,TXN000844,AC26659,CUS42822,M104,DVC_5541,Moscow,Wire Transfer,Travel,1,1
222.29602627969697,998.5619527114922,1.0,59.53061891620667,0.22239344512531603,0.0,0.0,0.11170746155433571,TXN000845,AC53751,CUS90626,M631,DVC_8566,Dubai,POS Debit,Retail,0,0
9.485772423816634,14672.030496786898,1.0,261.20905768258075,0.0006464767060828933,0.0,0.0,0.050879931233454107,TXN000846,AC31306,CUS33113,M712,DVC_8681,Paris,Online Purchase,Electronics,0,0
52.88190916251797,21961.6739071751,1.0,152.15897130388007,0.0024078083290778956,0.0,0.0,0.07695153480785637,TXN000847,AC90476,CUS86089,M394,DVC_8007,Paris,Online Purchase,Restaurant,0,0
20.058714712802477,19444.440146219353,2.0,169.99511410367737,0.001031538219858827,0.0,0.0,0.08246164636502402,TXN000848,AC79118,CUS93676,M557,DVC_4805,New York,ATM Withdrawal,Restaurant,0,0
127.95606565863888,2202.968178738808,1.0,2.7980190044403064,0.05805712936012536,0.0,0.0,0.06818415200767754,TXN000849,AC76867,CUS48927,M768,DVC_9108,Chicago,Wire Transfer,Retail,0,0
120.54309684887193,6597.900463638089,1.0,89.36844587550569,0.018267148824732297,0.0,0.0,0.23679309966681927,TXN000850,AC18066,CUS81064,M994,DVC_2731,Paris,Wire Transfer,Travel,0,0
2232.5631646025436,2529.0541925218895,7.0,17.130656872563172,0.8824171320920147,0.0,1.0,0.8495998102444569,TXN000851,AC36132,CUS87178,M612,DVC_8409,Chicago,ACH Transfer,Electronics,1,1
18.240121560283644,7693.830585808116,1.0,11.907180839214222,0.0023704383555792157,0.0,0.0,0.22523806509434344,TXN000852,AC88772,CUS70086,M311,DVC_2567,Sydney,ATM Withdrawal,Travel,0,0
56.57008755207951,3894.3648611479825,2.0,81.62989021124108,0.014522410497744243,0.0,0.0,0.2667859586483859,TXN000853,AC76015,CUS59715,M218,DVC_2810,Tokyo,ATM Withdrawal,Electronics,0,0
132.5900811821081,1486.3474262693253,1.0,6.957866842689582,0.0891453327180458,0.0,0.0,0.1296786958417143,TXN000854,AC30893,CUS57614,M484,DVC_8874,Tokyo,ACH Transfer,Gas Station,0,0
132.10303563666918,98521.28315262099,2.0,4.081178215391011,0.00134084423756226,0.0,0.0,0.19049512263266663,TXN000855,AC78582,CUS94314,M359,DVC_6123,Singapore,ATM Withdrawal,Gas Station,0,0
128.91471948571495,3548.1162308634603,2.0,98.20195581405063,0.036323048077338244,0.0,0.0,0.38375617795206196,TXN000856,AC77024,CUS39593,M498,DVC_9796,Sydney,ATM Withdrawal,Travel,0,0
161.65213988414078,57831.440619285495,1.0,13.440022662558746,0.002795181011783797,0.0,0.0,0.22587123826340605,TXN000857,AC23720,CUS46888,M274,DVC_9669,Sydney,POS Debit,Restaurant,0,0
114.10505117764495,4426.595318406014,1.0,141.79083748572364,0.025771337028769856,0.0,0.0,0.2519633494526897,TXN000858,AC37400,CUS96107,M513,DVC_8280,Chicago,Online Purchase,Travel,0,0
24.846288099009584,50535.14655766616,1.0,109.74314464120235,0.000491653792215,0.0,0.0,0.4850279631454756,TXN000859,AC94012,CUS20568,M233,DVC_6852,Lagos,ACH Transfer,Electronics,0,0
688.1874440111961,6368.080193923203,1.0,95.05739578553728,0.10805130773322684,0.0,0.0,0.11715452283788032,TXN000860,AC38946,CUS13019,M201,DVC_5705,Moscow,POS Debit,Travel,0,0
29.693264241688244,3053.397728651644,2.0,29.70699398715692,0.009721479283183026,1.0,0.0,0.09566046753852851,TXN000861,AC36510,CUS88165,M484,DVC_1141,Sydney,POS Debit,Travel,0,0
110.18416262162285,72641.6630974031,1.0,11.054627765169652,0.0015167968508241793,0.0,0.0,0.15821832448168782,TXN000862,AC58162,CUS12944,M554,DVC_5655,Moscow,POS Debit,Electronics,0,0
32.58485266834947,2440.460801190084,2.0,114.28265295356124,0.013346457437475983,0.0,0.0,0.1474356711271247,TXN000863,AC40199,CUS56527,M161,DVC_3098,Singapore,ATM Withdrawal,Restaurant,0,0
19.3682421394588,23367.895467110648,1.0,246.01108534630828,0.0008288043466460637,0.0,0.0,0.13313343769661737,TXN000864,AC34039,CUS98459,M665,DVC_6389,Moscow,ACH Transfer,Gas Station,0,0
411.6993619676322,1575.1395482637604,2.0,186.73075212011616,0.261207430789457,0.0,0.0,0.1993505555919382,TXN000865,AC29188,CUS63143,M916,DVC_2286,London,ATM Withdrawal,Electronics,0,0
51.55838656629809,1710.2603504709873,1.0,57.20199249968692,0.030128896840336282,0.0,0.0,0.31304860150725,TXN000866,AC17990,CUS35117,M106,DVC_1807,London,ATM Withdrawal,Travel,0,0
15101.497040763572,261.2513249486386,4.0,17.591561694308908,5.0,0.0,1.0,0.9294001189951224,TXN000867,AC18975,CUS69917,M967,DVC_8388,Lagos,POS Debit,Retail,1,1
12847.11074471897,314.3851213794275,8.0,17.979576983675678,5.0,1.0,0.0,0.7732524648233128,TXN000868,AC14273,CUS11153,M614,DVC_4805,Tokyo,Wire Transfer,Travel,1,1
256.4118046760276,5517.777168234374,2.0,151.19127277368707,0.04646170643596788,0.0,0.0,0.17912558084168548,TXN000869,AC81997,CUS87317,M431,DVC_5504,Lagos,ACH Transfer,Travel,0,0
778.3870018775223,17298.65207574967,2.0,85.53723096020288,0.04499437320873353,0.0,0.0,0.05573735009356571,TXN000870,AC50326,CUS52706,M478,DVC_1973,Paris,ACH Transfer,Retail,0,0
20.075711860146527,8971.04789913282,1.0,83.5023389740663,0.0022375841152260136,0.0,0.0,0.41374868802160375,TXN000871,AC61350,CUS93092,M544,DVC_3938,Dubai,POS Debit,Travel,0,0
525.9715512169238,10576.29894600732,7.0,5.955603077536925,0.04972645227309809,0.0,1.0,0.727236694253734,TXN000872,AC18732,CUS73468,M434,DVC_1085,Tokyo,POS Debit,Retail,1,1
88.37845170995563,13136.152831132858,1.0,210.64539064051698,0.0067273672496610875,0.0,0.0,0.148839215636671,TXN000873,AC82911,CUS68643,M567,DVC_8723,Sydney,Online Purchase,Travel,0,0
59425.493792685375,197.44973311718715,4.0,10.038990231823046,5.0,1.0,1.0,0.5167038105361565,TXN000874,AC23660,CUS30116,M760,DVC_9651,Lagos,POS Debit,Restaurant,1,1
98.61333241861472,2718.6327112507224,1.0,134.57368633194852,0.03625979788030413,0.0,0.0,0.22204063236608965,TXN000875,AC34273,CUS17719,M387,DVC_3508,New York,ATM Withdrawal,Gas Station,0,0
201.9977094693815,5710.254939386287,9.0,22.538477649131522,0.03536835802519569,1.0,1.0,0.9107442555949512,TXN000876,AC75948,CUS46035,M111,DVC_2144,Dubai,POS Debit,Restaurant,1,1
2752.5260020726446,203.9502908800104,5.0,8.477904493147678,5.0,0.0,0.0,0.8104276291557024,TXN000877,AC65020,CUS96424,M203,DVC_8828,Dubai,ACH Transfer,Electronics,1,1
22.8372758058036,93316.25059120578,1.0,92.76267686618837,0.0002447272681215898,0.0,0.0,0.05893780982646508,TXN000878,AC36359,CUS39554,M722,DVC_5664,Chicago,Wire Transfer,Electronics,0,0
385.95363280202275,7353.760488459291,2.0,62.42824892051789,0.05247670993605314,0.0,0.0,0.23185098544949517,TXN000879,AC81263,CUS11222,M362,DVC_5645,Singapore,Wire Transfer,Travel,0,0
233.4849487102157,4465.815081867609,1.0,303.2582788550386,0.05227101288746296,0.0,0.0,0.12152960776754079,TXN000880,AC25907,CUS14640,M534,DVC_6832,Dubai,ATM Withdrawal,Electronics,0,0
139.48446080241422,16533.535037014797,1.0,146.12981484000025,0.00843594697342014,0.0,0.0,0.12686796282624918,TXN000881,AC88824,CUS14914,M272,DVC_5266,Sydney,Wire Transfer,Electronics,0,0
22.81751747379218,69747.09840104937,1.0,110.80011724820415,0.000327141785896329,0.0,0.0,0.15582429396929656,TXN000882,AC95430,CUS59753,M706,DVC_5130,New York,POS Debit,Travel,0,0
1424.0021079940593,14.595546802241897,9.0,23.466698793933055,5.0,1.0,1.0,0.8589853900787168,TXN000883,AC29780,CUS89815,M420,DVC_2191,London,Wire Transfer,Travel,1,1
43.782472764349166,43762.389479820304,2.0,186.87307265563592,0.0010004360559078191,0.0,0.0,0.13895618960754155,TXN000884,AC14677,CUS37737,M814,DVC_6921,Lagos,POS Debit,Gas Station,0,0
90.71354856716641,4249.412512744284,1.0,232.06085003260299,0.021342292846911724,0.0,0.0,0.07728060802700151,TXN000885,AC56548,CUS47748,M144,DVC_3025,Sydney,Online Purchase,Retail,0,0
496.1328998290109,3927.016439364383,2.0,208.96663624978916,0.1263062177787864,0.0,0.0,0.3427925586046658,TXN000886,AC17122,CUS21086,M645,DVC_4511,Lagos,ACH Transfer,Travel,0,0
357.4973650233383,1434.3341272084144,1.0,71.95587029217933,0.24906909007914135,0.0,0.0,0.09810499619284048,TXN000887,AC60794,CUS28195,M310,DVC_6741,New York,ATM Withdrawal,Gas Station,0,0
1041.175717679468,199.9055019518021,4.0,7.903728063340094,5.0,1.0,1.0,0.8557231760663478,TXN000888,AC11294,CUS57890,M836,DVC_9024,Lagos,Online Purchase,Restaurant,1,1
43.30467144767218,10266.507315346884,1.0,26.250780479724515,0.004217642132374673,0.0,0.0,0.12326519885945982,TXN000889,AC58070,CUS72391,M516,DVC_8872,Moscow,Wire Transfer,Electronics,0,0
46.89402528248198,3662.8683854581914,2.0,21.48375481430743,0.012799047440842383,0.0,0.0,0.23827317406529014,TXN000890,AC50555,CUS15687,M363,DVC_4692,New York,ATM Withdrawal,Retail,0,0
33.358842102724076,20621.032639978515,2.0,2.900885180742963,0.0016176311368091612,0.0,0.0,0.0769668276396306,TXN000891,AC18555,CUS19964,M400,DVC_7499,New York,POS Debit,Restaurant,0,0
34.02076204224215,29106.097437625252,1.0,423.1024754724947,0.0011688132805116203,0.0,0.0,0.05777585452054259,TXN000892,AC12116,CUS91920,M555,DVC_9159,London,Online Purchase,Travel,0,0
255.577861301767,4357.229505573558,2.0,95.72024608601768,0.05864258891710938,0.0,0.0,0.18803836702959656,TXN000893,AC20547,CUS56246,M325,DVC_5628,Moscow,ACH Transfer,Restaurant,0,0
115.7683600267521,9449.593117742666,2.0,21.600606315360018,0.012249851261653311,0.0,0.0,0.2818716807229058,TXN000894,AC22710,CUS63796,M203,DVC_7516,Dubai,ACH Transfer,Gas Station,0,0
87.29866012680132,41487.79146302387,2.0,339.5565763275687,0.002104150471690762,0.0,0.0,0.07820612849687084,TXN000895,AC78097,CUS48673,M320,DVC_4483,Dubai,Online Purchase,Travel,0,0
5682.049049230105,196.40721542166418,6.0,2.153065140066045,5.0,1.0,0.0,0.9982209046996434,TXN000896,AC48807,CUS56023,M433,DVC_2015,Moscow,Online Purchase,Travel,1,1
95.41406061865618,4125.657636146571,2.0,2.9632056634218626,0.02312139000407914,0.0,0.0,0.18846780988415704,TXN000897,AC50636,CUS15361,M517,DVC_7157,Sydney,Online Purchase,Retail,0,0
552.1068685039902,349.16957185827954,9.0,44.849946495741655,1.5766843063321294,0.0,0.0,0.7502686926866842,TXN000898,AC41086,CUS44949,M400,DVC_7358,New York,Wire Transfer,Gas Station,1,1
25.159499615258206,18643.80073437958,2.0,35.18725496572003,0.0013494110220693334,0.0,1.0,0.19457470490824602,TXN000899,AC65417,CUS87051,M734,DVC_3583,London,ACH Transfer,Electronics,0,0
27.81244385036753,1258.101524089027,2.0,58.736631829483,0.02208911935873489,0.0,0.0,0.049102876455310446,TXN000900,AC45310,CUS89626,M584,DVC_6139,Tokyo,ACH Transfer,Restaurant,0,0
1239.9649361398137,659.3300118046243,9.0,104.46981682114964,1.877795820231005,1.0,1.0,0.788602819063879,TXN000901,AC49488,CUS86505,M556,DVC_1927,Tokyo,Wire Transfer,Retail,1,1
24036.16103636927,113081.70158172057,6.0,1.5495677555408707,0.2125538274215995,1.0,1.0,0.6938806041115455,TXN000902,AC63172,CUS80727,M535,DVC_2737,Moscow,ATM Withdrawal,Retail,1,1
24365.46046489957,681.8421880135518,5.0,19.357682066060317,5.0,0.0,0.0,0.7701152715562313,TXN000903,AC92803,CUS35484,M493,DVC_7579,Moscow,ACH Transfer,Travel,1,1
263.5470379075811,22541.294903848167,2.0,69.85160276493079,0.011691224830112187,0.0,0.0,0.16149380684573866,TXN000904,AC11172,CUS77458,M833,DVC_4038,Tokyo,ATM Withdrawal,Restaurant,0,0
985.8936085533742,8321.9086274095,9.0,16.87461310333245,0.11845541657234712,0.0,0.0,0.9239711272541342,TXN000905,AC49806,CUS44754,M142,DVC_8219,London,ATM Withdrawal,Retail,1,1
5608.683363466459,60.49811857806952,7.0,12.306407065237341,5.0,1.0,1.0,0.6985444532907157,TXN000906,AC97515,CUS95962,M309,DVC_7500,London,ATM Withdrawal,Travel,1,1
1008.3440370855524,11917.920319223353,2.0,82.61487651032454,0.08460028342158235,0.0,0.0,0.43922939849586806,TXN000907,AC63826,CUS38217,M948,DVC_2721,New York,ACH Transfer,Travel,0,0
64.57478697720245,16669.93604364234,1.0,154.30036377353323,0.0038734949740166997,0.0,0.0,0.3520873786119375,TXN000908,AC90221,CUS66091,M110,DVC_3766,Moscow,POS Debit,Gas Station,0,0
4951.397647253423,651.5697462826332,5.0,28.71334856522411,5.0,1.0,1.0,0.8333417283268146,TXN000909,AC38544,CUS10500,M315,DVC_3825,Moscow,ATM Withdrawal,Travel,1,1
75.02773805964293,16381.392806480299,2.0,302.8939945137781,0.0045797789703812125,0.0,0.0,0.16989711790950496,TXN000910,AC36738,CUS89849,M263,DVC_7670,Moscow,POS Debit,Electronics,0,0
281.6059084634716,4088.0311789072625,2.0,245.723009076068,0.06886861365012309,0.0,0.0,0.03942167532214063,TXN000911,AC53635,CUS52782,M324,DVC_9410,London,Wire Transfer,Gas Station,0,0
30.625666192437905,12854.111526319657,2.0,76.25878447515558,0.0023823726561791915,0.0,0.0,0.17060795037893947,TXN000912,AC36670,CUS55306,M836,DVC_9713,Lagos,POS Debit,Gas Station,0,0
14546.512813514262,3072.4760861437503,7.0,24.643816242231672,4.732918820840926,0.0,0.0,0.4889178253455191,TXN000913,AC69665,CUS27611,M345,DVC_1404,Singapore,POS Debit,Electronics,1,1
36.41092911456752,180206.6464551995,2.0,33.17048275940862,0.00020204985654490227,0.0,0.0,0.19946744622796042,TXN000914,AC34688,CUS12055,M757,DVC_6138,New York,Online Purchase,Electronics,0,0
220.6885267420022,165778.14019185773,2.0,0.15423013299312346,0.0013312201190487376,0.0,0.0,0.22409212327241218,TXN000915,AC65840,CUS77691,M802,DVC_9771,New York,ATM Withdrawal,Retail,0,0
22.11154338223837,4797.455773455637,2.0,103.26110534751194,0.00460805401282559,0.0,0.0,0.3902437129287294,TXN000916,AC82078,CUS56824,M872,DVC_7158,Sydney,ACH Transfer,Retail,0,0
76.77196268860827,5999.738316298074,1.0,204.43979040071545,0.012793752808732675,1.0,0.0,0.3351065299174949,TXN000917,AC36939,CUS20069,M898,DVC_5421,Singapore,Online Purchase,Electronics,0,0
1192.5139836367478,3878.754513022322,1.0,167.51736356485424,0.3073684120049599,0.0,0.0,0.628261354600554,TXN000918,AC62385,CUS75297,M115,DVC_4697,Tokyo,POS Debit,Retail,0,0
26.984190392836812,435.2594834905156,1.0,8.547423799919228,0.06185353307837824,0.0,1.0,0.40879978788817156,TXN000919,AC91301,CUS91527,M293,DVC_6066,Chicago,Wire Transfer,Electronics,0,0
2931.5959835232834,212.69323648363292,7.0,4.474260801477604,5.0,0.0,0.0,0.5234742551534778,TXN000920,AC10143,CUS71405,M108,DVC_1157,Lagos,ACH Transfer,Electronics,1,1
132.6615644585661,30676.616048867767,2.0,224.2976895630125,0.004324376582823237,0.0,0.0,0.16808126949976937,TXN000921,AC62839,CUS53824,M613,DVC_4175,London,Wire Transfer,Travel,0,0
528.7033292862255,85779.00750981782,1.0,110.92544286669842,0.006163479633942834,1.0,0.0,0.09624369648593985,TXN000922,AC81337,CUS63633,M392,DVC_6911,London,POS Debit,Retail,0,0
10.681547505156825,2986.5272986265586,1.0,69.10286330833057,0.0035753807203928816,0.0,0.0,0.23581751489428207,TXN000923,AC37151,CUS71622,M183,DVC_8043,Dubai,Wire Transfer,Gas Station,0,0
47.59861451556108,499.2703950819403,1.0,31.92754048930761,0.09514577513179609,0.0,0.0,0.22906480937169765,TXN000924,AC97172,CUS83012,M308,DVC_8921,London,Online Purchase,Gas Station,0,0
646.263647706225,14315.64245551828,2.0,251.07707078138998,0.04514072693469591,0.0,0.0,0.1724743561246268,TXN000925,AC64770,CUS78505,M157,DVC_1805,Paris,Wire Transfer,Retail,0,0
72.48822273940198,7196.852000221282,1.0,1.1697251825354156,0.010070813172759525,0.0,0.0,0.26413597278670436,TXN000926,AC96405,CUS89026,M950,DVC_9705,Chicago,Online Purchase,Retail,0,0
169.97158996440518,104272.07990417452,2.0,150.27589061723413,0.0016300620459336836,0.0,0.0,0.04383744576858209,TXN000927,AC82873,CUS67037,M611,DVC_8235,Lagos,ATM Withdrawal,Retail,0,0
152.03127588481735,74827.5306193469,2.0,24.80349633697313,0.002031728735369684,0.0,0.0,0.27569278423317567,TXN000928,AC34535,CUS31494,M717,DVC_1503,London,ACH Transfer,Retail,0,0
17.933301201477796,4329.189761151809,1.0,83.08611547538302,0.004141458501972816,0.0,0.0,0.05188146426543733,TXN000929,AC52980,CUS15723,M747,DVC_8236,Sydney,Wire Transfer,Travel,0,0
223.8022981500141,22081.837854192578,2.0,9.789234392256223,0.010134671079311652,0.0,0.0,0.18541770025693569,TXN000930,AC72623,CUS74738,M919,DVC_8726,New York,Online Purchase,Electronics,0,0
14421.132328179905,14258.63374871043,8.0,38.00786520189111,1.0113255769618963,1.0,1.0,0.8021358900655483,TXN000931,AC18116,CUS46357,M430,DVC_6986,London,POS Debit,Retail,1,1
57.963337918030746,2815.534354628076,2.0,208.53699670398905,0.020579666575977134,0.0,0.0,0.05479744817314257,TXN000932,AC95650,CUS80667,M560,DVC_6183,Lagos,POS Debit,Retail,0,0
3621.548479573726,12560.209156731657,2.0,266.87528721028605,0.28831209116782425,0.0,0.0,0.1368289750607208,TXN000933,AC68092,CUS27657,M688,DVC_3639,Paris,Online Purchase,Electronics,0,0
124.07308372763862,32849.51003272621,2.0,50.68391598046425,0.003776899768193401,0.0,0.0,0.27810666264006045,TXN000934,AC57515,CUS85973,M424,DVC_9957,New York,ACH Transfer,Electronics,0,0
96639.72649077258,499.4859824016937,5.0,11.073544676636729,5.0,0.0,1.0,0.6254293542803152,TXN000935,AC23998,CUS79246,M309,DVC_1236,Dubai,ATM Withdrawal,Electronics,1,1
83.34878100612936,519.2973403291298,1.0,85.53421097926594,0.16019451676113616,0.0,0.0,0.13309678356944815,TXN000936,AC40279,CUS56527,M843,DVC_5491,Tokyo,ATM Withdrawal,Restaurant,0,0
187.543636551675,2769.3281270081175,2.0,87.70013494883557,0.06769726471146119,0.0,0.0,0.5498751912972082,TXN000937,AC75150,CUS45708,M224,DVC_6960,Paris,ACH Transfer,Gas Station,0,0
39.755095081220766,1348.9197347206466,2.0,460.7975896944728,0.02944996954907672,0.0,0.0,0.28198625214285017,TXN000938,AC62096,CUS75956,M791,DVC_2799,London,Wire Transfer,Retail,0,0
22.619394615588202,19112.27662078701,1.0,214.76716424355502,0.001183438876774694,0.0,0.0,0.38174323779819386,TXN000939,AC63955,CUS45847,M561,DVC_4387,Sydney,Online Purchase,Travel,0,0
73.1354945785948,63878.91869325067,2.0,16.758453639517963,0.0011448902264542494,0.0,0.0,0.25304203347169174,TXN000940,AC60360,CUS90036,M389,DVC_4999,New York,ATM Withdrawal,Travel,0,0
681.6865595432897,4548.111097901061,2.0,13.036725524705949,0.14985049713510334,0.0,0.0,0.2846119197811932,TXN000941,AC62885,CUS71559,M313,DVC_2446,New York,ACH Transfer,Electronics,0,0
784.6342861753069,5860.904484050899,1.0,14.28660603775808,0.1338531339618624,0.0,0.0,0.23385546102894839,TXN000942,AC24905,CUS63991,M531,DVC_1131,Chicago,ATM Withdrawal,Travel,0,0
34.31527253341075,15249.76123672573,2.0,46.15900762429973,0.0022500694883856227,0.0,0.0,0.03062944742041106,TXN000943,AC73706,CUS72893,M196,DVC_7369,Paris,ATM Withdrawal,Gas Station,0,0
81.51468409714828,855.3203347645845,1.0,68.99712471933807,0.09519181174128945,0.0,0.0,0.27047530329563635,TXN000944,AC22300,CUS61486,M348,DVC_6592,Sydney,Wire Transfer,Retail,0,0
257.6307822756622,351.3663245925072,8.0,23.784809494045398,0.7311447328957965,1.0,0.0,0.8429060544889246,TXN000945,AC28202,CUS11418,M602,DVC_5213,Moscow,ATM Withdrawal,Travel,1,1
18.22001027424002,2262.4353076907614,2.0,93.71506840890203,0.008049715497647129,0.0,0.0,0.2907013736705989,TXN000946,AC79030,CUS89267,M832,DVC_7059,Paris,Online Purchase,Gas Station,0,0
53278.10114942684,3107.5378294287584,4.0,33.5917160609353,5.0,1.0,1.0,0.9046011429961831,TXN000947,AC76021,CUS77577,M624,DVC_2458,Moscow,ACH Transfer,Gas Station,1,1
77133.92914610227,41128.69468613987,5.0,42.4453184252883,1.8753829741433825,1.0,0.0,0.864414261390117,TXN000948,AC94935,CUS69129,M604,DVC_6298,Moscow,Wire Transfer,Restaurant,1,1
130.15934427394367,1131.9207074108235,2.0,150.3743399010482,0.11488830897213431,0.0,0.0,0.15114588479136676,TXN000949,AC46247,CUS89119,M917,DVC_3022,Sydney,Wire Transfer,Restaurant,0,0
58.26903792136894,10539.972030097417,1.0,413.3145195273343,0.005527861923453983,0.0,0.0,0.1856049773428964,TXN000950,AC16929,CUS72749,M190,DVC_2948,Sydney,ACH Transfer,Travel,0,0
17.198409805600132,30397.36765610197,1.0,13.063565199451881,0.0005657675438420403,0.0,0.0,0.22623668850377832,TXN000951,AC55174,CUS29952,M804,DVC_7605,Paris,Online Purchase,Gas Station,0,0
29.767036126054407,2229.254455864482,1.0,73.32844735587179,0.013346923732304002,0.0,0.0,0.31929158110478284,TXN000952,AC38603,CUS43139,M810,DVC_7861,Dubai,ATM Withdrawal,Electronics,0,0
94.21733366165961,11835.434909290258,1.0,23.613628033203863,0.007959941856116634,0.0,0.0,0.03222755754711994,TXN000953,AC55967,CUS50345,M871,DVC_8271,New York,ATM Withdrawal,Restaurant,0,0
4.4848862916261245,11489.39958927773,2.0,37.77490063166351,0.0003903159552267615,0.0,0.0,0.3350350277075216,TXN000954,AC14937,CUS64527,M675,DVC_8867,Moscow,Online Purchase,Gas Station,0,0
246.34391808122396,291430.83657776954,2.0,82.64044125341418,0.0008452882875597782,0.0,0.0,0.28025995801269826,TXN000955,AC60175,CUS61675,M941,DVC_5718,Lagos,POS Debit,Restaurant,0,0
27.98712436632384,285.5159719497728,1.0,51.66841927286926,0.09768085240019386,0.0,0.0,0.086840428810633,TXN000956,AC88610,CUS98274,M843,DVC_5150,Lagos,ACH Transfer,Retail,0,0
24.459283701314682,1912.226372231152,1.0,210.34687627775858,0.012784312434911158,0.0,0.0,0.04332752365269017,TXN000957,AC75772,CUS15650,M838,DVC_1523,New York,Online Purchase,Gas Station,0,0
138.88895467362238,40516.6010529301,2.0,47.93580728057551,0.0034278671753588037,0.0,0.0,0.272914919049275,TXN000958,AC33070,CUS57715,M266,DVC_3481,Moscow,ATM Withdrawal,Gas Station,0,0
53987.665561460744,545.1721049575659,7.0,9.257520470658173,5.0,0.0,1.0,0.943130367589076,TXN000959,AC21476,CUS11418,M350,DVC_5484,Tokyo,ACH Transfer,Retail,1,1
35.60940336889296,2693.884011955043,2.0,9.041175905358473,0.01321370538061102,0.0,0.0,0.5619046696561298,TXN000960,AC95263,CUS75170,M546,DVC_7810,Singapore,ACH Transfer,Restaurant,0,0
39241.612447081,4403.479118109019,7.0,4.050233256673592,5.0,1.0,1.0,0.5541744755372563,TXN000961,AC62369,CUS88404,M285,DVC_8502,New York,ATM Withdrawal,Retail,1,1
23.34608933513606,3123.355669397556,2.0,255.5418931331857,0.00747228926712998,0.0,0.0,0.13560782374148772,TXN000962,AC28339,CUS45969,M348,DVC_9537,Lagos,Online Purchase,Travel,0,0
60.959050763341146,1154.21467292355,1.0,64.1171179881146,0.05276859114771242,0.0,0.0,0.12221874195338685,TXN000963,AC32539,CUS35202,M883,DVC_3312,Dubai,POS Debit,Electronics,0,0
1246.0869993973406,7386.08940657397,1.0,77.77900282425179,0.16868443453363569,0.0,0.0,0.13970061823745147,TXN000964,AC67079,CUS90985,M439,DVC_8015,Paris,ACH Transfer,Restaurant,0,0
46.32557155113721,14116.388027469424,2.0,308.1416591455704,0.0032814548598506703,0.0,0.0,0.06734624850438044,TXN000965,AC10228,CUS56352,M545,DVC_8271,London,ACH Transfer,Gas Station,0,0
2788.8473802185786,37.868110034064976,5.0,17.153176373247085,5.0,0.0,1.0,0.8431195031242502,TXN000966,AC64090,CUS14307,M237,DVC_1140,Lagos,ACH Transfer,Travel,1,1
155.91756520081748,8427.935561755563,2.0,22.49623832107486,0.018497895025827348,0.0,0.0,0.1342550263777615,TXN000967,AC96980,CUS94881,M208,DVC_7892,New York,Online Purchase,Restaurant,0,0
9368.137291556637,3798.9530107523483,6.0,22.96208593593425,2.465329772512595,1.0,0.0,0.830974917263675,TXN000968,AC75202,CUS69343,M929,DVC_8776,Dubai,ACH Transfer,Electronics,1,1
27.175810213382228,927.2211509306338,1.0,95.18580302864635,0.029277301197172444,0.0,0.0,0.14298839959582288,TXN000969,AC33199,CUS99435,M516,DVC_3883,Tokyo,ATM Withdrawal,Gas Station,0,0
117.84169810049187,1173.2565926629902,1.0,234.03342181142216,0.10035429976445723,0.0,0.0,0.028262704124381203,TXN000970,AC91628,CUS94555,M525,DVC_8628,Lagos,ATM Withdrawal,Retail,0,0
95.45281908284146,26191.625527435815,1.0,153.00746723234693,0.0036442631145494797,0.0,0.0,0.4367932523697231,TXN000971,AC22451,CUS77879,M143,DVC_8461,Lagos,Wire Transfer,Electronics,0,0
441.8286942113628,3576.361273009492,6.0,13.303493149803563,0.12350687014612585,0.0,0.0,0.6313431340445916,TXN000972,AC89527,CUS83720,M441,DVC_4460,Lagos,ACH Transfer,Restaurant,1,1
172.76937883370212,8111.387588251901,1.0,322.8262631527422,0.02129698278764456,0.0,0.0,0.04272332234864991,TXN000973,AC22669,CUS68353,M948,DVC_3584,Paris,POS Debit,Gas Station,0,0
32.02314614637046,11193.569696729379,1.0,47.06528164402247,0.0028605964332623153,0.0,0.0,0.38290562980679965,TXN000974,AC82410,CUS58069,M300,DVC_5733,Chicago,Wire Transfer,Restaurant,0,0
37.61622183019738,897.6876812291591,1.0,49.19330587288853,0.041856834822469886,0.0,0.0,0.20589852345546142,TXN000975,AC72885,CUS91065,M477,DVC_7547,Singapore,ACH Transfer,Electronics,0,0
39850.05516329248,383.44571163944306,8.0,25.13014764015174,5.0,1.0,0.0,0.7858849654740795,TXN000976,AC33989,CUS32382,M203,DVC_2307,Chicago,ACH Transfer,Gas Station,1,1
33447.45514297203,3821.4039933757817,9.0,7.683676613819328,5.0,1.0,0.0,0.5907618869774948,TXN000977,AC94739,CUS91135,M557,DVC_3852,Lagos,Online Purchase,Electronics,1,1
24.154480617995777,22710.864329269472,2.0,14.915134059538017,0.0010635181800935276,0.0,0.0,0.11119684772642452,TXN000978,AC78525,CUS55110,M514,DVC_3224,Tokyo,Online Purchase,Restaurant,0,0
58.372249728301966,530.0817086454947,2.0,486.51621278798706,0.10991199429025403,0.0,0.0,0.12181666374535202,TXN000979,AC82674,CUS21004,M731,DVC_4444,Lagos,ATM Withdrawal,Gas Station,0,0
166.62186403244368,3256.897981490997,2.0,293.8215765476601,0.051143978411560986,0.0,0.0,0.16721867247542932,TXN000980,AC44761,CUS80512,M501,DVC_2251,Moscow,Wire Transfer,Gas Station,0,0
1828.7904053341101,689.2256594327556,7.0,7.184505916172345,2.649554360000257,1.0,0.0,0.7774679460078951,TXN000981,AC45813,CUS65221,M489,DVC_2395,Sydney,Wire Transfer,Gas Station,1,1
1420.3771988912374,63310.35722495407,2.0,59.089835925824254,0.02243479307898012,0.0,0.0,0.08735890303125322,TXN000982,AC81729,CUS79574,M461,DVC_5741,Moscow,Wire Transfer,Restaurant,0,0
23.22287709604957,10001.994526839295,2.0,45.38867607701481,0.002321592502499093,0.0,0.0,0.336648917283695,TXN000983,AC26157,CUS99607,M533,DVC_1756,Paris,ATM Withdrawal,Travel,0,0
12.530597165298639,5729.570117746251,1.0,211.697650256275,0.002186623129606996,0.0,0.0,0.054624212438163615,TXN000984,AC93912,CUS29268,M482,DVC_8304,Moscow,POS Debit,Restaurant,0,0
11.042612276576909,5231.022536460266,1.0,85.96192337795638,0.0021105819402773077,0.0,0.0,0.07273520187278544,TXN000985,AC95519,CUS56689,M127,DVC_3620,Chicago,POS Debit,Retail,0,0
155.1265385826772,1263.22208505796,2.0,72.21766544606147,0.12270513259983527,0.0,0.0,0.27179637640519483,TXN000986,AC62739,CUS94331,M206,DVC_3429,Dubai,POS Debit,Travel,0,0
138.90694246314,1381.3416323635117,2.0,77.47265680090791,0.10048669533712772,0.0,0.0,0.07267442900078697,TXN000987,AC74156,CUS52275,M891,DVC_8805,Moscow,Wire Transfer,Restaurant,0,0
3632.7713475446926,215.48631097778372,6.0,10.612992904940636,5.0,1.0,0.0,0.8891694688392318,TXN000988,AC98283,CUS31232,M639,DVC_5024,Dubai,ACH Transfer,Retail,1,1
297.8023380610356,639.4584954754091,7.0,3.268539934758929,0.46498303975182403,0.0,1.0,0.8220521224534209,TXN000989,AC41626,CUS90894,M285,DVC_1034,Paris,Wire Transfer,Electronics,1,1
1673.4069659327902,1167.4567772397563,9.0,32.17458544686531,1.4321513628307903,0.0,0.0,0.8390764667704009,TXN000990,AC14459,CUS54502,M294,DVC_8433,Moscow,ACH Transfer,Retail,1,1
2050.350844942121,1597.3433671094872,5.0,27.97065866234928,1.2827974809005298,0.0,0.0,0.9355944493063744,TXN000991,AC80623,CUS19746,M245,DVC_1020,New York,Online Purchase,Gas Station,1,1
48.460368818385895,15339.205736148995,1.0,18.35638094138431,0.00315904295235035,0.0,0.0,0.42848738393730773,TXN000992,AC60071,CUS75961,M871,DVC_3312,Moscow,ATM Withdrawal,Travel,0,0
42.583942566767014,17160.417526976806,2.0,108.477918040074,0.002481376756892453,0.0,0.0,0.2751052934005667,TXN000993,AC24898,CUS39070,M971,DVC_1456,Moscow,POS Debit,Restaurant,0,0
1086.2437886174957,3252.2925125801235,1.0,69.47279013943516,0.33389059988215347,0.0,0.0,0.17989604354187985,TXN000994,AC51001,CUS17097,M788,DVC_8287,New York,Wire Transfer,Restaurant,0,0
490.12706141422,25560.856548596472,1.0,4.6741973355833855,0.019174157420155442,0.0,0.0,0.17894202668823228,TXN000995,AC24758,CUS34879,M227,DVC_8900,Lagos,Wire Transfer,Gas Station,0,0
98.58956948261593,18851.000912287018,2.0,278.6318548843639,0.00522966076340252,0.0,0.0,0.34504006741705695,TXN000996,AC57238,CUS40408,M995,DVC_5478,Chicago,Online Purchase,Travel,0,0
62.03383066324481,30572.22587046077,1.0,1.4219770523005009,0.002029024706979993,0.0,0.0,0.1457063496953963,TXN000997,AC25121,CUS17498,M205,DVC_2062,Paris,ACH Transfer,Travel,0,0
26.43055215032361,1044.4688596161052,2.0,99.29204233555122,0.025281051565733747,0.0,0.0,0.23239974922272516,TXN000998,AC93202,CUS83069,M515,DVC_8920,Tokyo,POS Debit,Gas Station,0,0
41.45163094891012,40660.61054510122,1.0,33.66352950697465,0.001019429146883708,1.0,0.0,0.17045827770190333,TXN000999,AC56270,CUS96582,M451,DVC_8127,Paris,ATM Withdrawal,Travel,0,0
478.64460022895327,2312.08911095464,2.0,129.80135392334466,0.20692873351144297,0.0,0.0,0.09154828258435128,TXN001000,AC57851,CUS15867,M482,DVC_8189,Chicago,ACH Transfer,Gas Station,0,0
37422.53054206517,839.1095723085241,7.0,58.88139955983788,5.0,0.0,0.0,0.7819543370802207,TXN001001,AC70909,CUS94643,M822,DVC_9094,Paris,ACH Transfer,Retail,1,1
206.06111304359936,11846.027485358725,1.0,21.598270036385678,0.017393486534766817,0.0,0.0,0.2934622843814303,TXN001002,AC58915,CUS22140,M448,DVC_9238,London,POS Debit,Gas Station,0,0
1761.4996756516703,159.03834143648945,5.0,19.062150884886243,5.0,1.0,1.0,0.6585024690311957,TXN001003,AC58993,CUS68452,M580,DVC_5841,Dubai,ATM Withdrawal,Restaurant,1,1
10610.43512914766,739.4191864046006,6.0,20.156451115705384,5.0,1.0,1.0,0.7059154086520786,TXN001004,AC44888,CUS15338,M933,DVC_5634,Dubai,POS Debit,Electronics,1,1
5584.135269000522,48.282995835235994,5.0,31.54130487299062,5.0,1.0,0.0,0.5806590164833147,TXN001005,AC23893,CUS86143,M413,DVC_8649,Chicago,POS Debit,Retail,1,1
43.166949752867886,777.0063634815994,1.0,47.323462722482375,0.05548405743070613,0.0,0.0,0.13499258100031675,TXN001006,AC96416,CUS28281,M622,DVC_6167,Chicago,Wire Transfer,Restaurant,0,0
80.15355767295847,5299.096720305707,2.0,31.118700398160584,0.015123036786456087,0.0,0.0,0.2540857800522007,TXN001007,AC41712,CUS47588,M978,DVC_5774,Tokyo,ATM Withdrawal,Retail,0,0
8741.849380351487,4.972733059126836,9.0,9.706198103083919,5.0,1.0,1.0,0.7204319637287473,TXN001008,AC39943,CUS27098,M459,DVC_6079,Singapore,ACH Transfer,Restaurant,1,1
208.2197691250496,17646.74755118164,1.0,70.04114077961927,0.011798659773502246,0.0,0.0,0.3006995110601584,TXN001009,AC15306,CUS78408,M420,DVC_8248,New York,POS Debit,Travel,0,0
90.78334015953557,1045.7266764144401,2.0,153.75049232451468,0.0867307026802008,0.0,0.0,0.12264393878877361,TXN001010,AC75461,CUS48699,M483,DVC_2653,Lagos,Online Purchase,Gas Station,0,0
460.7199225105717,53268.76491094998,2.0,224.91353377293908,0.00864880712878587,0.0,0.0,0.43398300208521656,TXN001011,AC34107,CUS23553,M116,DVC_1044,Sydney,ATM Withdrawal,Restaurant,0,0
2357.5939794904284,40064.94402264509,8.0,47.46242702235367,0.05884284114603482,0.0,0.0,0.72461529962819,TXN001012,AC20709,CUS27586,M469,DVC_5370,Moscow,Online Purchase,Restaurant,1,1
378.3750131127775,11368.96194277419,2.0,92.19422491751638,0.033278476657808115,0.0,0.0,0.1495482213803843,TXN001013,AC24914,CUS65236,M947,DVC_4764,London,ACH Transfer,Travel,0,0
18.13033984606684,17733.553799746976,2.0,35.66624891119255,0.0010223172260655077,0.0,0.0,0.1765373236296472,TXN001014,AC38412,CUS92011,M165,DVC_4032,London,ATM Withdrawal,Electronics,0,0
374.359013512094,5787.881092152765,2.0,129.9963657409831,0.06466863069956022,0.0,0.0,0.16683878816803505,TXN001015,AC75326,CUS15769,M985,DVC_5327,New York,Wire Transfer,Electronics,0,0
12.142523889379456,2756.594771634969,2.0,4.626465306202356,0.004403302477318011,0.0,0.0,0.31740546642882156,TXN001016,AC26151,CUS56585,M212,DVC_1085,Moscow,ATM Withdrawal,Gas Station,0,0
121.25123357259082,1919.712198325653,2.0,434.0751012098786,0.06312826756569227,0.0,0.0,0.40802038768353244,TXN001017,AC74690,CUS72063,M743,DVC_2613,Tokyo,ACH Transfer,Travel,0,0
354.7407983931392,5740.49403334659,2.0,139.012733081095,0.06178545102246995,0.0,0.0,0.13218815296591627,TXN001018,AC15009,CUS30363,M515,DVC_7781,New York,Wire Transfer,Retail,0,0
345.5843667434278,2586.257412789778,1.0,342.3017232464566,0.13357169836873417,0.0,0.0,0.20604196658053606,TXN001019,AC95782,CUS81780,M170,DVC_8227,New York,ACH Transfer,Restaurant,0,0
33.043620371022385,2633.221988028328,2.0,235.44987551513023,0.012543977129184545,0.0,0.0,0.13585638790174728,TXN001020,AC59280,CUS85047,M160,DVC_4291,New York,ATM Withdrawal,Gas Station,0,0
100.4954981373517,1087.9944218374715,2.0,26.343915250171595,0.09228284013409786,0.0,0.0,0.6143333660288695,TXN001021,AC71818,CUS49920,M543,DVC_9779,Chicago,ACH Transfer,Electronics,0,0
81.98984216747934,10916.38351302914,2.0,81.70995755795344,0.007510026744927495,0.0,0.0,0.15524320314812484,TXN001022,AC70530,CUS94160,M413,DVC_9794,Paris,ATM Withdrawal,Retail,0,0
83.49486085133982,3560.288313882275,2.0,89.95504752258329,0.023445128136879035,1.0,0.0,0.49015241454203373,TXN001023,AC11345,CUS84597,M582,DVC_7781,Lagos,Wire Transfer,Travel,0,0
135.12234295442698,1755.4087599570835,1.0,112.82246830131083,0.0769310345262276,0.0,0.0,0.29263684355595126,TXN001024,AC86164,CUS37342,M343,DVC_4516,Dubai,ATM Withdrawal,Restaurant,0,0
123.01872848652016,69.05783073821155,2.0,203.96242813589947,1.7559597148562898,0.0,0.0,0.16596179190321395,TXN001025,AC49900,CUS87085,M920,DVC_2256,New York,ACH Transfer,Restaurant,0,0
792.2985434569198,4341.823100279706,2.0,17.91087471771715,0.1824385947025774,1.0,0.0,0.18380853080746784,TXN001026,AC96562,CUS43742,M616,DVC_4035,New York,ACH Transfer,Electronics,0,0
77.00176431390497,9752.915490244266,1.0,39.59960255272039,0.007894446531848783,0.0,0.0,0.2162101625797375,TXN001027,AC39289,CUS81907,M469,DVC_8516,Chicago,ACH Transfer,Electronics,0,0
27.581044530426972,1544.8866337193067,1.0,0.09477875054886425,0.017841569963037134,0.0,0.0,0.137338572955281,TXN001028,AC39432,CUS38714,M416,DVC_6286,Singapore,Online Purchase,Gas Station,0,0
93.17633634001099,11214.215158615067,2.0,8.578232397614359,0.008308029317514854,0.0,0.0,0.12524121939288932,TXN001029,AC95143,CUS78094,M120,DVC_5955,Paris,Online Purchase,Restaurant,0,0
55.45777077031601,34031.94017650898,2.0,79.14098889452508,0.001629532167443922,0.0,0.0,0.24881216314609836,TXN001030,AC74140,CUS20701,M797,DVC_1637,Paris,Online Purchase,Restaurant,0,0
80.29002255660069,4711.7084522651485,1.0,56.9386307901622,0.01703691695971762,0.0,0.0,0.1557395022162445,TXN001031,AC29860,CUS76856,M820,DVC_1152,Sydney,POS Debit,Restaurant,0,0
205.10298696915882,9188.79367612308,2.0,16.035961083467832,0.022318562766219373,0.0,0.0,0.176839632984609,TXN001032,AC15097,CUS68923,M330,DVC_6909,Sydney,ATM Withdrawal,Restaurant,0,0
63.86649785932023,31282.0464463969,2.0,139.36801866346858,0.0020415690002811796,0.0,0.0,0.11588299156399326,TXN001033,AC37114,CUS99124,M625,DVC_3738,Sydney,Online Purchase,Retail,0,0
1012.4119137379789,134.8964476829209,8.0,8.742349407467845,5.0,0.0,1.0,0.9028598898140558,TXN001034,AC70198,CUS33634,M963,DVC_1138,Tokyo,ACH Transfer,Travel,1,1
80.75016950510637,4633.1238818466345,2.0,86.81532339421413,0.01742512102911857,0.0,0.0,0.3561138474909413,TXN001035,AC23473,CUS67600,M690,DVC_7239,Sydney,ACH Transfer,Retail,0,0
76.23745056738441,4113.69093468581,1.0,109.76410508533914,0.018528111048322457,0.0,0.0,0.14552944758732675,TXN001036,AC73634,CUS11240,M568,DVC_1725,Tokyo,Online Purchase,Travel,0,0
11.804157771959083,2326.377518754073,2.0,123.5463496411958,0.005071870668527495,0.0,0.0,0.05930944385289792,TXN001037,AC34831,CUS61721,M793,DVC_6700,Tokyo,Online Purchase,Retail,0,0
482.6185180610154,16935.10861853275,1.0,49.05677842159599,0.028496423170839745,0.0,0.0,0.27857537027141593,TXN001038,AC32106,CUS13322,M177,DVC_3365,Tokyo,ACH Transfer,Gas Station,0,0
65.662698213718,182152.14147474687,1.0,42.95865219515814,0.0003604807344089713,1.0,0.0,0.3051353872592735,TXN001039,AC86145,CUS80288,M908,DVC_1018,Tokyo,Online Purchase,Travel,0,0
80542.53520813343,342.7342764028572,7.0,71.50221882859023,5.0,1.0,1.0,0.8412691673630102,TXN001040,AC69097,CUS65615,M883,DVC_2961,Paris,POS Debit,Restaurant,1,1
59317.56204324861,234.05938128105797,4.0,0.5469022542550444,5.0,1.0,1.0,0.5558097307306498,TXN001041,AC80282,CUS65706,M662,DVC_2851,Chicago,POS Debit,Travel,1,1
18.814664632176132,11216.748540098268,1.0,280.0279960565047,0.0016772228905758049,0.0,0.0,0.15319563960506366,TXN001042,AC40384,CUS74835,M868,DVC_8112,Singapore,POS Debit,Restaurant,0,0
153.3285973937412,10485.608843401074,2.0,62.23345150712718,0.014621370901063649,0.0,0.0,0.20834259820004086,TXN001043,AC72754,CUS99617,M907,DVC_6521,Dubai,Wire Transfer,Gas Station,0,0
30.42640540485007,19646.07971660395,2.0,56.14157182401185,0.001548647730030657,0.0,0.0,0.31014160968117993,TXN001044,AC62563,CUS20578,M629,DVC_1100,Sydney,POS Debit,Travel,0,0
89.94062105272602,2302.2932927446695,1.0,54.17941607850237,0.03904870531948201,0.0,0.0,0.25438687261302095,TXN001045,AC26459,CUS96243,M389,DVC_9784,Lagos,ACH Transfer,Electronics,0,0
124.53019180159613,3630.03427540869,1.0,95.53660051042455,0.03429606617733722,0.0,0.0,0.33421705451069883,TXN001046,AC41288,CUS93179,M317,DVC_7838,Sydney,Wire Transfer,Restaurant,0,0
215.54192805610248,17056.70705543338,2.0,60.67856056352666,0.012636043482025097,0.0,0.0,0.2731842550280307,TXN001047,AC46379,CUS12413,M199,DVC_8135,Lagos,ACH Transfer,Travel,0,0
184.91836843500047,251.08316164370953,2.0,251.94677163041234,0.733560969440558,0.0,0.0,0.11357081312857503,TXN001048,AC83537,CUS24769,M248,DVC_7029,Tokyo,ACH Transfer,Retail,0,0
257.0490741985011,1096.9703896908204,1.0,447.633822038131,0.23411293839252262,0.0,0.0,0.17639308735252504,TXN001049,AC85720,CUS12905,M484,DVC_3509,Singapore,Online Purchase,Travel,0,0
72.27832348124143,2218.8838819250695,1.0,105.57239527097269,0.03255950640921007,0.0,0.0,0.22353572962446755,TXN001050,AC22949,CUS20688,M254,DVC_2955,Tokyo,ATM Withdrawal,Restaurant,0,0
15.806570947989076,1216.8133935542073,1.0,104.09087424909957,0.012979468801749137,0.0,0.0,0.044878573339062144,TXN001051,AC54338,CUS12554,M494,DVC_8078,Dubai,POS Debit,Electronics,0,0
76.25498867509864,10564.253906594759,1.0,6.607823840364218,0.007217525423359755,0.0,0.0,0.20079015909026127,TXN001052,AC81655,CUS50211,M475,DVC_8543,Moscow,ATM Withdrawal,Electronics,0,0
30.411476386156757,35531.48658525626,2.0,2.535745446735067,0.0008558780797169315,0.0,0.0,0.40571611016916564,TXN001053,AC45162,CUS78938,M201,DVC_5780,New York,ATM Withdrawal,Retail,0,0
17688.196245063482,156.4317231708256,8.0,36.36854753424111,5.0,1.0,1.0,0.9406321037526391,TXN001054,AC44184,CUS30666,M726,DVC_1910,London,Online Purchase,Gas Station,1,1
177.4362828760193,4683.219569187719,2.0,58.50377557009073,0.03787958276831762,0.0,0.0,0.14637504511748084,TXN001055,AC72662,CUS48424,M881,DVC_7163,Lagos,ATM Withdrawal,Electronics,0,0
7255.163310467561,1200.7084484995949,8.0,35.53105749018648,5.0,0.0,1.0,0.8129135082059677,TXN001056,AC83379,CUS98955,M191,DVC_8993,Moscow,POS Debit,Gas Station,1,1
104.21038386554687,16056.295469724411,2.0,37.482229590555086,0.006489908843119483,0.0,0.0,0.13438984087558062,TXN001057,AC36805,CUS44296,M510,DVC_7715,Chicago,Wire Transfer,Restaurant,0,0
1512.1330738638894,2958.411648511782,6.0,8.131667913247002,0.5109573298545017,1.0,1.0,0.9288102725762951,TXN001058,AC18431,CUS43618,M505,DVC_7142,Paris,ACH Transfer,Travel,1,1
208.59026126159026,12961.992635120836,1.0,433.6319324090962,0.01609121189318996,0.0,0.0,0.5173891976299365,TXN001059,AC93697,CUS74095,M120,DVC_7605,Lagos,POS Debit,Gas Station,0,0
137.9285804945528,16879.949941835705,2.0,24.742097887717534,0.008170664623128068,0.0,0.0,0.19769815732142645,TXN001060,AC38836,CUS23632,M731,DVC_2181,London,Online Purchase,Restaurant,0,0
229.2295273023133,17623.56427146097,2.0,177.6714687512928,0.013006252170074872,0.0,0.0,0.30044581114330865,TXN001061,AC72393,CUS56272,M507,DVC_8531,Chicago,Wire Transfer,Restaurant,0,0
156.72993565450355,426.69158227223693,1.0,71.65296056804247,0.36645550707785696,0.0,0.0,0.2262157364975818,TXN001062,AC14146,CUS14674,M118,DVC_1604,Dubai,Online Purchase,Restaurant,0,0
396.604130253919,3469.0478767600107,1.0,51.319519219930605,0.114293561454901,0.0,0.0,0.44141414527505585,TXN001063,AC94551,CUS47177,M635,DVC_6849,Paris,POS Debit,Retail,0,0
99.82040882504526,2535.32609535245,1.0,51.73764052874613,0.03935629925818909,0.0,0.0,0.3066096656625672,TXN001064,AC40762,CUS95215,M637,DVC_3370,Tokyo,ACH Transfer,Retail,0,0
10.356594586248411,13275.296327260636,1.0,30.045360133658942,0.000780081607924259,0.0,0.0,0.23560754178494817,TXN001065,AC53970,CUS30910,M252,DVC_1202,Moscow,ATM Withdrawal,Gas Station,0,0
149.7547769045275,3647.317173324662,1.0,211.6018162382568,0.041047630945984334,0.0,0.0,0.10744353918993464,TXN001066,AC80976,CUS52339,M400,DVC_1242,Moscow,ATM Withdrawal,Restaurant,0,0
181.00365857124396,11342.95490308814,2.0,35.851485212714,0.01595595716992578,0.0,0.0,0.18089189897201702,TXN001067,AC95309,CUS21690,M975,DVC_7231,Paris,Online Purchase,Gas Station,0,0
97.23551475934043,66506.4992657421,1.0,64.3367519895309,0.0014620233181647576,0.0,0.0,0.14782255467488722,TXN001068,AC58343,CUS76951,M512,DVC_4740,Chicago,Wire Transfer,Electronics,0,0
159073.1452447637,495.536118985692,4.0,9.259810474978995,5.0,1.0,0.0,0.6508094366308066,TXN001069,AC87804,CUS61421,M301,DVC_3721,Paris,ACH Transfer,Gas Station,1,1
11.16008379532096,37620.18296241802,1.0,75.67889277429185,0.000296643617147005,0.0,0.0,0.1620112107479204,TXN001070,AC35790,CUS17270,M238,DVC_7026,New York,Online Purchase,Travel,0,0
625.4371388178632,4150.9164875154165,1.0,49.71710992699582,0.15063817894664264,0.0,0.0,0.1413269042724031,TXN001071,AC29945,CUS24653,M891,DVC_9851,Dubai,ACH Transfer,Restaurant,0,0
20901.576317637813,2209.3487903943214,8.0,18.89146322717607,5.0,0.0,1.0,0.7297948604518132,TXN001072,AC31925,CUS29191,M123,DVC_9904,Sydney,Online Purchase,Gas Station,1,1
68.74748953349824,2044.2975739982787,2.0,88.12149366014437,0.03361246324617021,0.0,0.0,0.040198804107706654,TXN001073,AC17658,CUS40369,M111,DVC_6219,London,Wire Transfer,Retail,0,0
192.96361276837627,4787.319138351571,1.0,344.66916142920695,0.04029882035699191,0.0,0.0,0.21574898183665012,TXN001074,AC35191,CUS46376,M234,DVC_9438,Moscow,POS Debit,Travel,0,0
65.53485840233257,12005.260571049525,1.0,250.22332198399323,0.005458390480076334,0.0,0.0,0.2629076364196457,TXN001075,AC47426,CUS66985,M180,DVC_1730,London,ATM Withdrawal,Gas Station,0,0
58.85937632659629,24678.5165882645,2.0,75.6888543179708,0.002384948510481962,0.0,0.0,0.15622785037367207,TXN001076,AC82957,CUS39914,M454,DVC_2560,Sydney,ACH Transfer,Gas Station,0,0
368.03153557048785,2794.243009868169,2.0,168.12810002326236,0.1316635205852264,0.0,0.0,0.22646637588969282,TXN001077,AC19322,CUS61965,M169,DVC_9687,Paris,ACH Transfer,Gas Station,0,0
110.50254205916706,6574.1738502889,1.0,100.85080189350974,0.016806025905202762,1.0,0.0,0.40918141798354785,TXN001078,AC66613,CUS20194,M303,DVC_6408,Sydney,Wire Transfer,Retail,0,0
40.33068983937121,519.7160904095394,1.0,92.44727966288437,0.0774523595144744,0.0,0.0,0.05634491104768503,TXN001079,AC32014,CUS33254,M690,DVC_7558,Chicago,ACH Transfer,Gas Station,0,0
389.64670136987627,131039.6164601746,1.0,173.07536543571112,0.0029734803749820295,0.0,0.0,0.15197556159517445,TXN001080,AC80891,CUS99256,M378,DVC_3575,Paris,POS Debit,Electronics,0,0
284.6114712181688,793.9913378703019,2.0,200.76032187559997,0.35800575133386103,0.0,0.0,0.161316858347181,TXN001081,AC85249,CUS64863,M810,DVC_8508,Sydney,POS Debit,Electronics,0,0
123.0767960889705,3494.9996157636533,2.0,67.83489440379384,0.03520503707552212,0.0,0.0,0.10905497369005013,TXN001082,AC74322,CUS61271,M478,DVC_2082,London,Wire Transfer,Electronics,0,0
92.07648105694902,8207.750101607837,2.0,151.64824678350618,0.011216869793479781,0.0,0.0,0.08003430003636519,TXN001083,AC30835,CUS73038,M393,DVC_3753,Lagos,Online Purchase,Gas Station,0,0
106.70417611274299,9039.066158715648,1.0,136.56417027341038,0.011803472921475034,0.0,0.0,0.10982176726885116,TXN001084,AC54939,CUS64237,M514,DVC_3958,Tokyo,Online Purchase,Travel,0,0
213.30945949327145,10292.7367977647,1.0,111.8345249113431,0.020722257007736188,0.0,0.0,0.0931995328454415,TXN001085,AC20086,CUS70490,M896,DVC_9735,Singapore,ACH Transfer,Retail,0,0
27.297107671239495,13576.299699361112,1.0,74.06818215386946,0.002010496068855575,0.0,0.0,0.14612343230420438,TXN001086,AC44283,CUS97508,M527,DVC_7833,New York,ACH Transfer,Electronics,0,0
24.599448079159913,7032.601184147921,2.0,21.15659107388294,0.0034974186672115087,0.0,0.0,0.2179627057360382,TXN001087,AC76119,CUS22897,M255,DVC_5314,London,Wire Transfer,Electronics,0,0
100.23293402256319,188510.5040458165,2.0,295.6518610039709,0.0005317072532517815,0.0,0.0,0.04870026384413692,TXN001088,AC41860,CUS65892,M687,DVC_6090,Chicago,POS Debit,Travel,0,0
11.562856430812298,3234.8881270059474,2.0,139.49479978824206,0.0035733177344146935,0.0,0.0,0.16635896435599154,TXN001089,AC36622,CUS40513,M830,DVC_3150,Paris,Wire Transfer,Electronics,0,0
126.14470605933502,57987.08590119697,2.0,14.661599045810265,0.002175355576907069,0.0,0.0,0.0295122124313254,TXN001090,AC59271,CUS43706,M935,DVC_7103,Sydney,Online Purchase,Retail,0,0
559.8314899761705,5391.167981105473,1.0,116.91786837005384,0.10382308042662218,0.0,0.0,0.06321222938100697,TXN001091,AC62436,CUS90656,M376,DVC_1883,Paris,POS Debit,Travel,0,0
34.975908562921816,1493.3181235562088,1.0,161.08617230226548,0.023405932118179384,0.0,0.0,0.1478678651347534,TXN001092,AC50676,CUS19876,M364,DVC_3677,New York,ACH Transfer,Restaurant,0,0
98.92502385159403,27536.055491018175,2.0,22.469520256411666,0.0035924328904323355,0.0,0.0,0.25536178234353457,TXN001093,AC62406,CUS48508,M148,DVC_6238,New York,Online Purchase,Retail,0,0
8.464453205416108,14466.255086476214,1.0,9.468516067710587,0.0005850766544739063,0.0,0.0,0.17165556630892878,TXN001094,AC73109,CUS98703,M709,DVC_4975,London,ATM Withdrawal,Retail,0,0
41.87596434014357,11424.261659545107,2.0,242.40914059316418,0.0036652083416539314,0.0,0.0,0.20753198793844396,TXN001095,AC40173,CUS42907,M392,DVC_1006,New York,Online Purchase,Gas Station,0,0
7157.956086410572,259.42496456558234,9.0,4.624898203729741,5.0,1.0,1.0,0.5800077339369206,TXN001096,AC91791,CUS33799,M120,DVC_8645,Tokyo,POS Debit,Restaurant,1,1
134.12561877700819,126606.04865275697,2.0,329.85374959934694,0.0010593850832497666,0.0,0.0,0.18785339830524062,TXN001097,AC14459,CUS82597,M543,DVC_6400,London,POS Debit,Restaurant,0,0
417.4405901521847,1739.5312764000007,1.0,656.7881603744504,0.2398351559735204,0.0,0.0,0.02756652813035631,TXN001098,AC97485,CUS73122,M634,DVC_3089,Tokyo,Wire Transfer,Travel,0,0
146.34663984480684,31363.991949776744,2.0,36.04332075161439,0.004665923080074266,0.0,0.0,0.18778843466363737,TXN001099,AC77504,CUS92346,M571,DVC_5191,Paris,POS Debit,Electronics,0,0
1084.526975573617,2581.745865920846,2.0,324.09241031638277,0.4199123846770508,0.0,0.0,0.034326808280354545,TXN001100,AC45299,CUS62054,M237,DVC_6623,New York,ATM Withdrawal,Restaurant,0,0
326.03632605379653,12136.128737462219,2.0,211.49540920844154,0.026862722898164482,0.0,0.0,0.07663181036197839,TXN001101,AC61081,CUS93138,M329,DVC_3293,Dubai,ATM Withdrawal,Travel,0,0
49.77396719221589,1179.8275957044166,1.0,45.79609908103086,0.042151764892082735,0.0,0.0,0.13383846267169716,TXN001102,AC84491,CUS38886,M937,DVC_8391,London,POS Debit,Restaurant,0,0
827.7799133619615,1035.3444519555005,1.0,206.98283434023602,0.7987497899950213,0.0,0.0,0.18812332405628,TXN001103,AC64428,CUS69780,M504,DVC_5209,Moscow,ACH Transfer,Retail,0,0
24.32540085489309,133683.02087414864,2.0,18.757851604214682,0.00018196191807989711,0.0,0.0,0.22757851489687014,TXN001104,AC64877,CUS42732,M456,DVC_5425,Paris,POS Debit,Restaurant,0,0
17.476430534779873,4401.3743932926845,2.0,131.1661268117439,0.003969773802384095,0.0,0.0,0.24566540647389198,TXN001105,AC38387,CUS19644,M640,DVC_4224,Sydney,ACH Transfer,Electronics,0,0
292.39878844728827,6838.392177569384,1.0,122.83512511456625,0.04275215996623875,0.0,1.0,0.18403263214553128,TXN001106,AC41084,CUS77253,M926,DVC_2240,Singapore,POS Debit,Travel,0,0
2218.680744296225,688.0865806310464,4.0,51.55552745366697,3.219741621240713,0.0,0.0,0.6305993076302719,TXN001107,AC10901,CUS44967,M120,DVC_8517,Paris,Online Purchase,Electronics,1,1
214.00651893091532,49059.9102152942,2.0,253.3179540370947,0.004362057654287081,0.0,0.0,0.16451498615728635,TXN001108,AC40905,CUS95094,M953,DVC_4493,Chicago,POS Debit,Gas Station,0,0
173.56339786599483,45091.07457174752,1.0,62.74246864467819,0.0038490887703521437,0.0,0.0,0.20191163448749014,TXN001109,AC48733,CUS11428,M710,DVC_4590,Lagos,Online Purchase,Electronics,0,0
55.084098126691714,11324.565488134542,2.0,259.2001102879861,0.004863695166868417,0.0,0.0,0.06449578790790983,TXN001110,AC40999,CUS76847,M674,DVC_9908,Sydney,ACH Transfer,Electronics,0,0
152.63009892517746,66130.9381962704,1.0,57.26009245221045,0.0023079634906842217,0.0,0.0,0.17347778337837527,TXN001111,AC66584,CUS49044,M913,DVC_9455,Singapore,POS Debit,Travel,0,0
149.29197208493548,7655.352668867427,2.0,56.49620914642388,0.019499098140031163,0.0,0.0,0.055352035018741086,TXN001112,AC11693,CUS83105,M744,DVC_7944,Dubai,ACH Transfer,Retail,0,0
172.61644501602697,1447.517163722886,2.0,221.77223442872156,0.11916769047622415,0.0,0.0,0.35651762389836544,TXN001113,AC65647,CUS53749,M626,DVC_1317,New York,ATM Withdrawal,Restaurant,0,0
101.45157977479292,177161.20278002656,1.0,23.18870799952317,0.0005726479925334879,1.0,0.0,0.17528158410401795,TXN001114,AC44897,CUS13106,M204,DVC_3207,London,Wire Transfer,Restaurant,0,0
250.46730928353216,26989.216813252686,1.0,515.846014638042,0.009279929502476178,0.0,0.0,0.21642800719378028,TXN001115,AC46779,CUS99957,M722,DVC_1640,Singapore,ACH Transfer,Travel,0,0
336.47781639665203,80704.65916815415,1.0,219.90844309015324,0.004169197301215076,0.0,0.0,0.26872943999208854,TXN001116,AC11365,CUS45682,M950,DVC_1858,Chicago,Online Purchase,Travel,0,0
50.910318631037775,4648.2117378774265,2.0,105.64581616922882,0.01095031190261096,0.0,0.0,0.41085191840278545,TXN001117,AC18387,CUS92673,M435,DVC_5243,Lagos,Wire Transfer,Retail,0,0
142.22212014679425,19673.42191879082,1.0,10.003508241840947,0.007228782666847227,0.0,0.0,0.07687947161436266,TXN001118,AC81739,CUS41063,M523,DVC_9243,Lagos,POS Debit,Retail,0,0
157.78475689439583,17238.11323536165,1.0,290.01808897955897,0.00915271886321511,0.0,0.0,0.14151758897985364,TXN001119,AC42918,CUS26867,M722,DVC_2019,New York,Online Purchase,Gas Station,0,0
81.70703483655828,147669.36895169632,2.0,58.94885672809367,0.0005533069052145799,0.0,0.0,0.325732873088847,TXN001120,AC15180,CUS83348,M974,DVC_8900,Sydney,Wire Transfer,Restaurant,0,0
645.7537196519156,512.7987065328135,2.0,390.85064474645253,1.256822392585519,0.0,0.0,0.22507484570369604,TXN001121,AC40342,CUS59539,M954,DVC_9479,Singapore,Wire Transfer,Restaurant,0,0
35440.55450031404,18057.292479028245,6.0,20.128767486264508,1.9625639877896792,1.0,0.0,0.6162368048432487,TXN001122,AC66246,CUS84272,M103,DVC_6373,Singapore,ACH Transfer,Gas Station,1,1
34.37285922422763,3234.549367755639,1.0,98.83177128198376,0.010623500159439879,0.0,0.0,0.2043844156841957,TXN001123,AC62476,CUS12965,M568,DVC_7357,London,POS Debit,Travel,0,0
1388.600534441327,25.024579430082344,4.0,24.456495576266015,5.0,0.0,0.0,0.8835088804000186,TXN001124,AC60106,CUS78282,M763,DVC_6211,Singapore,POS Debit,Restaurant,1,1
90.07417978022242,1350.480305961832,1.0,88.09697359431678,0.06664853300701094,0.0,0.0,0.21498650961374224,TXN001125,AC54649,CUS49946,M653,DVC_8772,Moscow,POS Debit,Electronics,0,0
34.63168352370653,773.9660058939868,2.0,172.90790359505723,0.044688003422493405,0.0,0.0,0.472921021837272,TXN001126,AC82936,CUS63828,M986,DVC_5738,Chicago,ACH Transfer,Travel,0,0
1052.7749065223818,549.9182980218816,8.0,21.434454708450595,1.9109456162600853,0.0,1.0,0.8300356565517055,TXN001127,AC53908,CUS96146,M637,DVC_4901,Dubai,ACH Transfer,Travel,1,1
8.410156817606122,19420.92505324994,1.0,62.91390991867123,0.0004330238529161053,0.0,0.0,0.08316456698669024,TXN001128,AC37817,CUS69002,M973,DVC_8902,London,POS Debit,Retail,0,0
26.173676453361004,1205.9249006445684,1.0,79.30321894440875,0.021686251099287727,0.0,0.0,0.3737053066521495,TXN001129,AC65512,CUS63613,M293,DVC_5933,Tokyo,Wire Transfer,Gas Station,0,0
16.343449909352582,8536.194880361525,2.0,45.514931547925094,0.0019143817305785206,0.0,0.0,0.14687326087072913,TXN001130,AC86123,CUS26804,M459,DVC_8670,New York,POS Debit,Travel,0,0
178.52317099871732,7359.2826014071115,2.0,45.4383474860229,0.024254934309803258,0.0,0.0,0.11383060659082996,TXN001131,AC44812,CUS71331,M619,DVC_2549,Chicago,ACH Transfer,Retail,0,0
52.81779116870174,13376.63257325859,1.0,125.0300542083388,0.00394821661302633,0.0,0.0,0.40097248269936914,TXN001132,AC48413,CUS32258,M172,DVC_5934,Tokyo,POS Debit,Electronics,0,0
433.7075657465984,390.450827734728,2.0,22.230062704091964,1.1079490322102632,0.0,0.0,0.4510940201836517,TXN001133,AC98474,CUS38766,M177,DVC_3666,London,ACH Transfer,Electronics,0,0
753.674639863632,10271.005810454177,1.0,3.8005425772536245,0.07337171081976912,0.0,0.0,0.13611499957121162,TXN001134,AC29983,CUS96850,M759,DVC_3453,Sydney,POS Debit,Restaurant,0,0
18.39892516404203,350576.71248655685,1.0,238.0382907679387,5.248173089368181e-05,0.0,0.0,0.34270414660896914,TXN001135,AC66026,CUS60971,M933,DVC_2567,Dubai,Wire Transfer,Gas Station,0,0
72.42351157166611,25788.76641586849,2.0,317.44435322894486,0.0028082267362880727,0.0,0.0,0.12178999906709559,TXN001136,AC33425,CUS82932,M167,DVC_4752,Dubai,Wire Transfer,Gas Station,0,0
21.043541266728283,2925.304977991296,1.0,117.30725317588534,0.0071911647709300645,0.0,0.0,0.39120443316283116,TXN001137,AC15010,CUS59059,M966,DVC_9479,Lagos,ACH Transfer,Retail,0,0
67.74954012487093,9163.590296313077,1.0,227.9088342623288,0.007392533428594908,0.0,0.0,0.08163402717361005,TXN001138,AC63142,CUS60082,M794,DVC_3473,Singapore,ACH Transfer,Restaurant,0,0
256.09712241080376,6834.776376256351,1.0,38.5865908575968,0.03746423351418302,0.0,0.0,0.283199857351997,TXN001139,AC83384,CUS72120,M433,DVC_1435,Chicago,Online Purchase,Gas Station,0,0
20.188506665958563,8839.92880806186,2.0,86.27732819257315,0.002283527794901943,0.0,0.0,0.16797187052300647,TXN001140,AC97565,CUS70730,M184,DVC_7224,Singapore,ATM Withdrawal,Restaurant,0,0
171.7354643404126,4447.740114835058,1.0,315.5651964815804,0.038603168516797,0.0,0.0,0.05780206144348395,TXN001141,AC54974,CUS27737,M595,DVC_3405,Dubai,Online Purchase,Retail,0,0
21.760356057731066,629.0385985486641,1.0,4.079756384217354,0.03453813164440638,0.0,0.0,0.08574445211690572,TXN001142,AC57346,CUS76192,M178,DVC_9446,Chicago,ACH Transfer,Restaurant,0,0
32.862552557927835,30084.80816494281,2.0,4.694008264636136,0.0010922941600159705,0.0,0.0,0.48383123452797283,TXN001143,AC91726,CUS65581,M650,DVC_2834,Singapore,ACH Transfer,Travel,0,0
92.88008571558886,3280.558680596924,2.0,63.41864852953694,0.02830364919718386,0.0,0.0,0.10697734033613286,TXN001144,AC59113,CUS93125,M405,DVC_8042,Chicago,POS Debit,Travel,0,0
13.775753663371011,65090.67289593833,1.0,133.67568571818921,0.00021163619016819902,1.0,0.0,0.160259454011197,TXN001145,AC69399,CUS62019,M119,DVC_9656,Tokyo,Online Purchase,Travel,0,0
1110.257564752882,766.7509242654293,5.0,25.73372489802129,1.4461168715819614,1.0,1.0,0.6330542652529515,TXN001146,AC27959,CUS15014,M681,DVC_5351,Sydney,ATM Withdrawal,Travel,1,1
22.67917625354715,42563.382608569045,1.0,84.32415882099616,0.0005328205147977734,1.0,0.0,0.09181415904753423,TXN001147,AC81290,CUS45258,M255,DVC_1422,Paris,Online Purchase,Electronics,0,0
2011.5212206886026,1952.4356877471162,5.0,14.811187662279474,1.0297350628463617,1.0,0.0,0.7186430550940637,TXN001148,AC12213,CUS76410,M216,DVC_6933,Singapore,Wire Transfer,Electronics,1,1
154.91028695266985,12701.451176132216,2.0,211.261499438275,0.012195306622689075,0.0,0.0,0.07229730552399687,TXN001149,AC60378,CUS21299,M979,DVC_7072,Lagos,Wire Transfer,Gas Station,0,0
206.88740214846996,2203.07316460767,2.0,5.850302046181403,0.0938659412358012,0.0,0.0,0.05366923084512758,TXN001150,AC19855,CUS14163,M549,DVC_1554,Singapore,Online Purchase,Electronics,0,0
168.578680204697,3258.3243859499858,2.0,186.29615992658736,0.05172197064256367,0.0,0.0,0.059487297798911765,TXN001151,AC84091,CUS36009,M127,DVC_1006,Moscow,Online Purchase,Restaurant,0,0
3062.442690878064,171.83280230220436,4.0,31.102276396074068,5.0,0.0,0.0,0.7981262012689979,TXN001152,AC58279,CUS73470,M986,DVC_2765,Dubai,ACH Transfer,Restaurant,1,1
50.14267947210931,32803.396682065206,1.0,111.67695741603886,0.0015285353350065808,0.0,0.0,0.20342304607344328,TXN001153,AC15544,CUS88183,M709,DVC_3091,Lagos,POS Debit,Electronics,0,0
63.184586445350725,22908.96582651827,2.0,24.67063371795993,0.002757952016332325,0.0,0.0,0.5537449886700913,TXN001154,AC31137,CUS75469,M428,DVC_5830,Moscow,Wire Transfer,Restaurant,0,0
47.88288763933835,15095.61126994403,1.0,162.39098321177792,0.003171763966306054,1.0,0.0,0.07353660117859426,TXN001155,AC81124,CUS38605,M762,DVC_2657,Lagos,ATM Withdrawal,Gas Station,0,0
17779.365539243496,3179.908029060106,4.0,42.48178914216361,5.0,1.0,1.0,0.7718304027496999,TXN001156,AC49426,CUS80579,M463,DVC_7094,Dubai,POS Debit,Retail,1,1
240.16340817201402,1125.8305122152522,1.0,1.1501689505988273,0.2131317936180778,0.0,0.0,0.4449479395171781,TXN001157,AC74588,CUS66875,M518,DVC_8463,Moscow,Online Purchase,Electronics,0,0
171.83027062850917,14186.17020188367,1.0,195.716871421326,0.012111666257848572,0.0,0.0,0.25856670530631015,TXN001158,AC85173,CUS65777,M121,DVC_2962,Chicago,Wire Transfer,Travel,0,0
71.9343593150253,47821.97306150891,2.0,238.24873035889928,0.001504179993629941,0.0,0.0,0.22184321283519276,TXN001159,AC14827,CUS24624,M360,DVC_1490,Lagos,Online Purchase,Restaurant,0,0
50.67309265179365,9976.302159711533,2.0,108.56963100202671,0.005078837128578927,0.0,0.0,0.284003279357023,TXN001160,AC48906,CUS98153,M159,DVC_9509,Chicago,Wire Transfer,Restaurant,0,0
87.35389702599352,940.240519362966,2.0,225.5568801808253,0.09280719989096396,0.0,0.0,0.33238884335950825,TXN001161,AC87184,CUS59726,M512,DVC_9082,Tokyo,ATM Withdrawal,Retail,0,0
4773.246214532442,503.2161464940531,5.0,2.3292060433623583,5.0,0.0,0.0,0.7444398685888544,TXN001162,AC48747,CUS62047,M262,DVC_3548,Chicago,POS Debit,Gas Station,1,1
6.338471361415291,9496.045111972999,2.0,65.59898210587687,0.000667415105086142,0.0,0.0,0.2024992518445516,TXN001163,AC25738,CUS73854,M213,DVC_9524,Sydney,ATM Withdrawal,Restaurant,0,0
130.17608544558627,5980.226122774405,1.0,196.76917870187597,0.021764113707375403,0.0,0.0,0.08432925672408666,TXN001164,AC89075,CUS65322,M453,DVC_2176,Singapore,ATM Withdrawal,Travel,0,0
96.24238900287129,3771.7333911108963,2.0,60.258661518943796,0.025509989449461822,0.0,0.0,0.19466686849875953,TXN001165,AC20357,CUS41619,M295,DVC_7099,Paris,POS Debit,Retail,0,0
175.33972174330287,3311.168449870778,2.0,81.39619573233242,0.05293804478759032,0.0,0.0,0.01725745531454458,TXN001166,AC91130,CUS77124,M144,DVC_3600,Chicago,POS Debit,Restaurant,0,0
453.8161523511935,11.363957550027335,9.0,48.5152653518565,5.0,1.0,0.0,0.7479859028514837,TXN001167,AC48055,CUS65025,M724,DVC_4094,Singapore,ATM Withdrawal,Travel,1,1
8.227788190338815,15790.451671478646,1.0,97.71515192974717,0.0005210279815629135,0.0,0.0,0.09669453063133163,TXN001168,AC53779,CUS36054,M278,DVC_3263,Paris,Online Purchase,Restaurant,0,0
6.793650976836445,89904.98437425666,2.0,58.61792178875248,7.55639463170342e-05,0.0,0.0,0.2014748492851707,TXN001169,AC58033,CUS51764,M881,DVC_2066,London,POS Debit,Travel,0,0
4594.219671054953,11890.58573284351,5.0,4.333879453774211,0.38634205515300823,0.0,1.0,0.6913458659949038,TXN001170,AC69072,CUS58718,M592,DVC_6744,Singapore,ATM Withdrawal,Retail,1,1
175.77930738134555,21657.470784291756,2.0,150.73170109088088,0.008115961146658288,0.0,0.0,0.20767567935271847,TXN001171,AC14617,CUS52929,M424,DVC_3790,Lagos,ATM Withdrawal,Gas Station,0,0
162.5428268365078,25793.56270591908,2.0,0.029155673743492434,0.006301437581619055,0.0,0.0,0.11625084525167625,TXN001172,AC61536,CUS88192,M469,DVC_8079,Tokyo,ATM Withdrawal,Electronics,0,0
17572.129542192848,247.78811461547002,7.0,29.439881533964353,5.0,1.0,1.0,0.7868770219977859,TXN001173,AC52342,CUS10409,M667,DVC_2673,Paris,Online Purchase,Electronics,1,1
182.87187972019197,3160.2270045168734,1.0,68.76975263598135,0.057848385914361145,0.0,0.0,0.04277861589776875,TXN001174,AC20687,CUS52585,M978,DVC_3363,Singapore,ACH Transfer,Gas Station,0,0
419.04258684461985,3617.4743332941803,1.0,0.10874949153149498,0.11580642786075329,0.0,0.0,0.13269649742367878,TXN001175,AC16796,CUS79110,M446,DVC_4723,Dubai,ACH Transfer,Restaurant,0,0
110.56924070444703,64355.72129180922,1.0,91.13670258129004,0.0017180682683180654,0.0,0.0,0.2876897089704243,TXN001176,AC62757,CUS25384,M878,DVC_4501,Singapore,POS Debit,Retail,0,0
61.57831998934465,27729.08884941358,2.0,63.967418851726485,0.0022206319036243145,0.0,0.0,0.07444809119159204,TXN001177,AC69191,CUS34736,M214,DVC_3814,Singapore,ACH Transfer,Travel,0,0
79.97341294572604,12269.505782716866,2.0,30.22363149191068,0.006517531906335061,0.0,0.0,0.2523236902452766,TXN001178,AC49801,CUS50130,M456,DVC_7642,Sydney,Wire Transfer,Retail,0,0
120.77869273879168,8649.631544137334,1.0,20.52814984020798,0.013961835285961897,0.0,0.0,0.16584428477705754,TXN001179,AC69072,CUS48621,M266,DVC_1348,Dubai,POS Debit,Gas Station,0,0
621.9461949204667,4552.798054413717,6.0,4.295305617518986,0.1365774651156637,1.0,1.0,0.8201521612008987,TXN001180,AC16747,CUS22058,M453,DVC_3122,Moscow,POS Debit,Restaurant,1,1
40.68486851155361,1721.952576292621,2.0,185.56194021577267,0.023613458124945988,0.0,0.0,0.19998504956062446,TXN001181,AC67996,CUS63260,M214,DVC_5133,Singapore,ATM Withdrawal,Restaurant,0,0
14.616972161508675,7366.611705934043,2.0,48.8016455793106,0.0019839498530759745,0.0,0.0,0.33094481862230307,TXN001182,AC17936,CUS95398,M507,DVC_1211,Tokyo,Wire Transfer,Gas Station,0,0
89.65335755001644,1970.737251992932,1.0,129.05386284605564,0.04546922134751949,0.0,0.0,0.26350568295721594,TXN001183,AC42293,CUS52946,M691,DVC_4529,Dubai,ACH Transfer,Retail,0,0
34.78186376662991,2166.9497800224726,2.0,153.40554215667393,0.01604366673395422,0.0,1.0,0.3016447267276169,TXN001184,AC92678,CUS93798,M925,DVC_8737,Tokyo,POS Debit,Electronics,0,0
125.81253664523,5291.025450843553,1.0,97.32825886287966,0.023773985558813854,0.0,0.0,0.10923205387232411,TXN001185,AC22696,CUS38002,M897,DVC_7349,London,Wire Transfer,Retail,0,0
180.46914256796703,2678.237946202093,1.0,60.0494380611501,0.06735838555279791,0.0,0.0,0.3063895115971142,TXN001186,AC23097,CUS87045,M422,DVC_5100,Sydney,Online Purchase,Restaurant,0,0
176.4330407093739,20528.45330622623,1.0,17.854191339596834,0.008594142185747576,0.0,1.0,0.08058263708662737,TXN001187,AC16228,CUS30918,M640,DVC_1147,London,Online Purchase,Restaurant,0,0
33.34446312105428,145098.5857701754,2.0,125.66384607215394,0.00022980398561487893,0.0,0.0,0.06692250354783628,TXN001188,AC70832,CUS59572,M141,DVC_2709,Singapore,ATM Withdrawal,Gas Station,0,0
138.92903039651907,22583.921391630363,2.0,147.1636021615099,0.006151406417912267,0.0,0.0,0.13259283631375676,TXN001189,AC58056,CUS64923,M559,DVC_4022,Singapore,Wire Transfer,Retail,0,0
51.619461829956286,27671.726464054977,2.0,153.77743455642658,0.0018653551140689559,1.0,0.0,0.05846766519352459,TXN001190,AC66868,CUS33807,M218,DVC_4990,Paris,POS Debit,Electronics,0,0
59515.97530342226,153.7492391555425,8.0,0.7992328587890771,5.0,1.0,0.0,0.8047581415112807,TXN001191,AC72136,CUS72739,M673,DVC_8854,Singapore,Online Purchase,Retail,1,1
526.0542756139681,568.7250893539583,2.0,55.723310668615575,0.9233475678778499,1.0,0.0,0.13254484489230142,TXN001192,AC63345,CUS23318,M766,DVC_4836,Tokyo,Online Purchase,Restaurant,0,0
57.74211273986266,819.9539786744173,2.0,26.75817386765908,0.0703353832733694,0.0,0.0,0.21355405142492465,TXN001193,AC24141,CUS92419,M896,DVC_9183,Chicago,ACH Transfer,Retail,0,0
270.962362427424,144430.14632516613,2.0,37.82830350809945,0.0018760659963010394,0.0,0.0,0.05359480696915417,TXN001194,AC95890,CUS67589,M549,DVC_5523,Lagos,ACH Transfer,Restaurant,0,0
725.368351276822,7157.581790529573,2.0,61.73112807971893,0.10132849948525365,0.0,0.0,0.045935420829299335,TXN001195,AC77062,CUS99291,M540,DVC_1368,New York,Wire Transfer,Restaurant,0,0
509.0353809733529,9097.316367362602,1.0,107.11655226939878,0.0559483052050553,0.0,0.0,0.3498756887982055,TXN001196,AC42958,CUS66801,M288,DVC_8144,Moscow,ACH Transfer,Travel,0,0
122.96003121558469,308684.4169172813,1.0,75.99930974576847,0.0003983344352432898,0.0,0.0,0.24633321101883127,TXN001197,AC77409,CUS74385,M384,DVC_2470,London,Wire Transfer,Electronics,0,0
10798.485815175634,853.5193532250472,4.0,6.368023251327456,5.0,1.0,0.0,0.9292872997712428,TXN001198,AC17958,CUS68677,M203,DVC_3597,Tokyo,POS Debit,Gas Station,1,1
67.96656889122907,99725.64409336442,2.0,27.956578739933544,0.0006815286878359061,0.0,0.0,0.2260305400109571,TXN001199,AC86743,CUS61719,M668,DVC_2302,Chicago,POS Debit,Electronics,0,0
9867.497184958338,863.612553454427,7.0,35.69342746599781,5.0,0.0,1.0,0.7138919578995331,TXN001200,AC82904,CUS87993,M556,DVC_2894,Tokyo,POS Debit,Retail,1,1
80.96074835029188,49509.12288565889,2.0,38.410561553520104,0.0016352362634458938,0.0,0.0,0.15713461522570724,TXN001201,AC17489,CUS46982,M410,DVC_3524,Lagos,ACH Transfer,Travel,0,0
73.65988159922152,100166.54611846116,2.0,32.30374438492174,0.0007353667375669672,1.0,0.0,0.17442624799761822,TXN001202,AC34833,CUS18949,M983,DVC_2088,Tokyo,ACH Transfer,Restaurant,0,0
4300.593764021661,2798.64728172771,5.0,6.812287242524038,1.5361198505576357,1.0,0.0,0.7846144529777233,TXN001203,AC18346,CUS25999,M783,DVC_6705,New York,ATM Withdrawal,Electronics,1,1
47.99486003060926,18542.653608978057,1.0,114.92362626503039,0.0025882094781673535,0.0,0.0,0.2147831690850765,TXN001204,AC48374,CUS65005,M483,DVC_2326,Tokyo,Online Purchase,Restaurant,0,0
82.32541630355463,34995.28747087423,2.0,78.6208143435662,0.0023524042763698925,0.0,0.0,0.1290351904711119,TXN001205,AC55053,CUS53070,M767,DVC_8484,New York,POS Debit,Restaurant,0,0
79.5268171817979,15000.294721501483,2.0,67.95983052912295,0.0053013302290375935,0.0,0.0,0.1988881847077952,TXN001206,AC95822,CUS33668,M264,DVC_5269,Singapore,ACH Transfer,Travel,0,0
91.57219535150914,17762.32248601796,2.0,76.05750512461599,0.005155127675218886,0.0,0.0,0.27382767697988025,TXN001207,AC53235,CUS10745,M506,DVC_8582,Dubai,Online Purchase,Electronics,0,0
79.16731846814548,2760.3745716771105,2.0,295.2722247088677,0.028669532659621584,0.0,0.0,0.11636752782867921,TXN001208,AC49428,CUS34539,M944,DVC_4356,Singapore,POS Debit,Travel,0,0
13.666514140433042,3149.3851764794354,1.0,156.44233569799624,0.004338045469000528,0.0,0.0,0.08489542801386503,TXN001209,AC67237,CUS16860,M680,DVC_7216,London,POS Debit,Restaurant,0,0
158.83805314582227,1120.0506742165724,1.0,217.40133487999339,0.141686773665984,0.0,0.0,0.341204208951905,TXN001210,AC28796,CUS68967,M575,DVC_2102,Singapore,Online Purchase,Electronics,0,0
1023.1622989555469,4284.6217762653605,5.0,7.256640097596606,0.2387430231529125,1.0,1.0,0.6858945023136568,TXN001211,AC57566,CUS17035,M157,DVC_2067,Sydney,Online Purchase,Restaurant,1,1
331.35110037402427,1566.6908212520698,2.0,49.966614885990325,0.21136253136277447,0.0,0.0,0.19023462703265606,TXN001212,AC65776,CUS62463,M818,DVC_1744,London,ACH Transfer,Restaurant,0,0
111.41268624431734,35158.903596196826,1.0,119.8872828011498,0.003168742654242335,0.0,0.0,0.362532468671016,TXN001213,AC75457,CUS50554,M515,DVC_4074,Paris,Online Purchase,Electronics,0,0
57.546897121281155,10543.916572254479,2.0,133.53800668275704,0.005457311750829506,0.0,0.0,0.15967561883809311,TXN001214,AC78696,CUS71691,M696,DVC_3490,Singapore,Online Purchase,Gas Station,0,0
69.32340309105514,2374.0603618952473,2.0,25.5855999896877,0.029188059471354468,0.0,0.0,0.0816402918162758,TXN001215,AC38181,CUS27121,M936,DVC_8544,Sydney,ACH Transfer,Travel,0,0
76.33670268733351,129838.05369884803,1.0,93.57704266154356,0.0005879332952040052,0.0,0.0,0.34012600871054266,TXN001216,AC13371,CUS58660,M712,DVC_4764,Lagos,POS Debit,Retail,0,0
110.99591239879716,52418.73639065054,2.0,446.92021867465206,0.0021174450701471692,0.0,0.0,0.39213411689642846,TXN001217,AC69435,CUS94121,M903,DVC_7021,Chicago,Online Purchase,Restaurant,0,0
41.464721652500806,8325.058218743623,1.0,4.172787658237605,0.0049801143065701155,1.0,0.0,0.2575700676474596,TXN001218,AC52020,CUS57949,M350,DVC_3862,Singapore,ATM Withdrawal,Travel,0,0
269.42809651851195,7048.595739499804,2.0,83.91632789039403,0.038218942826589504,0.0,0.0,0.23588613200113195,TXN001219,AC46119,CUS27825,M319,DVC_6955,London,Wire Transfer,Travel,0,0
38.08472241665654,36835.144532610815,1.0,18.189945028050232,0.0010338954551266995,0.0,0.0,0.3157932468789546,TXN001220,AC77653,CUS43451,M259,DVC_7868,London,Online Purchase,Electronics,0,0
101.2486916740186,5034.020568668697,1.0,16.36707739628082,0.020108893358660028,0.0,0.0,0.2367629795492973,TXN001221,AC81892,CUS93840,M286,DVC_3560,Paris,Online Purchase,Electronics,0,0
136.60561427938399,58539.29325278551,2.0,35.70614686971425,0.002333531430898391,0.0,0.0,0.12899935532711415,TXN001222,AC44374,CUS69551,M995,DVC_5791,Sydney,Wire Transfer,Electronics,0,0
13.166043140809448,515.6665441646231,2.0,35.61990924019286,0.025482670185461846,0.0,0.0,0.3495391440469243,TXN001223,AC42839,CUS80706,M698,DVC_4834,London,ATM Withdrawal,Travel,0,0
315.1324581436902,30172.417803051463,1.0,78.68866723641244,0.010444042507899804,0.0,0.0,0.3796905818487653,TXN001224,AC81887,CUS64901,M563,DVC_3774,London,POS Debit,Electronics,0,0
123.77121477479928,3394.716397031682,2.0,7.207866867110923,0.036449220224336804,0.0,0.0,0.06503138777460223,TXN001225,AC22464,CUS37927,M597,DVC_9268,Tokyo,ATM Withdrawal,Retail,0,0
163.57828889718283,13841.950328052477,2.0,60.67827905049509,0.011816721509553822,0.0,0.0,0.12477092909224662,TXN001226,AC10706,CUS90852,M429,DVC_4114,Singapore,Wire Transfer,Travel,0,0
19.036957646743897,4368.8930377172,2.0,200.02427666525412,0.004356389843511745,0.0,0.0,0.1079232965683814,TXN001227,AC25660,CUS81251,M448,DVC_6704,Singapore,Online Purchase,Electronics,0,0
27.165219846434972,18150.345120663762,1.0,126.08051784350278,0.0014965954129487452,0.0,0.0,0.2349494307863376,TXN001228,AC93848,CUS25652,M599,DVC_2012,Moscow,POS Debit,Restaurant,0,0
472.7613847638132,1325.3972810242797,1.0,121.96406982924103,0.35642517632329146,0.0,1.0,0.1762502467663665,TXN001229,AC72323,CUS73315,M766,DVC_5285,Moscow,ATM Withdrawal,Travel,0,0
22.838224437523657,3874.4009207577533,1.0,71.03116406624575,0.005893125615777095,0.0,0.0,0.18278521583838533,TXN001230,AC12798,CUS73553,M966,DVC_5357,Moscow,ATM Withdrawal,Gas Station,0,0
47.898968703323966,1697.536534331882,1.0,83.26369899550149,0.028200140376824445,0.0,0.0,0.37863938016801324,TXN001231,AC35753,CUS46752,M589,DVC_4556,Paris,POS Debit,Gas Station,0,0
579.0462599261836,16698.932780492465,1.0,64.22030722781238,0.03467356830337541,0.0,0.0,0.062267645392553674,TXN001232,AC51113,CUS46183,M379,DVC_3325,Dubai,ATM Withdrawal,Travel,0,0
126.80682808818194,2352.141865932912,1.0,142.6855549987188,0.05388830564106635,0.0,0.0,0.22600135988192865,TXN001233,AC59181,CUS48877,M954,DVC_7957,Sydney,Wire Transfer,Travel,0,0
95.68535363951452,149910.33256206807,1.0,95.57669825810854,0.0006382796550747604,0.0,1.0,0.02984620620749284,TXN001234,AC39722,CUS72524,M934,DVC_4988,Dubai,POS Debit,Gas Station,0,0
72.25229256810327,3919.9032765193156,1.0,62.619878682405556,0.01842746109060957,0.0,0.0,0.20711588715462823,TXN001235,AC96991,CUS39300,M263,DVC_3354,New York,Wire Transfer,Restaurant,0,0
131.24906781890098,13505.925912580427,1.0,80.2070171842332,0.009717167967631692,0.0,0.0,0.05273316549934435,TXN001236,AC78847,CUS97175,M497,DVC_7693,Tokyo,POS Debit,Restaurant,0,0
83.18771550224659,28342.76261135904,1.0,20.58873177030027,0.002934956683164863,0.0,0.0,0.33525314263970196,TXN001237,AC71170,CUS98322,M167,DVC_3394,Tokyo,Wire Transfer,Restaurant,0,0
198.56069112156646,18239.826980068694,2.0,62.123872463664036,0.010885509266577052,0.0,0.0,0.21659443394309547,TXN001238,AC39362,CUS85007,M527,DVC_6542,Singapore,Online Purchase,Retail,0,0
861.2883897326456,4371.493926701348,1.0,37.62067835407261,0.19697875038157228,0.0,0.0,0.24944337051436394,TXN001239,AC61026,CUS49242,M531,DVC_5521,Sydney,Online Purchase,Retail,0,0
147.0596325246789,25.657431824686494,6.0,15.429856645508636,5.0,1.0,0.0,0.8811150790827609,TXN001240,AC57201,CUS79530,M973,DVC_1041,Lagos,ATM Withdrawal,Restaurant,1,1
283.20493417482345,28282.56646027183,1.0,18.25598252196698,0.010013055976254756,0.0,0.0,0.2951713246074289,TXN001241,AC58974,CUS21656,M474,DVC_2848,Lagos,POS Debit,Gas Station,0,0
136.42652223936497,4745.681372488029,1.0,66.08085546679007,0.028741453561660784,0.0,0.0,0.4205343822037387,TXN001242,AC22917,CUS94750,M899,DVC_5191,Paris,POS Debit,Retail,0,0
3632.466109543109,1252.1459999738465,8.0,4.415416669516356,2.898677496172768,0.0,1.0,0.7019104857566941,TXN001243,AC51577,CUS93487,M823,DVC_8430,Singapore,Wire Transfer,Electronics,1,1
489.3700029931422,15207.719086009442,2.0,200.06746731722617,0.03217693746762115,0.0,0.0,0.27010943300040235,TXN001244,AC27955,CUS36613,M731,DVC_3866,Chicago,ATM Withdrawal,Retail,0,0
51836.478783092054,4246.677743317658,7.0,34.96005933503474,5.0,1.0,0.0,0.8781483771523886,TXN001245,AC66365,CUS81946,M796,DVC_7893,Paris,ATM Withdrawal,Gas Station,1,1
189.68955660113633,851.6893884121798,6.0,34.4014861391685,0.22246032280800787,1.0,0.0,0.7585003430954368,TXN001246,AC94357,CUS48786,M522,DVC_9396,Singapore,POS Debit,Gas Station,1,1
117.51435848143906,2542.77385260216,1.0,360.9520610947757,0.04619685761815165,0.0,0.0,0.2035244917247598,TXN001247,AC33915,CUS51990,M827,DVC_4334,Singapore,Online Purchase,Travel,0,0
199.24930098339624,5150.925832313198,1.0,130.80289732823735,0.03867472232105755,0.0,0.0,0.04928807568209413,TXN001248,AC71799,CUS55494,M741,DVC_4659,New York,POS Debit,Gas Station,0,0
152.98330219913242,17674.05827507716,1.0,41.317698035690356,0.008655320951040235,0.0,0.0,0.380876572861067,TXN001249,AC84706,CUS16147,M177,DVC_8079,Dubai,POS Debit,Restaurant,0,0
22.74591407977039,1392.9513567415077,2.0,28.1785406406857,0.016317580932623862,0.0,0.0,0.2909064122857681,TXN001250,AC18706,CUS76213,M587,DVC_1654,Sydney,ACH Transfer,Gas Station,0,0
103.34069983302952,12032.014098414704,1.0,167.1643324570625,0.008588097627729382,0.0,0.0,0.059114155188038295,TXN001251,AC73409,CUS65602,M269,DVC_3362,Moscow,Wire Transfer,Retail,0,0
321.15493198728177,42442.28024892583,2.0,20.671346672036663,0.007566684999456649,0.0,1.0,0.052240741424696424,TXN001252,AC27193,CUS84189,M137,DVC_9075,Moscow,Wire Transfer,Retail,0,0
211.4392775975786,6801.1781010132445,2.0,9.013031559910443,0.031084054909718235,0.0,0.0,0.1783981467105219,TXN001253,AC82934,CUS11234,M666,DVC_6371,Moscow,ACH Transfer,Retail,0,0
120.53028985667704,597.5512750621077,9.0,17.210911232193013,0.20137003274142287,1.0,1.0,0.9740330632426493,TXN001254,AC93366,CUS19328,M389,DVC_6452,Paris,ATM Withdrawal,Gas Station,1,1
74618.19615847852,323.48330418247167,6.0,6.381079711227864,5.0,0.0,1.0,0.9529310600539779,TXN001255,AC26852,CUS22404,M657,DVC_5839,London,Wire Transfer,Restaurant,1,1
263.4241476204685,4139.130277849507,9.0,7.742137339079095,0.06362701894426809,1.0,0.0,0.7967978811935538,TXN001256,AC27013,CUS97355,M270,DVC_8593,Paris,ATM Withdrawal,Restaurant,1,1
182.41128107467853,1603.9687863054123,2.0,53.58110167536046,0.11365409884050366,0.0,0.0,0.08239506452251427,TXN001257,AC95302,CUS88386,M741,DVC_1284,Chicago,Online Purchase,Travel,0,0
41.814614297672684,13630.496709650433,2.0,7.9423564129488105,0.0030674998636114536,0.0,0.0,0.339626092491957,TXN001258,AC16538,CUS49883,M775,DVC_1511,Singapore,ATM Withdrawal,Electronics,0,0
1440.4277836014721,3237.1944009438967,9.0,31.101051570403992,0.44482436977273626,1.0,0.0,0.7501143875435606,TXN001259,AC60377,CUS33566,M681,DVC_5124,Chicago,Wire Transfer,Restaurant,1,1
117.7656886398303,13416.189717484373,2.0,127.23889844501726,0.008777224673686027,0.0,0.0,0.1793575039927954,TXN001260,AC57645,CUS61400,M391,DVC_4078,London,ATM Withdrawal,Retail,0,0
249.90417755340636,48189.44220379194,2.0,134.5034524032025,0.005185762282416704,0.0,0.0,0.14771753203219704,TXN001261,AC31867,CUS66666,M680,DVC_5637,Dubai,Online Purchase,Travel,0,0
406.22506393957025,31275.73644914843,2.0,6.413895721733649,0.012988089873124551,0.0,0.0,0.2080536435334651,TXN001262,AC88070,CUS18315,M521,DVC_9406,Chicago,ACH Transfer,Restaurant,0,0
166.61778956209383,4418.064622491916,2.0,5.494043250808707,0.037704311612473736,0.0,0.0,0.2868494605364069,TXN001263,AC93536,CUS99939,M204,DVC_6119,Sydney,Wire Transfer,Restaurant,0,0
318.09088418381447,1827.4941643408279,2.0,38.46792052395196,0.17396330291187243,0.0,0.0,0.38492289846837563,TXN001264,AC46085,CUS87979,M665,DVC_4331,Lagos,Online Purchase,Electronics,0,0
61.481842289458356,13908.372500044099,1.0,31.33666438805737,0.004420173684273926,0.0,0.0,0.19389804850072315,TXN001265,AC99271,CUS30888,M505,DVC_3308,Chicago,POS Debit,Electronics,0,0
565.0425278317531,29349.221287236807,1.0,64.98131679633282,0.019251729733208746,0.0,0.0,0.310307747330182,TXN001266,AC99500,CUS82911,M979,DVC_2837,Sydney,ACH Transfer,Electronics,0,0
60.163049058873675,20238.140656493746,1.0,125.23935024202866,0.00297260887109702,0.0,0.0,0.2484252424338908,TXN001267,AC63792,CUS39443,M558,DVC_9010,Singapore,ACH Transfer,Restaurant,0,0
2290.0911830887235,2084.8891175526683,7.0,11.755415252454615,1.097896893855816,1.0,1.0,0.8053457275850789,TXN001268,AC15733,CUS23588,M974,DVC_6119,London,Wire Transfer,Restaurant,1,1
41.58660513808837,1215.9152806337481,2.0,87.81093570365411,0.03417378826604166,0.0,0.0,0.26143568666073497,TXN001269,AC96733,CUS79466,M347,DVC_6736,Sydney,Online Purchase,Retail,0,0
42.61606812921318,20027.69312146362,1.0,180.81054571241782,0.002127750815830512,0.0,0.0,0.26570597649427663,TXN001270,AC88601,CUS13776,M408,DVC_1565,Moscow,POS Debit,Gas Station,0,0
141.29326471795602,7381.362155663837,1.0,42.3852656176662,0.019139302805614072,0.0,0.0,0.09248373643084692,TXN001271,AC45305,CUS94804,M472,DVC_8639,Chicago,Online Purchase,Electronics,0,0
27.39414160926055,3651.2256070267304,2.0,26.639651973112045,0.0075006707024219315,0.0,0.0,0.3286609462104148,TXN001272,AC57318,CUS74237,M205,DVC_9992,Dubai,ATM Withdrawal,Retail,0,0
101.12882083887996,151939.26545821058,1.0,132.32146844250266,0.0006655827573678571,0.0,0.0,0.17989943297391645,TXN001273,AC95094,CUS30873,M960,DVC_2278,Dubai,Wire Transfer,Retail,0,0
467.5087988456472,26265.305610235715,1.0,80.10128428356822,0.017798802990530337,0.0,0.0,0.17344330058859841,TXN001274,AC67126,CUS94017,M414,DVC_8191,Chicago,ATM Withdrawal,Travel,0,0
1647.357843277967,19183.9287263573,9.0,7.270015201772868,0.08586729024511502,0.0,0.0,0.8423317463907214,TXN001275,AC94142,CUS30057,M708,DVC_6084,Chicago,ATM Withdrawal,Retail,1,1
203.46974054616797,3947.1952757019435,2.0,319.88270870980205,0.051534872603279075,0.0,0.0,0.25442540439737854,TXN001276,AC75587,CUS18335,M953,DVC_4504,Moscow,ACH Transfer,Electronics,0,0
111.70628612889269,196252.4470331106,1.0,393.00881772587144,0.0005691940081442051,0.0,0.0,0.45931589528698036,TXN001277,AC94264,CUS18357,M638,DVC_6613,Lagos,ACH Transfer,Gas Station,0,0
17.457084624039986,69098.379759749,1.0,39.99873722936919,0.00025263735629373757,0.0,0.0,0.13098520370786107,TXN001278,AC89835,CUS78674,M171,DVC_7517,Chicago,ATM Withdrawal,Retail,0,0
7825.188462640703,2498.943814667518,5.0,3.071702483996966,3.1301457323677573,1.0,0.0,0.7584459151484871,TXN001279,AC96984,CUS67412,M477,DVC_7905,Paris,Online Purchase,Restaurant,1,1
58.09367097087434,7575.392580295115,2.0,46.80631122135112,0.0076677218551168954,0.0,0.0,0.17485551736977717,TXN001280,AC98406,CUS28741,M595,DVC_1376,Tokyo,Wire Transfer,Restaurant,0,0
320964.740744739,685.4208546207391,9.0,11.98028226262423,5.0,0.0,1.0,0.9103775644741718,TXN001281,AC97750,CUS38683,M284,DVC_9142,Chicago,Wire Transfer,Retail,1,1
22.420200779284055,3477.534233078538,2.0,1.685666464266147,0.0064453011748692645,0.0,0.0,0.09557570233537975,TXN001282,AC79802,CUS10576,M233,DVC_2104,New York,Online Purchase,Electronics,0,0
89.62882296165577,42567.68330631542,2.0,203.7123125478911,0.0021055108121786465,0.0,0.0,0.24333836208133316,TXN001283,AC21300,CUS25029,M273,DVC_7746,New York,ATM Withdrawal,Gas Station,0,0
12840.582608907658,274.1776036979754,7.0,16.23297061505124,5.0,1.0,0.0,0.6503154430924653,TXN001284,AC77194,CUS70226,M892,DVC_6674,Dubai,Wire Transfer,Gas Station,1,1
25.07480618257252,1050355.729116375,1.0,90.51198536290043,2.387265724823508e-05,0.0,0.0,0.14359105103880726,TXN001285,AC99288,CUS88740,M709,DVC_6242,Tokyo,ACH Transfer,Electronics,0,0
1098.7075704367862,3189.349580852221,6.0,7.435140263281665,0.34438469596905247,1.0,0.0,0.8817504695933246,TXN001286,AC38133,CUS50068,M492,DVC_3847,Tokyo,POS Debit,Restaurant,1,1
340.5099329078047,5260.291324672983,1.0,25.998826629523464,0.06471984003451266,0.0,0.0,0.3709165209851798,TXN001287,AC88278,CUS67934,M163,DVC_9214,Moscow,ACH Transfer,Restaurant,0,0
374.227260728645,6929.104135977132,1.0,15.81324200471929,0.05400023627146833,0.0,0.0,0.3513819360618633,TXN001288,AC26059,CUS11667,M514,DVC_3703,Paris,Online Purchase,Travel,0,0
102.54191552418254,4812.85896797931,1.0,512.171537121457,0.021301395866864387,0.0,0.0,0.22591816439372994,TXN001289,AC72166,CUS11298,M502,DVC_5865,Chicago,POS Debit,Retail,0,0
320.57279633473627,33764.79314200114,2.0,92.50170555454639,0.009494010550457855,0.0,0.0,0.08625925503603434,TXN001290,AC23720,CUS33376,M212,DVC_7662,Chicago,Wire Transfer,Retail,0,0
310.5091741650606,24426.72248627351,2.0,91.19250536841267,0.012711343611322862,0.0,0.0,0.24526152688963512,TXN001291,AC68230,CUS56902,M164,DVC_4348,London,Wire Transfer,Restaurant,0,0
27.059982827281864,156187.6214526037,2.0,88.24025139102794,0.0001732519473929371,0.0,0.0,0.15314996286786084,TXN001292,AC86530,CUS73292,M827,DVC_1376,Paris,POS Debit,Retail,0,0
130.2378146453459,3923.1797874445965,2.0,152.87076061765433,0.033188544281799084,0.0,0.0,0.28061012267629143,TXN001293,AC97541,CUS48599,M965,DVC_7434,Paris,Wire Transfer,Electronics,0,0
40.20743619423302,176214.63300765603,2.0,74.48954182362253,0.00022817178877929705,0.0,1.0,0.2629732007841272,TXN001294,AC30394,CUS22900,M500,DVC_8620,London,POS Debit,Gas Station,0,0
148.92442055981786,11666.853699744373,1.0,47.62221008258028,0.012763651687120537,0.0,0.0,0.2531168841074453,TXN001295,AC10635,CUS77799,M389,DVC_7485,Tokyo,ATM Withdrawal,Travel,0,0
987.1292544419211,19265.000589503878,2.0,345.4369008836076,0.051236853744295506,0.0,0.0,0.19651209355769214,TXN001296,AC86742,CUS80290,M582,DVC_2356,Chicago,Online Purchase,Electronics,0,0
44.73202154741673,1429.9235708737988,1.0,774.1334041762525,0.0312609439511161,0.0,0.0,0.05933992720400609,TXN001297,AC74197,CUS46631,M519,DVC_2766,Paris,ACH Transfer,Electronics,0,0
122.39281668923957,33769.88323980043,1.0,76.91512097726267,0.003624211301201456,0.0,0.0,0.19174890577982123,TXN001298,AC54845,CUS17400,M414,DVC_6505,Paris,POS Debit,Electronics,0,0
19586.002915354322,3.020032108003696,7.0,25.334295778098017,5.0,1.0,1.0,0.751158112289024,TXN001299,AC32805,CUS75004,M188,DVC_6426,New York,POS Debit,Retail,1,1
48469.030025739536,209.55424983869065,9.0,9.799057386372557,5.0,1.0,0.0,0.5630293552507564,TXN001300,AC69426,CUS38820,M858,DVC_4841,New York,ATM Withdrawal,Gas Station,1,1
55.619587575401184,27736.819099271484,1.0,140.21081135951778,0.0020051896429327423,0.0,0.0,0.08367048643106703,TXN001301,AC35632,CUS32864,M943,DVC_4244,New York,ACH Transfer,Travel,0,0
24.872712533197944,40752.48983250011,2.0,63.203697676676526,0.000610321045766305,0.0,0.0,0.14109673118331745,TXN001302,AC21660,CUS46295,M760,DVC_1543,Tokyo,ATM Withdrawal,Restaurant,0,0
114.00399401988774,727.8786530206844,1.0,356.91458562389585,0.15641011510958944,0.0,0.0,0.24172848043798903,TXN001303,AC36877,CUS15598,M456,DVC_7047,Chicago,ATM Withdrawal,Electronics,0,0
377.2587470232573,73611.16828630849,2.0,140.81363521305684,0.005124950885238706,0.0,0.0,0.23346827341721843,TXN001304,AC84295,CUS49418,M977,DVC_9967,London,Online Purchase,Electronics,0,0
334.23184277400526,1836.6614365043092,8.0,20.753795587343603,0.18187890115918068,1.0,1.0,0.720045077777124,TXN001305,AC48924,CUS87074,M851,DVC_2620,Tokyo,Wire Transfer,Electronics,1,1
112.34970434086512,4972.029678685684,1.0,47.254626286149545,0.022591802502686425,0.0,0.0,0.2893201300520993,TXN001306,AC57153,CUS45786,M617,DVC_5312,Moscow,ACH Transfer,Restaurant,0,0
119.43084127384769,53936.35484655144,1.0,63.42230520611248,0.0022142509882737355,0.0,0.0,0.12430681471417984,TXN001307,AC69127,CUS19396,M848,DVC_9723,Paris,ATM Withdrawal,Retail,0,0
96.39128084660136,4563.176293327795,2.0,395.20119786430024,0.02111909677711448,0.0,0.0,0.07198191070475939,TXN001308,AC58360,CUS41725,M464,DVC_8828,Moscow,Wire Transfer,Retail,0,0
13.672674454192634,1294.212227715646,2.0,195.27665699892626,0.010556319776494858,0.0,0.0,0.08359867990386463,TXN001309,AC58097,CUS32299,M366,DVC_1888,Dubai,Wire Transfer,Gas Station,0,0
514.3865540957604,4836.508744598745,5.0,1.414587217527023,0.10633294558280475,0.0,0.0,0.8383607651215299,TXN001310,AC34091,CUS58598,M947,DVC_1392,Singapore,Wire Transfer,Retail,1,1
79.27017661264479,10928.57261127063,2.0,61.77412181069195,0.007252815771670795,1.0,0.0,0.14732035120521492,TXN001311,AC41335,CUS53211,M505,DVC_4457,Dubai,Wire Transfer,Retail,0,0
34.12540281622164,16633.30479151582,1.0,123.35995051603356,0.002051507606956138,0.0,0.0,0.26753889501755984,TXN001312,AC82545,CUS30943,M849,DVC_8668,Sydney,Online Purchase,Travel,0,0
114.17150102948052,1335.1190072728527,1.0,53.43057699702081,0.0854500986873284,0.0,0.0,0.10787865761371881,TXN001313,AC77679,CUS60125,M238,DVC_3363,Tokyo,Online Purchase,Travel,0,0
69.02685637508853,47707.15375066342,2.0,8.424483449211854,0.001446856584219184,0.0,0.0,0.4940700502139956,TXN001314,AC49767,CUS22614,M264,DVC_8354,Tokyo,ATM Withdrawal,Retail,0,0
15.529635151591528,1194.5721600451272,1.0,164.8022053108498,0.012989291379121238,0.0,0.0,0.26708888835972494,TXN001315,AC69584,CUS63160,M893,DVC_1317,New York,Wire Transfer,Travel,0,0
133.13446422285259,38661.01458029432,2.0,305.70580080342705,0.0034435469974373766,0.0,0.0,0.10686573620947279,TXN001316,AC53518,CUS18226,M796,DVC_7537,Paris,ATM Withdrawal,Gas Station,0,0
75.72398349113979,40322.18861813308,1.0,34.500645008910546,0.001877926475712469,0.0,0.0,0.41030979128454664,TXN001317,AC93394,CUS48765,M765,DVC_9896,Moscow,POS Debit,Retail,0,0
2.867054924106073,2543.119807222993,2.0,50.274487871822785,0.0011269339266044929,0.0,0.0,0.23849646741600852,TXN001318,AC99168,CUS58343,M205,DVC_4771,Sydney,Online Purchase,Travel,0,0
18354.518754430017,238.8972147804932,4.0,78.13108221383865,5.0,1.0,1.0,0.5249696681405398,TXN001319,AC96022,CUS18192,M248,DVC_5244,Chicago,Online Purchase,Restaurant,1,1
87.42440606606301,15348.384266207953,2.0,147.9986040577054,0.0056956295151545586,0.0,0.0,0.21585873765846175,TXN001320,AC75865,CUS67037,M284,DVC_5653,Chicago,ACH Transfer,Travel,0,0
149.98706756438028,48330.73107779324,1.0,24.321214523068168,0.0031032835824350217,0.0,0.0,0.2492181040680861,TXN001321,AC22370,CUS45283,M509,DVC_7885,Moscow,POS Debit,Travel,0,0
28.003157479490582,27859.237375889752,2.0,36.95187462864479,0.0010051298954015559,0.0,0.0,0.10305088745997439,TXN001322,AC23847,CUS82283,M882,DVC_5006,New York,Online Purchase,Restaurant,0,0
514.9456558843816,1841.2316260223147,1.0,111.27635304068487,0.2795227530624014,0.0,0.0,0.024036172688586228,TXN001323,AC61825,CUS69994,M970,DVC_5642,New York,Wire Transfer,Gas Station,0,0
160.60804574426456,50784.84811520879,1.0,55.12002075199261,0.0031624567021096457,0.0,0.0,0.04660622292186775,TXN001324,AC80158,CUS48531,M802,DVC_3127,Lagos,Wire Transfer,Restaurant,0,0
176.89619365940592,13283.302885434588,2.0,1.5714705061690013,0.01331618190167597,0.0,0.0,0.29318329615778743,TXN001325,AC48000,CUS16400,M774,DVC_5613,Singapore,Wire Transfer,Gas Station,0,0
110.83138554513204,527.6171342017019,1.0,104.95984937166557,0.20966287010825993,0.0,0.0,0.17281276661847256,TXN001326,AC99941,CUS28324,M300,DVC_3749,Lagos,ATM Withdrawal,Restaurant,0,0
14.002051893827383,16488.989188433578,1.0,66.23627366923563,0.0008491243829103729,0.0,0.0,0.14156637048980866,TXN001327,AC68367,CUS17010,M717,DVC_9435,Paris,Online Purchase,Gas Station,0,0
68.22960514882791,15340.242756486561,1.0,177.68452199674684,0.004447462714191076,0.0,0.0,0.3896510077140302,TXN001328,AC77216,CUS63841,M826,DVC_9200,New York,ATM Withdrawal,Gas Station,0,0
33.6220202864141,11885.514081546593,2.0,124.1942936389114,0.002828585408283084,0.0,0.0,0.4420578463527536,TXN001329,AC57112,CUS49283,M935,DVC_4654,Tokyo,Online Purchase,Electronics,0,0
31.965879974345867,1588.9211632300394,1.0,246.87890110112005,0.020105323907636325,0.0,0.0,0.09183672477542744,TXN001330,AC48719,CUS49804,M319,DVC_6439,Sydney,ACH Transfer,Electronics,0,0
855.9012223819453,1093.1051059370875,1.0,207.5542092207609,0.7822842775684485,0.0,0.0,0.31742012556476323,TXN001331,AC37832,CUS30275,M956,DVC_3370,Moscow,ATM Withdrawal,Travel,0,0
48.36935447384825,46877.732916642264,1.0,149.3786930732932,0.0010317973943505798,0.0,1.0,0.21185266481598225,TXN001332,AC82402,CUS63245,M569,DVC_3603,London,Online Purchase,Restaurant,0,0
148.7218622319277,17417.595386651297,2.0,151.87498949867873,0.008538108781486501,0.0,0.0,0.2301050742098654,TXN001333,AC35479,CUS37133,M828,DVC_6747,Sydney,ACH Transfer,Gas Station,0,0
2495.865437471421,44791.029333702594,7.0,5.578739968555427,0.05572119581537852,1.0,1.0,0.9182565913715925,TXN001334,AC59285,CUS36452,M533,DVC_4533,London,Online Purchase,Electronics,1,1
178.17740210640062,6730.474866786454,2.0,73.34750452941326,0.026469296199193998,0.0,0.0,0.21878972053250856,TXN001335,AC93045,CUS13663,M128,DVC_8565,Moscow,POS Debit,Travel,0,0
51.3548077173779,4097.688945272135,2.0,75.70171878549691,0.01252956943137049,0.0,0.0,0.018302897712894915,TXN001336,AC56228,CUS71239,M849,DVC_9584,Chicago,ATM Withdrawal,Travel,0,0
192.26781826361972,1123.6101403672556,2.0,387.06684683723097,0.17096397352493395,0.0,0.0,0.28951537931390886,TXN001337,AC61191,CUS15081,M163,DVC_2251,Dubai,Wire Transfer,Travel,0,0
13.281290549778808,14508.18146331624,1.0,148.2615175628361,0.0009153714551960133,0.0,0.0,0.42765071898227036,TXN001338,AC14188,CUS91766,M195,DVC_3966,Moscow,ACH Transfer,Electronics,0,0
1726.1494864267752,357.0803570079211,7.0,20.49772425706726,4.820564581789084,1.0,1.0,0.8272451867377407,TXN001339,AC45617,CUS99594,M765,DVC_8571,Dubai,ACH Transfer,Retail,1,1
21.55129275446597,13249.720796957652,2.0,39.35407852348758,0.0016264241836122695,0.0,0.0,0.11124524406970565,TXN001340,AC13366,CUS56024,M639,DVC_4007,Singapore,Wire Transfer,Travel,0,0
68.27332561666499,24256.46514048049,1.0,5.842057787061932,0.0028145284439770875,0.0,0.0,0.47528082327768917,TXN001341,AC62063,CUS54374,M609,DVC_8813,Tokyo,ACH Transfer,Retail,0,0
47.35714690886457,174607.0489523567,2.0,85.69820176418303,0.00027121972436554954,0.0,0.0,0.15711554604355468,TXN001342,AC88597,CUS43729,M439,DVC_8206,Paris,Wire Transfer,Retail,0,0
4.636809861107081,13175.120801111394,2.0,72.09857299495927,0.00035191009031398457,0.0,0.0,0.3068899235375246,TXN001343,AC25952,CUS98002,M787,DVC_9384,New York,Wire Transfer,Retail,0,0
283288.3699090833,55.08027376249709,8.0,4.381549640595405,5.0,0.0,1.0,0.7162464924956228,TXN001344,AC28975,CUS79910,M350,DVC_9518,Tokyo,Online Purchase,Travel,1,1
41.295451222672874,13827.0097020015,2.0,56.97171748347253,0.002986362615633374,0.0,0.0,0.18493213060695082,TXN001345,AC14283,CUS29965,M805,DVC_5120,Singapore,ATM Withdrawal,Gas Station,0,0
6883.381831897261,15074.5715993629,8.0,31.387785547020112,0.45659176413504315,0.0,1.0,0.8715804640321089,TXN001346,AC69527,CUS22718,M378,DVC_5197,Dubai,POS Debit,Retail,1,1
40.644010796728416,6050.85011376168,1.0,515.281213470092,0.0067159645451736255,0.0,0.0,0.2439603019295649,TXN001347,AC30645,CUS69833,M138,DVC_9854,Sydney,ACH Transfer,Electronics,0,0
187.95857020159093,15776.82690641109,2.0,65.04689538830905,0.011912830031442207,0.0,0.0,0.40411897877484343,TXN001348,AC21740,CUS80916,M168,DVC_5837,Singapore,Online Purchase,Electronics,0,0
5168.959166748363,3343.7913433776675,5.0,7.8388786725256745,1.545375671036208,1.0,1.0,0.7716519182511951,TXN001349,AC66286,CUS58972,M376,DVC_5025,Paris,POS Debit,Retail,1,1
122.93638200119341,86437.5171091088,2.0,35.63940437653073,0.0014222407569303211,0.0,0.0,0.39440390227802286,TXN001350,AC15128,CUS71175,M219,DVC_5257,Tokyo,POS Debit,Retail,0,0
12.959664728997561,17315.571874067406,2.0,28.93732316783935,0.0007483966701518692,0.0,0.0,0.23940025127752412,TXN001351,AC56515,CUS38108,M185,DVC_5773,Moscow,ACH Transfer,Retail,0,0
10.34219768424312,9564.398326253711,2.0,47.94157711491515,0.001081209305822358,0.0,0.0,0.10074900436423338,TXN001352,AC84907,CUS42338,M276,DVC_4953,Singapore,ACH Transfer,Electronics,0,0
4.9103479655619795,1906.8220890788905,1.0,475.78434770336366,0.002573797626975128,0.0,0.0,0.36488413138661113,TXN001353,AC96845,CUS77848,M705,DVC_3294,Tokyo,Online Purchase,Restaurant,0,0
27.486381708600018,2384.95743815483,2.0,377.0705326103106,0.01152006371490704,0.0,0.0,0.08565320046084113,TXN001354,AC65983,CUS33042,M191,DVC_7317,Paris,ACH Transfer,Gas Station,0,0
339.8474373203442,45208.71767833022,1.0,34.871474617199674,0.007517132483294379,0.0,0.0,0.08632821778592689,TXN001355,AC60930,CUS78028,M519,DVC_4467,Moscow,POS Debit,Restaurant,0,0
17.192241427456736,10554.258785019709,2.0,84.852523512774,0.0016287844549918947,1.0,0.0,0.2732815708883309,TXN001356,AC65462,CUS12270,M180,DVC_2032,Singapore,ACH Transfer,Electronics,0,0
67.93120079201047,13495.032609374017,1.0,11.214754103303706,0.00503342002484694,0.0,0.0,0.13800178304421218,TXN001357,AC18628,CUS41481,M440,DVC_2471,Tokyo,Online Purchase,Electronics,0,0
281.31216565366395,1821.2480325238403,1.0,2.4735117763181815,0.15437644087563782,0.0,0.0,0.15235982100541404,TXN001358,AC85998,CUS83143,M520,DVC_6113,Dubai,Online Purchase,Travel,0,0
951.1484597902767,3652.5416915667815,1.0,111.08675222022778,0.26033600820424385,0.0,0.0,0.33123981592323365,TXN001359,AC98254,CUS72246,M327,DVC_6690,Sydney,Online Purchase,Restaurant,0,0
7.9234672650001094,10785.451125215899,1.0,40.29774386228087,0.0007345759205710502,0.0,0.0,0.5177540126773522,TXN001360,AC48674,CUS18460,M994,DVC_7805,Paris,ACH Transfer,Retail,0,0
46.840149506036575,815.1227750810788,1.0,4.971875702907206,0.0573935085948106,0.0,0.0,0.40069202004044535,TXN001361,AC69168,CUS99128,M572,DVC_5071,New York,ATM Withdrawal,Retail,0,0
62.410301804783145,258299.32760470774,2.0,51.28298018064085,0.00024161913530475006,0.0,0.0,0.06389219426465997,TXN001362,AC51753,CUS37274,M187,DVC_8739,Sydney,Online Purchase,Electronics,0,0
82.60588275377806,7518.934881454617,2.0,33.92664471004001,0.010984919956886541,0.0,0.0,0.08939994003110015,TXN001363,AC36314,CUS32568,M449,DVC_2148,Tokyo,ATM Withdrawal,Travel,0,0
55.16394405060596,5495.684349289394,2.0,114.39845931470916,0.01003585808192488,1.0,0.0,0.2042016568311414,TXN001364,AC17668,CUS54362,M739,DVC_9232,Paris,Wire Transfer,Restaurant,0,0
29.373075314586952,57254.52158235059,2.0,11.467354119252578,0.0005130173388140333,0.0,0.0,0.401837331040234,TXN001365,AC77490,CUS30461,M909,DVC_7480,Singapore,Online Purchase,Travel,0,0
79.00315764449934,31040.03637414424,2.0,69.21418815775931,0.0025451198436887675,0.0,0.0,0.18607147596424084,TXN001366,AC89948,CUS15294,M289,DVC_4756,Sydney,ATM Withdrawal,Gas Station,0,0
57.590168577473335,5464.406090145043,2.0,139.2523024044488,0.010537216746129287,0.0,0.0,0.3794590455406697,TXN001367,AC84342,CUS34000,M966,DVC_8408,Lagos,ATM Withdrawal,Travel,0,0
2014.928681632299,750.6306386529282,4.0,7.10101551590185,2.6807431443234573,1.0,1.0,0.7259091714979329,TXN001368,AC28015,CUS27186,M745,DVC_8261,Tokyo,POS Debit,Gas Station,1,1
80.88722920538349,1405.7562217589427,1.0,165.51291412125107,0.05749910891045917,0.0,0.0,0.17230788308763698,TXN001369,AC31420,CUS98386,M235,DVC_7663,Singapore,ATM Withdrawal,Restaurant,0,0
34.7629651853314,3752.6046576423214,2.0,120.56540381032738,0.009261221773729999,0.0,0.0,0.17146198624550607,TXN001370,AC87899,CUS76839,M424,DVC_4796,Moscow,POS Debit,Retail,0,0
2338.574613997487,93495.05532957263,5.0,3.1391850723628503,0.025012548451953782,1.0,0.0,0.7971072202078583,TXN001371,AC74544,CUS80749,M139,DVC_4447,Dubai,ATM Withdrawal,Gas Station,1,1
73.65956043079686,1890.9102567295868,2.0,263.91611196221874,0.038933961147886054,0.0,0.0,0.08654741029673399,TXN001372,AC62817,CUS49775,M749,DVC_9276,Singapore,ATM Withdrawal,Retail,0,0
184.3581040455215,7528.536821831819,2.0,171.6068841636026,0.024484654024265737,0.0,0.0,0.03075529313126575,TXN001373,AC85602,CUS21120,M386,DVC_8832,Dubai,Wire Transfer,Travel,0,0
3301.4345700774666,221.42118594460692,7.0,2.2907257712377453,5.0,1.0,0.0,0.7705050760298383,TXN001374,AC57518,CUS24675,M355,DVC_5457,London,ATM Withdrawal,Travel,1,1
30.627625456493256,19782.326137712764,1.0,176.24237902382785,0.0015481534926580474,0.0,0.0,0.12300601354186963,TXN001375,AC16874,CUS72668,M897,DVC_6370,Paris,ACH Transfer,Restaurant,0,0
132.85139039679026,460.60423138387597,1.0,1.4055878819291643,0.2878036667872512,0.0,1.0,0.0631516278462486,TXN001376,AC74959,CUS68086,M696,DVC_3639,Tokyo,ACH Transfer,Retail,0,0
365.5263881526396,16317.712821398462,2.0,27.71125920384534,0.022399216908415155,0.0,0.0,0.23646568209825755,TXN001377,AC92789,CUS40979,M519,DVC_8687,Paris,ACH Transfer,Restaurant,0,0
7.800989290641645,13749.49606404311,1.0,214.1710504673725,0.0005673242081091793,0.0,0.0,0.18766057929108354,TXN001378,AC52353,CUS90603,M928,DVC_1930,London,Wire Transfer,Gas Station,0,0
60.06917619343165,6747.41199243162,1.0,360.4027550770656,0.008901231320909208,0.0,0.0,0.36859411280682164,TXN001379,AC21662,CUS13058,M638,DVC_2821,Lagos,ATM Withdrawal,Travel,0,0
19.385156414207877,333.338626428268,2.0,221.27403310979992,0.057980606731860646,0.0,0.0,0.2920824963774028,TXN001380,AC24125,CUS11849,M841,DVC_6902,Tokyo,Wire Transfer,Travel,0,0
507.5158524990063,2849.338874108752,1.0,349.5292588351945,0.17805456646192538,0.0,0.0,0.12188551449862385,TXN001381,AC62343,CUS34200,M390,DVC_6827,Dubai,ATM Withdrawal,Travel,0,0
7003.282654901758,48238.43667326304,8.0,8.991856867121461,0.1451775380864546,1.0,1.0,0.9533414034345455,TXN001382,AC29503,CUS36371,M415,DVC_4809,Singapore,POS Debit,Travel,1,1
52.44541330833532,39373.06879479912,1.0,139.2972595665196,0.00133197850548945,0.0,0.0,0.5240644489591225,TXN001383,AC91234,CUS35471,M899,DVC_6531,Tokyo,Wire Transfer,Travel,0,0
429.27148342738406,13023.848845139284,2.0,147.32268666784822,0.03295788600169306,0.0,0.0,0.1260537189166875,TXN001384,AC66404,CUS35056,M957,DVC_2924,Chicago,ACH Transfer,Gas Station,0,0
207.39917315664738,88345.01010433413,1.0,27.585167639964247,0.00234757826541023,0.0,0.0,0.17426162981328702,TXN001385,AC71309,CUS14037,M231,DVC_3440,London,ACH Transfer,Gas Station,0,0
1754.033791331031,18899.21842255072,5.0,33.23984665511108,0.09280494818187987,1.0,0.0,0.7371623453515174,TXN001386,AC25271,CUS89298,M702,DVC_8013,Lagos,ACH Transfer,Restaurant,1,1
62.11951824117303,7146.821991932163,2.0,211.37982387571586,0.008690691837497929,0.0,0.0,0.25979146779402384,TXN001387,AC10376,CUS92210,M967,DVC_4442,Chicago,ATM Withdrawal,Electronics,0,0
13.803814565216928,166526.98805552235,1.0,69.37038037506746,8.289185935888794e-05,0.0,0.0,0.2941605094339252,TXN001388,AC28325,CUS49712,M840,DVC_2207,Tokyo,ATM Withdrawal,Travel,0,0
112.37071360952828,9548.245580494116,2.0,231.8131747087901,0.011767496464753582,0.0,0.0,0.23054705750883184,TXN001389,AC90821,CUS53654,M638,DVC_6582,Paris,Wire Transfer,Travel,0,0
33.81916514909693,922.5235260195199,2.0,68.96864993676101,0.03661971156799975,1.0,0.0,0.1014001746595255,TXN001390,AC10204,CUS71154,M402,DVC_9253,Lagos,Online Purchase,Electronics,0,0
46.10907835201734,19824.25974573511,2.0,24.62552909945892,0.0023257742366748313,0.0,0.0,0.14099111644812942,TXN001391,AC86864,CUS20166,M381,DVC_9354,Sydney,ATM Withdrawal,Restaurant,0,0
92.30181320020753,30008.51718473658,1.0,144.93405940082027,0.0030757513568780113,0.0,0.0,0.08216852162360654,TXN001392,AC17054,CUS72840,M591,DVC_5647,Tokyo,Online Purchase,Gas Station,0,0
76.89890518077368,224.09401946115744,2.0,103.07745249064598,0.34163015687781734,0.0,0.0,0.15233791850325581,TXN001393,AC65100,CUS64847,M379,DVC_8402,Paris,Online Purchase,Travel,0,0
36.51965978707177,23023.06908048998,1.0,103.69656117703771,0.001586151416563357,0.0,0.0,0.45208524234702185,TXN001394,AC36125,CUS51336,M599,DVC_1238,Dubai,ATM Withdrawal,Restaurant,0,0
95.806934062562,3630.1343266045924,2.0,163.29590645345047,0.026384849869255406,0.0,0.0,0.1382032778475337,TXN001395,AC96340,CUS33210,M298,DVC_4786,Singapore,Wire Transfer,Electronics,0,0
1180.0108417389545,1353.6597032406137,9.0,30.597334241121285,0.8710754729886299,0.0,1.0,0.8635689047902089,TXN001396,AC28809,CUS43026,M474,DVC_9629,Moscow,Online Purchase,Gas Station,1,1
644.1666302404626,8260.521212535928,1.0,18.838605639639695,0.07797191505881657,0.0,0.0,0.2523033128718962,TXN001397,AC37440,CUS12419,M399,DVC_9720,Dubai,Wire Transfer,Gas Station,0,0
1.8413135299701224,19847.678504867312,1.0,107.26019903621534,9.27675628137457e-05,0.0,0.0,0.2531069124209533,TXN001398,AC95893,CUS73165,M765,DVC_9296,Dubai,Wire Transfer,Restaurant,0,0
99.721546910787,33757.54971180463,1.0,7.617424241232954,0.002953964188690148,0.0,0.0,0.22427245336145937,TXN001399,AC27054,CUS58090,M398,DVC_8260,Lagos,ATM Withdrawal,Retail,0,0
88.57089726230873,7821.813982326952,1.0,43.36477719686489,0.011322127493048567,0.0,0.0,0.19566670940679312,TXN001400,AC74115,CUS33359,M654,DVC_7632,Chicago,Online Purchase,Retail,0,0
1938.8283819726648,19416.082145518034,2.0,36.66017585128958,0.09985168561591509,0.0,0.0,0.058000132785890876,TXN001401,AC62569,CUS53976,M421,DVC_9342,Paris,Wire Transfer,Retail,0,0
72.07122090571882,139615.92309891817,1.0,19.978248727758004,0.0005162069132167923,0.0,0.0,0.20363847992841422,TXN001402,AC13065,CUS74080,M209,DVC_2793,New York,Online Purchase,Electronics,0,0
137.34094388950965,4859.244168819453,1.0,72.14892611642156,0.028258033777523072,0.0,0.0,0.1801417004116649,TXN001403,AC44495,CUS61304,M722,DVC_7956,Paris,Wire Transfer,Retail,0,0
50.36704031438968,11066.787236371514,1.0,124.08167206853577,0.004550777787710899,0.0,0.0,0.27576160100765107,TXN001404,AC15976,CUS36025,M570,DVC_9822,Moscow,ATM Withdrawal,Restaurant,0,0
77.90908759454791,2524.8647419525914,1.0,27.336134709178605,0.030844520809265964,0.0,0.0,0.1454762541159513,TXN001405,AC30410,CUS86652,M511,DVC_9107,New York,Wire Transfer,Gas Station,0,0
511.00197809544466,98798.34843256987,2.0,105.78702768377072,0.005172118907688965,0.0,0.0,0.12805879029259637,TXN001406,AC91273,CUS78868,M612,DVC_1206,Singapore,ATM Withdrawal,Restaurant,0,0
87.11547632113873,1876.1009868908827,1.0,69.60410171814452,0.046409584209654894,0.0,0.0,0.15494510017569083,TXN001407,AC48832,CUS81422,M579,DVC_3822,Moscow,ATM Withdrawal,Restaurant,0,0
36.346786970276824,2309.113455389345,1.0,30.05053986229097,0.015733767051779264,0.0,0.0,0.09810278525516848,TXN001408,AC46582,CUS29501,M239,DVC_2500,Lagos,Online Purchase,Travel,0,0
529.4551292277025,4529.877269965232,1.0,239.61569247305647,0.11685488210802174,0.0,0.0,0.3712917604066441,TXN001409,AC77239,CUS79133,M977,DVC_7707,Lagos,Online Purchase,Electronics,0,0
52.74120213729639,12402.167509766528,2.0,193.83751817369858,0.004252236543267419,0.0,0.0,0.11049854949591359,TXN001410,AC70430,CUS12314,M789,DVC_5321,Lagos,Online Purchase,Gas Station,0,0
53.32135626784073,874.729768461111,1.0,3.8885022687367696,0.060887911075057394,0.0,0.0,0.09401097989243976,TXN001411,AC83157,CUS11557,M603,DVC_9995,Sydney,POS Debit,Travel,0,0
20.632564360107974,2395.6179100602044,1.0,101.46721355757899,0.00860903370266046,0.0,0.0,0.16408419116335643,TXN001412,AC23544,CUS58644,M159,DVC_7833,London,Online Purchase,Electronics,0,0
669.8721439204934,8190.8069473371925,2.0,17.576706975769845,0.08177342901595604,0.0,0.0,0.10288538944742136,TXN001413,AC82966,CUS18014,M282,DVC_7249,Singapore,Online Purchase,Gas Station,0,0
90.14744165010079,6816.924194078886,2.0,113.28461745015194,0.01322212437157786,0.0,0.0,0.21080769376262576,TXN001414,AC59843,CUS61479,M518,DVC_4147,Lagos,Wire Transfer,Travel,0,0
27.852805746659115,22092.251322579385,1.0,21.57063591871194,0.001260692930161594,0.0,0.0,0.22989535531273927,TXN001415,AC87827,CUS39196,M893,DVC_5611,Moscow,POS Debit,Retail,0,0
14482.867943494799,264.37775813030674,5.0,29.72678488868995,5.0,1.0,0.0,0.9038725414965063,TXN001416,AC53489,CUS37487,M924,DVC_2846,New York,POS Debit,Restaurant,1,1
632.4582118283338,3150.0486352244648,2.0,143.72586028977523,0.20071356714660188,0.0,1.0,0.12598527025144218,TXN001417,AC81330,CUS64553,M832,DVC_9134,Chicago,Wire Transfer,Retail,0,0
295296.64390952565,4622.828733772234,7.0,0.18524715427959343,5.0,1.0,0.0,0.8354411899837949,TXN001418,AC42749,CUS85235,M326,DVC_7418,Lagos,Online Purchase,Gas Station,1,1
17.39593267360424,3129.32069136257,2.0,126.55597111293264,0.005557236586527534,0.0,0.0,0.17275052295657958,TXN001419,AC41180,CUS36540,M490,DVC_4719,London,ACH Transfer,Travel,0,0
40399.322987865526,274.6874206394624,8.0,23.783736389375413,5.0,1.0,0.0,0.7303525258878246,TXN001420,AC19353,CUS86863,M243,DVC_7094,Dubai,ATM Withdrawal,Travel,1,1
68617.49638672305,3575.061940370415,7.0,4.148203109359771,5.0,1.0,1.0,0.6334430642966409,TXN001421,AC95442,CUS24446,M835,DVC_3065,Lagos,POS Debit,Travel,1,1
53.769874169104696,2755.449380560281,1.0,34.19149580167687,0.019506933284650172,0.0,0.0,0.06549730058684379,TXN001422,AC56403,CUS34392,M663,DVC_5380,Dubai,Wire Transfer,Restaurant,0,0
396.75216262904723,13467.450471041351,1.0,12.069982243016085,0.02945789224099001,1.0,0.0,0.203500142303368,TXN001423,AC67816,CUS90983,M692,DVC_5745,Moscow,ACH Transfer,Travel,0,0
21.080876628288227,1340.0386119957784,1.0,122.68181718218108,0.015719813314633024,0.0,0.0,0.08940594135626218,TXN001424,AC32244,CUS83339,M760,DVC_9185,Sydney,ATM Withdrawal,Electronics,0,0
29.58230087183218,830.172709073069,2.0,87.48748191407465,0.0355910396827425,0.0,0.0,0.14004636684405578,TXN001425,AC93946,CUS21921,M126,DVC_7400,Paris,ACH Transfer,Electronics,0,0
53.776540967584396,123021.14716817426,1.0,29.83226123156558,0.00043712894145856975,0.0,0.0,0.38453036342008895,TXN001426,AC85365,CUS35480,M843,DVC_3404,Singapore,Online Purchase,Electronics,0,0
246.21100922479633,39578.9408102613,2.0,37.5320265438416,0.006220600743318061,0.0,0.0,0.11616854150944607,TXN001427,AC58669,CUS15559,M722,DVC_1255,Moscow,Wire Transfer,Retail,0,0
332.4529491093965,4892.308621927546,2.0,220.9316931168391,0.06794031907565201,0.0,0.0,0.1610925952116654,TXN001428,AC58934,CUS29583,M607,DVC_7477,Dubai,ATM Withdrawal,Gas Station,0,0
36.720896686554404,138090.01412029398,2.0,230.59405538271903,0.0002659180752671282,0.0,0.0,0.17561129901214279,TXN001429,AC23046,CUS45109,M983,DVC_8535,Sydney,ATM Withdrawal,Retail,0,0
855.2595644864342,1159.593745804318,2.0,141.63122154075594,0.736915537911778,0.0,0.0,0.11207348363145882,TXN001430,AC60057,CUS23460,M690,DVC_7140,London,Online Purchase,Retail,0,0
38.855709242788,11931.818947557822,1.0,56.83359761629086,0.003256205378926011,0.0,0.0,0.0564983680490246,TXN001431,AC32748,CUS29782,M890,DVC_7158,Chicago,Online Purchase,Restaurant,0,0
176.2227002536102,2514.1782920963733,2.0,404.5494826372474,0.07006370117274292,0.0,0.0,0.2665302203272125,TXN001432,AC57275,CUS62003,M226,DVC_1178,Paris,Online Purchase,Retail,0,0
16.180880779309675,1275.6549702469772,2.0,34.9363247336522,0.012674435267486076,0.0,0.0,0.2254082550442808,TXN001433,AC76719,CUS87322,M555,DVC_8612,Sydney,Wire Transfer,Restaurant,0,0
69.55339727247649,3693.770554625188,2.0,82.49651431580038,0.018824821797231262,0.0,0.0,0.13972353124122355,TXN001434,AC20411,CUS26767,M380,DVC_8939,Chicago,POS Debit,Electronics,0,0
261.1739109874105,7645.6004554003575,2.0,187.85286244118876,0.03415555873629546,0.0,0.0,0.1325009112409356,TXN001435,AC72526,CUS85714,M494,DVC_6522,Lagos,ACH Transfer,Electronics,0,0
129.84020448402248,125046.13879350062,6.0,31.536320266855743,0.0010383300708578147,1.0,1.0,0.9426780593088342,TXN001436,AC54604,CUS86058,M418,DVC_5183,Paris,Wire Transfer,Retail,1,1
113.66564063382819,16161.827886607614,1.0,22.551202750465404,0.007032534246560319,0.0,0.0,0.09969368423903574,TXN001437,AC43856,CUS53771,M540,DVC_7237,Tokyo,Wire Transfer,Retail,0,0
41.434444965648375,3679.853480261013,1.0,39.84471429718537,0.011256749334860842,0.0,0.0,0.28771202370834204,TXN001438,AC43960,CUS23758,M440,DVC_5940,London,ACH Transfer,Electronics,0,0
91.4326165882348,72857.871613154,1.0,112.30661285560078,0.001254927705629296,0.0,0.0,0.06263712046584571,TXN001439,AC15387,CUS39513,M793,DVC_1027,Dubai,ATM Withdrawal,Travel,0,0
104.29301392658307,140.24803766280098,1.0,154.86176018498492,0.7383678786077014,0.0,0.0,0.2192016561245725,TXN001440,AC62603,CUS73056,M218,DVC_9245,Moscow,ACH Transfer,Electronics,0,0
671.1412486624371,1685.0414417319523,4.0,55.016864261598705,0.3980573858095805,0.0,0.0,0.450808803676655,TXN001441,AC71185,CUS60171,M877,DVC_9512,Lagos,Online Purchase,Travel,1,1
576.5178152130931,2086.1560427009244,2.0,124.227847228646,0.2762217119459066,0.0,0.0,0.28152393909198603,TXN001442,AC43099,CUS34384,M789,DVC_4630,Tokyo,ATM Withdrawal,Electronics,0,0
201.90910512912322,6044.563023866431,2.0,107.21257870522237,0.03339789930764671,1.0,0.0,0.23692944937171184,TXN001443,AC60200,CUS79580,M812,DVC_7903,Dubai,Wire Transfer,Gas Station,0,0
72.88894818207994,5599.456935561401,2.0,101.64535141665529,0.013014821651293244,0.0,0.0,0.1523142725141525,TXN001444,AC22280,CUS26589,M467,DVC_7773,Sydney,ACH Transfer,Restaurant,0,0
9.576208765148989,26465.17590738418,2.0,214.69494157193063,0.0003618281990817262,0.0,0.0,0.18828561876682812,TXN001445,AC12275,CUS21984,M484,DVC_6921,Lagos,Wire Transfer,Restaurant,0,0
562474.9835095679,127.00974478777863,4.0,6.146799357314795,5.0,1.0,0.0,0.6986978841969249,TXN001446,AC48005,CUS26447,M609,DVC_1331,London,Wire Transfer,Gas Station,1,1
2864.70028264796,8889.776889443823,9.0,3.2386953108654124,0.32221034430065043,1.0,0.0,0.6963778521957341,TXN001447,AC16385,CUS95752,M681,DVC_2717,Sydney,ACH Transfer,Travel,1,1
27469.123958419208,4338.065165541904,9.0,20.04829328420633,5.0,1.0,0.0,0.7553862264619389,TXN001448,AC60786,CUS29560,M257,DVC_1316,Lagos,Wire Transfer,Retail,1,1
333.55515110293373,22904.39591961452,1.0,39.232622879065055,0.014562295813332845,0.0,0.0,0.14036367604020206,TXN001449,AC70949,CUS83143,M922,DVC_7244,Paris,POS Debit,Retail,0,0
45.83462770732674,20178.42589264463,1.0,23.182455779153532,0.0022713543958668017,1.0,0.0,0.10793320615475974,TXN001450,AC83184,CUS89535,M709,DVC_4551,Singapore,POS Debit,Restaurant,0,0
27.16624340065789,1233.5062440262925,2.0,33.27767223434877,0.022005756173461122,0.0,0.0,0.23640068624489619,TXN001451,AC13569,CUS14323,M816,DVC_7098,Sydney,Wire Transfer,Retail,0,0
2538.4920105004694,325.1077117408076,8.0,5.8966431002346384,5.0,1.0,0.0,0.7718995594149687,TXN001452,AC35910,CUS96717,M185,DVC_3917,Lagos,ATM Withdrawal,Travel,1,1
53.62715831509296,5123.38859151206,2.0,230.2200132691627,0.010465084245156577,0.0,0.0,0.32647986824043923,TXN001453,AC96567,CUS14023,M460,DVC_8792,Singapore,ATM Withdrawal,Retail,0,0
1940.7484246406386,185.919723148536,5.0,2.3569070284179965,5.0,1.0,1.0,0.7778972242533174,TXN001454,AC63170,CUS26778,M891,DVC_9339,Paris,ATM Withdrawal,Electronics,1,1
1546.6019430351575,1869.1989048345972,8.0,30.359734727477306,0.8269719007091072,1.0,1.0,0.8139765701203318,TXN001455,AC79752,CUS53740,M184,DVC_8463,Singapore,ATM Withdrawal,Gas Station,1,1
4552.948454418897,9262.649227428456,9.0,26.218282573396245,0.4914854117034366,1.0,1.0,0.9394627342233987,TXN001456,AC81427,CUS77395,M458,DVC_8574,Singapore,POS Debit,Restaurant,1,1
825.4794716362387,1906.3426860691818,2.0,51.67465246387024,0.43279033058157934,1.0,0.0,0.10362651841029306,TXN001457,AC71398,CUS56753,M826,DVC_3628,Lagos,ATM Withdrawal,Retail,0,0
652.7112522770121,9875.071754136472,5.0,33.36107731575368,0.06609016910024292,1.0,1.0,0.41491690975249523,TXN001458,AC64383,CUS16441,M232,DVC_5573,Sydney,ACH Transfer,Travel,1,1
149.35184604016916,131472.5699501869,1.0,473.3965021854466,0.0011359838034120167,0.0,0.0,0.09823543775273094,TXN001459,AC41600,CUS97464,M486,DVC_9048,Paris,ATM Withdrawal,Retail,0,0
46.936303615679385,36639.6683694371,2.0,11.75156772346146,0.0012809892860696321,0.0,0.0,0.3070551790206449,TXN001460,AC26315,CUS27404,M346,DVC_2209,Dubai,ACH Transfer,Gas Station,0,0
30.494249802421045,1065.5399722366715,2.0,42.913441466712115,0.02859175520488996,0.0,0.0,0.230486371096053,TXN001461,AC34232,CUS66056,M240,DVC_1169,Dubai,POS Debit,Electronics,0,0
1213.4615309473197,15327.635185974837,4.0,35.20229952092473,0.07916305112783911,1.0,1.0,0.891618904355414,TXN001462,AC36425,CUS95392,M546,DVC_5396,Singapore,ACH Transfer,Restaurant,1,1
32.578298679163886,7679.130717732942,2.0,16.75613870464037,0.004241893774534674,0.0,0.0,0.14582213203736874,TXN001463,AC85891,CUS17747,M175,DVC_4435,Tokyo,ACH Transfer,Restaurant,0,0
46.59671805796851,3344.7978035516144,1.0,128.55853033229408,0.013926937846783626,0.0,0.0,0.03130920931834189,TXN001464,AC76015,CUS39224,M197,DVC_2877,Chicago,Wire Transfer,Travel,0,0
259.29533673750404,14392.801678042015,2.0,152.33781893444413,0.018014374696649006,0.0,0.0,0.11989887878466923,TXN001465,AC94274,CUS15517,M402,DVC_5052,New York,ACH Transfer,Electronics,0,0
214.66240004178906,3723.67676417665,6.0,21.002763473201984,0.05763249098723893,0.0,1.0,0.4655461281000686,TXN001466,AC90102,CUS23571,M565,DVC_4035,Singapore,Wire Transfer,Retail,1,1
139.2621682443275,205333.96211160748,1.0,69.76159791054029,0.000678219465463622,0.0,0.0,0.03642788991594912,TXN001467,AC53499,CUS53729,M154,DVC_4248,London,ATM Withdrawal,Retail,0,0
41.58502810724425,1441.25479012834,2.0,247.12167726019746,0.028833343728082734,0.0,0.0,0.047684530670292304,TXN001468,AC64016,CUS59484,M404,DVC_4873,Lagos,ACH Transfer,Travel,0,0
2819.6746095185863,2985.6916348474383,8.0,1.197052295103263,0.9440795884716825,1.0,1.0,0.7835178682571236,TXN001469,AC60295,CUS63577,M870,DVC_9714,Moscow,ACH Transfer,Electronics,1,1
140.2702095503698,23275.15764293967,2.0,135.29393737359706,0.0060263472907401364,0.0,0.0,0.04299020591407538,TXN001470,AC64235,CUS21149,M633,DVC_4552,New York,Online Purchase,Travel,0,0
66.28922327412505,112690.41047682981,1.0,117.68151824079915,0.0005882366987300651,0.0,0.0,0.3026264135826046,TXN001471,AC67104,CUS35864,M134,DVC_6605,Singapore,ATM Withdrawal,Gas Station,0,0
316.9712484931965,29241.186427342713,1.0,28.439692730861534,0.010839519448409461,0.0,0.0,0.37082536638518754,TXN001472,AC33958,CUS20410,M639,DVC_3706,Dubai,ACH Transfer,Gas Station,0,0
16.724482667392266,1070.2373043926937,1.0,31.61072557228398,0.015612304200770638,0.0,0.0,0.3147238597026997,TXN001473,AC72821,CUS49827,M588,DVC_3532,Chicago,ACH Transfer,Retail,0,0
70.55168323369787,91.22199521898821,1.0,49.12704461818012,0.7650201350140764,0.0,0.0,0.1840582706740961,TXN001474,AC57993,CUS36624,M781,DVC_1821,Lagos,Online Purchase,Gas Station,0,0
168.51367879990522,6019.1810174216025,1.0,49.36067419846477,0.027991463763672397,0.0,0.0,0.14029566507819877,TXN001475,AC31655,CUS60027,M239,DVC_4508,Singapore,Wire Transfer,Travel,0,0
102.64472495829752,829.6308864746159,1.0,146.92478400232253,0.12357441389393163,0.0,0.0,0.19793501855605178,TXN001476,AC31828,CUS86636,M740,DVC_1194,Dubai,ATM Withdrawal,Restaurant,0,0
30.956490441067153,8581.439844439468,2.0,92.25066772829335,0.0036069568796481283,0.0,0.0,0.2733682459285847,TXN001477,AC59990,CUS32224,M199,DVC_1465,Lagos,Online Purchase,Gas Station,0,0
110.30320564957917,48489.50918792709,2.0,60.91067223555135,0.0022747380363050893,0.0,0.0,0.2836526581469213,TXN001478,AC66565,CUS77824,M472,DVC_4025,Dubai,ATM Withdrawal,Travel,0,0
93.63051960516282,505259.08463531255,2.0,43.73793751999226,0.00018531153054123325,0.0,1.0,0.09355507513359743,TXN001479,AC69193,CUS96599,M858,DVC_9145,Sydney,ATM Withdrawal,Restaurant,0,0
578.5937504795996,36723.27245075355,1.0,157.61121709504167,0.015755077279079693,0.0,0.0,0.15278834397282326,TXN001480,AC50959,CUS22048,M122,DVC_3537,Moscow,Wire Transfer,Restaurant,0,0
1065.9065473576209,1021.6992093899706,5.0,16.071541703489505,1.0422483341836384,0.0,0.0,0.8303247732586105,TXN001481,AC55973,CUS22244,M968,DVC_1099,London,Wire Transfer,Gas Station,1,1
638.3543678939237,28919.2088384956,1.0,181.44015313915668,0.0220729515287667,0.0,0.0,0.22549842978057305,TXN001482,AC37962,CUS31080,M383,DVC_9307,New York,POS Debit,Electronics,0,0
22.14443791125925,290.33906825555283,1.0,270.49409353182557,0.07600916019898468,0.0,0.0,0.042220544040861736,TXN001483,AC86580,CUS89891,M212,DVC_6714,Tokyo,Online Purchase,Gas Station,0,0
374.9601813736746,39623.49334552093,2.0,56.1330203234902,0.009462838505064677,0.0,0.0,0.14213489774821644,TXN001484,AC12209,CUS40010,M472,DVC_7275,Singapore,Online Purchase,Gas Station,0,0
12061.534925637141,321.57377596187746,7.0,8.8905459095091,5.0,1.0,0.0,0.8572426832067827,TXN001485,AC74099,CUS33000,M296,DVC_3690,Lagos,ATM Withdrawal,Electronics,1,1
119.9525486824154,1611.597672007266,1.0,77.62912817053059,0.07438467186493304,0.0,0.0,0.22978731679358785,TXN001486,AC85120,CUS98020,M263,DVC_2434,Dubai,POS Debit,Gas Station,0,0
18197.776431465532,10600.164171150276,9.0,3.1567244948221735,1.7165828335144995,1.0,0.0,0.8202779121981406,TXN001487,AC21448,CUS70748,M992,DVC_2902,Singapore,POS Debit,Travel,1,1
9888.106185150964,21178.493749244062,6.0,14.632227461781051,0.4668716968508225,0.0,0.0,0.6991177636656475,TXN001488,AC77495,CUS80318,M921,DVC_4023,Sydney,ATM Withdrawal,Electronics,1,1
776.078462929882,19708.306211739273,1.0,16.415225994829942,0.03937624463247892,0.0,0.0,0.4724471891767925,TXN001489,AC10275,CUS31964,M530,DVC_8057,Moscow,Wire Transfer,Travel,0,0
101.72036759237874,11215.19325284914,1.0,109.41085656163301,0.00906906338891225,0.0,0.0,0.0675175158073411,TXN001490,AC31008,CUS27462,M667,DVC_7813,Moscow,POS Debit,Restaurant,0,0
68.7365800162286,887.8491051648454,2.0,139.29263357378665,0.07733211364765986,0.0,0.0,0.6483089782822802,TXN001491,AC70675,CUS66370,M109,DVC_7062,Moscow,Online Purchase,Electronics,0,0
12504.106158658973,456.40266042411616,7.0,60.896422753455894,5.0,1.0,0.0,0.7702815437275052,TXN001492,AC68302,CUS96505,M744,DVC_3593,Singapore,Wire Transfer,Restaurant,1,1
183.4095278297423,2217.5883578961543,2.0,87.14190417641203,0.08266947186348085,1.0,0.0,0.18974115056895738,TXN001493,AC87787,CUS27739,M497,DVC_7518,Moscow,ACH Transfer,Retail,0,0
273.0241955088682,19046.53617233051,1.0,447.665003807892,0.014333832630042622,1.0,0.0,0.09128104234770694,TXN001494,AC30529,CUS97937,M251,DVC_5939,Dubai,POS Debit,Retail,0,0
34.04547311466213,1678.266595987891,1.0,116.75268886114868,0.020274013188854995,0.0,0.0,0.033137916827776885,TXN001495,AC25631,CUS50954,M290,DVC_5393,London,ATM Withdrawal,Travel,0,0
3.7390674294850244,11360.482623904345,1.0,322.43580629198556,0.00032910030787866514,0.0,0.0,0.2947366743571544,TXN001496,AC89082,CUS51229,M895,DVC_8139,Singapore,Online Purchase,Restaurant,0,0
10.85202624850245,2876.0940544590294,2.0,102.25483215756044,0.0037718705204244428,0.0,0.0,0.2005906520542867,TXN001497,AC57687,CUS51548,M376,DVC_8224,Dubai,POS Debit,Restaurant,0,0
469.11511025435794,71432.06643178737,1.0,35.10606440042945,0.006567198269478236,0.0,1.0,0.09584319323686036,TXN001498,AC81211,CUS35728,M592,DVC_3926,New York,ATM Withdrawal,Electronics,0,0
14.485801699104826,22201.53948709892,2.0,46.573234213995335,0.0006524389567023175,0.0,0.0,0.14937700350909158,TXN001499,AC66209,CUS84102,M342,DVC_7862,Lagos,Online Purchase,Retail,0,0
167.53475538266827,15496.88671988396,1.0,31.37693998082188,0.010810167760983782,0.0,0.0,0.6639625967812258,TXN001500,AC21569,CUS75016,M587,DVC_7004,Paris,POS Debit,Travel,0,0
107.82101068223837,4779.628119901665,1.0,38.992375082033924,0.02255373310326765,0.0,0.0,0.19246320412349702,TXN001501,AC59639,CUS93566,M943,DVC_2826,Sydney,Online Purchase,Travel,0,0
118.72870337868186,1902.1971940594108,2.0,41.20755717770668,0.062383815901619906,0.0,0.0,0.06946291162404024,TXN001502,AC48173,CUS62590,M375,DVC_7552,Moscow,ACH Transfer,Electronics,0,0
67.3913539874881,3717.8671730281876,2.0,27.227102269036493,0.018121473785419683,0.0,0.0,0.23979848673505297,TXN001503,AC65856,CUS20777,M289,DVC_2025,Tokyo,Online Purchase,Electronics,0,0
27.10186136204631,19796.02316899678,1.0,47.83291881467976,0.0013689866971762353,0.0,0.0,0.39642312909884686,TXN001504,AC50033,CUS22007,M726,DVC_1785,Sydney,ATM Withdrawal,Travel,0,0
187.2499430990084,37630.27980165179,1.0,15.36172364687059,0.004975912168971443,0.0,0.0,0.22753262434270533,TXN001505,AC48365,CUS47448,M963,DVC_2800,Moscow,POS Debit,Electronics,0,0
1811.2298486752159,457.24448332369195,8.0,20.32992442686163,3.9525404333036134,1.0,0.0,0.619267074494283,TXN001506,AC44708,CUS53570,M406,DVC_6186,Lagos,ATM Withdrawal,Restaurant,1,1
196.0661034965199,1614.9050000467832,1.0,40.78692770956042,0.12133516728448977,0.0,0.0,0.2998841617047881,TXN001507,AC38590,CUS54242,M969,DVC_8236,Moscow,ACH Transfer,Travel,0,0
42.638626858802446,20306.639713227883,1.0,4.611157777295032,0.00209963479069548,0.0,0.0,0.22307782151698266,TXN001508,AC74024,CUS86328,M395,DVC_9552,Moscow,Wire Transfer,Gas Station,0,0
16.285940287472755,7591.500728457325,1.0,262.4448402327954,0.002145003454057198,0.0,0.0,0.2126937072687379,TXN001509,AC21989,CUS22598,M333,DVC_7601,London,Online Purchase,Retail,0,0
219.62398233038695,4736.036722213422,2.0,307.00944433941686,0.04636315806894689,0.0,0.0,0.11286640862298229,TXN001510,AC43727,CUS55244,M440,DVC_4397,Paris,ATM Withdrawal,Retail,0,0
142.71912511416298,12625.031297124442,1.0,96.90806881801645,0.011303561804623993,0.0,0.0,0.058014157723865346,TXN001511,AC49398,CUS80278,M692,DVC_2226,Moscow,POS Debit,Gas Station,0,0
1021.6472431719033,18373.78262707472,2.0,258.4975107787025,0.05560050771248499,0.0,0.0,0.15951718773801593,TXN001512,AC48560,CUS77277,M292,DVC_3640,Chicago,POS Debit,Gas Station,0,0
298.262233511347,4525.483008051236,1.0,112.74570793597324,0.06589271029645516,0.0,0.0,0.11517788657195499,TXN001513,AC45331,CUS54545,M982,DVC_6050,Paris,Wire Transfer,Restaurant,0,0
375.1644963453671,22435.96390084433,1.0,179.2171919956527,0.01672082274604227,0.0,0.0,0.24020536826729375,TXN001514,AC43231,CUS85242,M463,DVC_4649,Dubai,POS Debit,Travel,0,0
21541.6812265753,908.3073686253051,6.0,4.9628754714167655,5.0,0.0,0.0,0.7098685026929134,TXN001515,AC74267,CUS30208,M357,DVC_6911,Moscow,ACH Transfer,Electronics,1,1
144.3125462028855,6468.085999782829,2.0,108.08132511544169,0.022308027162991826,0.0,1.0,0.1406027982171746,TXN001516,AC20128,CUS79377,M610,DVC_6637,Moscow,Wire Transfer,Retail,0,0
325.1154291796906,1057.564276080681,1.0,49.16665972766729,0.3071286614577867,0.0,0.0,0.11652959554595342,TXN001517,AC34055,CUS56747,M330,DVC_4203,Tokyo,ACH Transfer,Gas Station,0,0
241.7259631273071,4847.29549602813,1.0,136.95097328667555,0.04985792704370769,0.0,0.0,0.2047108523172504,TXN001518,AC67359,CUS31451,M113,DVC_8235,Tokyo,Online Purchase,Travel,0,0
8030.401886401414,2327.2416271465004,8.0,11.088040669052607,3.449127355498535,0.0,0.0,0.6543466349931133,TXN001519,AC38646,CUS94281,M113,DVC_8293,Chicago,ACH Transfer,Electronics,1,1
625.5926173547128,838.9699342924274,2.0,121.91028814244174,0.7447797734352225,0.0,0.0,0.10273847399936868,TXN001520,AC77149,CUS54604,M655,DVC_8850,New York,Online Purchase,Retail,0,0
135.5556652727606,7515.276348542006,1.0,111.16244260339076,0.018034949619575316,0.0,0.0,0.4246029113166795,TXN001521,AC84550,CUS34935,M309,DVC_9527,London,ACH Transfer,Travel,0,0
210.60084596955826,3644.271467321491,1.0,57.57748801388189,0.05777370707710437,0.0,0.0,0.23329011997222898,TXN001522,AC12120,CUS73655,M139,DVC_8855,New York,Wire Transfer,Retail,0,0
96.76411879195334,18459.339973008224,2.0,199.451517903878,0.0052417300512036585,0.0,0.0,0.3075347306888253,TXN001523,AC13391,CUS69153,M133,DVC_6938,Chicago,Online Purchase,Restaurant,0,0
489.60578439744745,3.8704241296621182,6.0,11.070165627726162,5.0,1.0,1.0,0.5950137505406514,TXN001524,AC20158,CUS39069,M846,DVC_2961,Lagos,ACH Transfer,Retail,1,1
89.01809063458788,9412.844122637565,2.0,27.98698814408679,0.009456082921590466,0.0,0.0,0.10650760065714597,TXN001525,AC51699,CUS31016,M932,DVC_7947,Tokyo,ACH Transfer,Restaurant,0,0
126.85420931113792,2170.0714759771945,1.0,43.4410718929552,0.05842931046479763,1.0,0.0,0.5006476571175812,TXN001526,AC33746,CUS19571,M333,DVC_1843,Singapore,POS Debit,Restaurant,0,0
1546.1214154032252,1786.9402553493135,7.0,0.43377851543694995,0.8647500445148579,0.0,1.0,0.6532345653501249,TXN001527,AC23045,CUS75583,M885,DVC_5140,Singapore,ACH Transfer,Restaurant,1,1
49.900777172807125,3927.500956974166,2.0,51.944537789710566,0.01270224386332898,0.0,0.0,0.05958126924724536,TXN001528,AC64153,CUS19647,M979,DVC_2124,Lagos,POS Debit,Electronics,0,0
170.9560965432233,33958.818735037465,1.0,52.73637208745703,0.005034069759825964,0.0,0.0,0.03158673403193833,TXN001529,AC50024,CUS85828,M389,DVC_7562,Tokyo,ACH Transfer,Electronics,0,0
984848.7187133408,1623.735694650446,8.0,2.6548249524084326,5.0,1.0,1.0,0.8800405852340297,TXN001530,AC79379,CUS12288,M954,DVC_5711,Moscow,ATM Withdrawal,Restaurant,1,1
97.614122206659,449.65972541463333,1.0,38.96442516603805,0.21660271975013587,0.0,0.0,0.08961626435670655,TXN001531,AC68141,CUS49816,M532,DVC_1764,Tokyo,POS Debit,Travel,0,0
59.66674840593519,10976.29465103675,2.0,110.86247030621989,0.005435469330350896,0.0,0.0,0.09485347819969317,TXN001532,AC16129,CUS43977,M947,DVC_6575,London,Wire Transfer,Restaurant,0,0
77.40533422684173,15896.084212397069,1.0,190.7965500451726,0.004869152933496981,0.0,0.0,0.295034577395586,TXN001533,AC78746,CUS93084,M840,DVC_8403,Lagos,Wire Transfer,Travel,0,0
73.56927046540477,10216.307513180165,2.0,136.18859974038182,0.007200455733616863,0.0,0.0,0.13943985370941686,TXN001534,AC85505,CUS56016,M991,DVC_5629,Paris,Online Purchase,Retail,0,0
57.11385380649752,3845.281004341572,2.0,72.24845447715525,0.01484911106131586,0.0,0.0,0.20389460171346338,TXN001535,AC48284,CUS52982,M417,DVC_2604,Moscow,Wire Transfer,Electronics,0,0
365.8703792282535,820.829577398045,5.0,6.790479443323849,0.44519008476990823,1.0,0.0,0.8271689824593093,TXN001536,AC58056,CUS99994,M739,DVC_7506,Lagos,Online Purchase,Travel,1,1
357.2796614254393,10250.077980279762,2.0,23.784528025021324,0.03485288689762643,0.0,0.0,0.3731507673340046,TXN001537,AC20626,CUS35656,M937,DVC_1530,Sydney,Wire Transfer,Travel,0,0
25924.730251485555,105.13311072093286,9.0,7.411985973664542,5.0,1.0,0.0,0.8276516234809048,TXN001538,AC64639,CUS91602,M507,DVC_3790,Lagos,POS Debit,Travel,1,1
50.83245109631442,1428.421220767708,2.0,120.18165646280136,0.03556156181101994,0.0,0.0,0.12407854304470957,TXN001539,AC30937,CUS50813,M820,DVC_2252,New York,ATM Withdrawal,Gas Station,0,0
10.006556456198942,2642.855056014746,1.0,214.96864345247155,0.003784835493698536,0.0,1.0,0.4068571893791868,TXN001540,AC28663,CUS42023,M915,DVC_4941,Paris,Online Purchase,Electronics,0,0
19752.70182378016,1082.0236538852607,9.0,24.1237855593489,5.0,1.0,0.0,0.7699364650907012,TXN001541,AC85095,CUS79075,M179,DVC_6628,Dubai,ATM Withdrawal,Gas Station,1,1
4735.751256530039,1081.6448102211968,9.0,36.852033324397084,4.37424279119065,1.0,0.0,0.802215755861718,TXN001542,AC53727,CUS88256,M906,DVC_9849,Tokyo,ACH Transfer,Retail,1,1
264.94436234290083,41054.26846251317,2.0,104.32795003577584,0.006453358418172731,0.0,0.0,0.20663450239554074,TXN001543,AC17305,CUS36279,M275,DVC_6233,Lagos,ACH Transfer,Travel,0,0
331.2732587491417,366.82880626464896,1.0,224.92904002467498,0.9006180405315892,0.0,0.0,0.0429136238453365,TXN001544,AC31940,CUS55902,M844,DVC_7386,Dubai,ATM Withdrawal,Electronics,0,0
309.50887431738914,8621.276585048437,2.0,135.63974332425417,0.03589642146879129,0.0,0.0,0.26163333165527514,TXN001545,AC74006,CUS24069,M937,DVC_6792,Singapore,POS Debit,Electronics,0,0
224.19082519174157,2717.837201239232,2.0,189.31632090970956,0.08245834840333821,0.0,0.0,0.07484691252642199,TXN001546,AC54146,CUS90837,M947,DVC_3486,Moscow,ATM Withdrawal,Electronics,0,0
185.64289654974957,7300.525206443201,2.0,95.59287776816765,0.02542522162163184,0.0,0.0,0.1353686633190184,TXN001547,AC23657,CUS95331,M876,DVC_3843,Tokyo,ATM Withdrawal,Travel,0,0
165.57146388171012,1371.9030776334234,1.0,102.22947410944893,0.12059952853126248,1.0,0.0,0.44626886988780345,TXN001548,AC93034,CUS77073,M384,DVC_8789,Singapore,ATM Withdrawal,Restaurant,0,0
152.71442675863034,45236.57887114804,2.0,146.45744676347442,0.0033758311246853594,0.0,0.0,0.10014866430240708,TXN001549,AC10699,CUS65221,M729,DVC_4238,Paris,Online Purchase,Restaurant,0,0
57.40980060169169,50435.78312049046,2.0,4.001981963387511,0.001138252621396236,0.0,0.0,0.06001641849398284,TXN001550,AC83101,CUS58943,M777,DVC_8700,Chicago,Online Purchase,Restaurant,0,0
626.8172870567494,21078.04011233062,2.0,9.322425650515259,0.02973651948648647,0.0,1.0,0.23541717610591448,TXN001551,AC17109,CUS98929,M417,DVC_6284,New York,ATM Withdrawal,Gas Station,0,0
71.57649120161263,2107.4941211064875,2.0,2.7393948608446426,0.03394673501107558,0.0,0.0,0.5294790699381564,TXN001552,AC84323,CUS68669,M509,DVC_3689,Chicago,POS Debit,Travel,0,0
515.0381072511948,36144.79233905266,1.0,62.2439600061876,0.014248909040921395,0.0,0.0,0.07863962231120765,TXN001553,AC60165,CUS75464,M241,DVC_4332,Chicago,ACH Transfer,Retail,0,0
47.50139088520616,1097.5480263680217,2.0,53.03843242487685,0.04324015859575432,0.0,0.0,0.14397122341314084,TXN001554,AC35115,CUS56174,M346,DVC_2198,Tokyo,ACH Transfer,Gas Station,0,0
33.21029307682327,53408.42720334388,2.0,104.50787309708414,0.0006218058274690507,0.0,0.0,0.1210949937276135,TXN001555,AC91174,CUS75691,M276,DVC_7954,Lagos,ACH Transfer,Electronics,0,0
161.04428362786282,29535.117788447347,2.0,158.1423712153153,0.005452452647343285,0.0,0.0,0.24725098855487598,TXN001556,AC75547,CUS97731,M910,DVC_8263,Tokyo,Wire Transfer,Restaurant,0,0
46.50844064581384,100.0656994735065,2.0,184.90616768842065,0.4601802677673609,0.0,0.0,0.17510469152532954,TXN001557,AC20135,CUS47652,M443,DVC_8050,London,POS Debit,Electronics,0,0
468.647882543477,7732.556153867485,1.0,70.20429940800972,0.060599273247548636,0.0,0.0,0.1812973760658744,TXN001558,AC30843,CUS90109,M363,DVC_6261,Lagos,Online Purchase,Gas Station,0,0
12275.285031386209,417.68403841244196,6.0,10.827470001331616,5.0,0.0,1.0,0.8085210259401482,TXN001559,AC10661,CUS75366,M267,DVC_8870,Dubai,ACH Transfer,Restaurant,1,1
63.54005833814985,13345.189549024313,2.0,22.76796188124664,0.004760913825234485,0.0,0.0,0.3487442657465728,TXN001560,AC82917,CUS17977,M124,DVC_2342,London,Online Purchase,Travel,0,0
74.29723700676386,6462.318495696411,2.0,493.23711691566905,0.011495215198854047,0.0,0.0,0.31204651468725497,TXN001561,AC71753,CUS48924,M802,DVC_2654,Sydney,Online Purchase,Restaurant,0,0
547.1875349209902,8329.864313853957,1.0,156.61904969508097,0.06568196459652272,0.0,0.0,0.1349632316854824,TXN001562,AC31958,CUS31804,M626,DVC_5753,Paris,Online Purchase,Restaurant,0,0
8.183821180834613,7539.168971933501,2.0,30.871862186121966,0.001085363101449975,0.0,0.0,0.15150265164483495,TXN001563,AC19614,CUS38853,M627,DVC_8136,Lagos,Online Purchase,Restaurant,0,0
3.538617196835758,46101.97627786349,2.0,230.36191214272867,7.675463673990258e-05,0.0,0.0,0.12969968383325625,TXN001564,AC81407,CUS40610,M409,DVC_6981,Dubai,ATM Withdrawal,Gas Station,0,0
67.15558138283883,187918.8035887555,2.0,17.19733407690924,0.0003573629819760902,0.0,0.0,0.07991842146936826,TXN001565,AC76115,CUS15274,M738,DVC_2077,Chicago,Online Purchase,Restaurant,0,0
14.795684511105124,2276.6501751741716,2.0,178.93643184701529,0.00649603028260198,0.0,0.0,0.2052478774530121,TXN001566,AC59647,CUS95927,M878,DVC_1121,Dubai,Wire Transfer,Gas Station,0,0
62.14376314613136,5222.42795590824,4.0,11.853495114491949,0.011897122669384252,0.0,1.0,0.8210190541665652,TXN001567,AC89006,CUS80394,M127,DVC_4195,Singapore,Online Purchase,Electronics,1,1
183.50979902261,593.8741694901496,1.0,5.190806291765043,0.3084850686656831,0.0,0.0,0.20239015192786783,TXN001568,AC88615,CUS90743,M874,DVC_3214,New York,ACH Transfer,Travel,0,0
230.0248729030217,15513.094272426197,1.0,55.008572381755165,0.014826832225188541,0.0,0.0,0.4877819235938323,TXN001569,AC25650,CUS70323,M469,DVC_3991,London,Online Purchase,Restaurant,0,0
45.357938563718,244549.89048238873,2.0,60.917119020698905,0.0001854744363197665,0.0,0.0,0.05073468455063953,TXN001570,AC97854,CUS47446,M483,DVC_3069,Sydney,ACH Transfer,Gas Station,0,0
178.9487295338377,4417.829827413415,1.0,3.2163495445344505,0.04049685924171157,0.0,0.0,0.2014501682594862,TXN001571,AC23854,CUS74374,M393,DVC_6395,New York,Online Purchase,Restaurant,0,0
277.5332004166659,10697.478144536666,1.0,45.18721515798612,0.025941371909834886,0.0,0.0,0.42407770972020775,TXN001572,AC77672,CUS71011,M763,DVC_2962,Paris,POS Debit,Restaurant,0,0
172.83202784372799,8335.081511914308,1.0,74.52581338513251,0.02073300598089265,0.0,0.0,0.1642921034483095,TXN001573,AC80599,CUS32423,M578,DVC_5023,London,ATM Withdrawal,Restaurant,0,0
748.8547865887977,8295.160080941972,1.0,122.75935565009192,0.09026522864584964,0.0,0.0,0.18253909024675913,TXN001574,AC64603,CUS91596,M679,DVC_9599,Dubai,ACH Transfer,Retail,0,0
5075.839150476674,1858.0410293821546,8.0,20.224442377330377,2.730353483464327,1.0,0.0,0.9580431771429105,TXN001575,AC99217,CUS25963,M136,DVC_7442,Lagos,Wire Transfer,Travel,1,1
13.079159931245014,5851.623507442983,2.0,59.38963643780686,0.0022347516314028737,0.0,0.0,0.12063948432050618,TXN001576,AC26590,CUS96896,M987,DVC_7420,Paris,Online Purchase,Travel,0,0
99.87383555228224,49463.57281005584,2.0,26.847603956268955,0.0020190983137729334,0.0,0.0,0.16893933624976792,TXN001577,AC54391,CUS11699,M646,DVC_3369,New York,ACH Transfer,Gas Station,0,0
242.89272837149275,1528.5111886729724,1.0,818.0072117190681,0.15880415270595716,0.0,0.0,0.04532094012827483,TXN001578,AC45898,CUS33218,M745,DVC_3319,Singapore,ATM Withdrawal,Electronics,0,0
832.8979116389081,7412.160402500299,2.0,77.69380477950708,0.11235395788252331,0.0,0.0,0.2661661427279773,TXN001579,AC90991,CUS70960,M977,DVC_4239,Chicago,Online Purchase,Electronics,0,0
31.387850644540475,214517.17843138048,1.0,152.93432903904107,0.0001463179058952374,0.0,0.0,0.30859510708269866,TXN001580,AC28238,CUS36676,M772,DVC_8956,Sydney,ATM Withdrawal,Electronics,0,0
4897.839568901676,3191.472295286416,4.0,10.898096631526478,1.5341838913162007,0.0,0.0,0.7950189608701473,TXN001581,AC64730,CUS35289,M471,DVC_6555,New York,Wire Transfer,Restaurant,1,1
181.93269709538276,4046.431788831069,1.0,29.00953674192884,0.044950157677129475,0.0,0.0,0.04868215888316027,TXN001582,AC48032,CUS61237,M835,DVC_2892,Chicago,ACH Transfer,Gas Station,0,0
577.5668433706354,5140.856088607014,1.0,36.848955482732656,0.11232652828428435,0.0,0.0,0.24012595286952174,TXN001583,AC28044,CUS93371,M721,DVC_7407,Dubai,Wire Transfer,Restaurant,0,0
273.5429048013772,14487.727937998276,1.0,232.79087978263277,0.018879704689876944,0.0,0.0,0.2023291375098629,TXN001584,AC25712,CUS93317,M201,DVC_4838,Paris,ATM Withdrawal,Retail,0,0
39.80411640111284,134114.3084002529,1.0,25.798314026201265,0.00029679025366978755,0.0,0.0,0.3741745211835522,TXN001585,AC14979,CUS67768,M454,DVC_8509,Chicago,POS Debit,Gas Station,0,0
2289.928095388339,4030.612682457538,8.0,15.297377776853786,0.5679930776466539,1.0,1.0,0.7327612859815398,TXN001586,AC84012,CUS60180,M564,DVC_2489,Singapore,POS Debit,Gas Station,1,1
1584.2006913468588,8.675362984294013,5.0,14.420447969100847,5.0,1.0,0.0,0.8251290343593448,TXN001587,AC71332,CUS43458,M793,DVC_5009,Singapore,ACH Transfer,Gas Station,1,1
210.77780233495434,1060.8531748873952,1.0,63.6719143662077,0.198499950200089,0.0,0.0,0.06538546077826374,TXN001588,AC26641,CUS17898,M579,DVC_2821,New York,Online Purchase,Retail,0,0
151.99866911555114,418.53827493309035,2.0,133.59052616643532,0.36229988584424744,0.0,0.0,0.15889788819795123,TXN001589,AC40711,CUS67115,M758,DVC_2272,Moscow,Wire Transfer,Gas Station,0,0
76.14690759923197,1000.502243811179,2.0,231.182545758072,0.0760326879642903,0.0,0.0,0.09658291903744261,TXN001590,AC94517,CUS46347,M315,DVC_9888,Dubai,POS Debit,Retail,0,0
74.27991894834715,55611.41088478042,1.0,65.96219735036615,0.0013356716201756236,1.0,0.0,0.09904592780201533,TXN001591,AC52882,CUS87252,M750,DVC_5836,Tokyo,POS Debit,Electronics,0,0
9.535767176119132,527.9993481690707,1.0,15.130420224013802,0.018026047119195043,1.0,0.0,0.3604439727900227,TXN001592,AC74152,CUS64544,M426,DVC_5214,Moscow,Online Purchase,Gas Station,0,0
113.02933662094598,8005.068620367343,2.0,300.4073281780024,0.01411795751205538,0.0,0.0,0.058683083056339486,TXN001593,AC50780,CUS84503,M799,DVC_2769,Singapore,Wire Transfer,Restaurant,0,0
60.73537668159769,16665.847918607815,2.0,49.44635067234084,0.003644082971069129,0.0,0.0,0.10088551458419674,TXN001594,AC68583,CUS93985,M699,DVC_3841,Lagos,ATM Withdrawal,Travel,0,0
23.57461911458161,37953.60043450106,2.0,106.9433141802355,0.000621126789498542,0.0,0.0,0.1450252484749539,TXN001595,AC58573,CUS69122,M346,DVC_8941,Singapore,POS Debit,Retail,0,0
51.79188490092077,12598.539751939052,1.0,28.98208145965862,0.004110617206707893,0.0,0.0,0.12499427300592102,TXN001596,AC37870,CUS84356,M797,DVC_3364,Sydney,ACH Transfer,Electronics,0,0
218.36323591848964,111789.82851916338,2.0,33.88350798642531,0.0019533197741803785,0.0,0.0,0.059244469340147626,TXN001597,AC98718,CUS10040,M187,DVC_6363,Tokyo,ACH Transfer,Electronics,0,0
35.84424142851837,5285.311092929141,1.0,167.9561611529511,0.006780577381543603,0.0,0.0,0.1133405368218276,TXN001598,AC45781,CUS67642,M433,DVC_2117,Singapore,ATM Withdrawal,Travel,0,0
609.0034617225829,490.4814454478851,1.0,5.417956694575967,1.2391179104790018,0.0,0.0,0.3121323137900091,TXN001599,AC64376,CUS55264,M763,DVC_8447,London,Online Purchase,Gas Station,0,0
599.8315248571977,26576.667962376716,2.0,77.53018155281029,0.022569005140192052,1.0,0.0,0.2230537555569127,TXN001600,AC31001,CUS76414,M878,DVC_1812,Singapore,Online Purchase,Restaurant,0,0
72.96999227889741,2049.843281968386,2.0,259.55476997172775,0.035580481902479304,0.0,0.0,0.2582812509149414,TXN001601,AC89601,CUS40383,M299,DVC_1037,Dubai,POS Debit,Travel,0,0
1371.3462794852558,4650.910732822087,9.0,39.5903337949583,0.29479204530077624,1.0,0.0,0.6933872117275535,TXN001602,AC10887,CUS85538,M482,DVC_3460,Singapore,POS Debit,Gas Station,1,1
671.4173461593754,5139.20415138957,2.0,5.387711324531163,0.1306207548153255,0.0,0.0,0.362467341090494,TXN001603,AC99201,CUS66555,M527,DVC_5338,Sydney,POS Debit,Gas Station,0,0
465.14903938449214,104418.0961712158,1.0,3.785923729528882,0.004454635755722192,0.0,1.0,0.06770126672091877,TXN001604,AC76280,CUS74002,M434,DVC_6483,Chicago,ATM Withdrawal,Retail,0,0
538.5451646091522,10072.816300337714,1.0,13.458296790887045,0.053459895292223863,0.0,0.0,0.0822385030729662,TXN001605,AC99156,CUS67726,M857,DVC_4719,London,ATM Withdrawal,Restaurant,0,0
2354.780979776607,113315.44149419293,2.0,35.662628263933286,0.020780576487634247,0.0,0.0,0.16407647578303594,TXN001606,AC29820,CUS76986,M549,DVC_8231,Tokyo,POS Debit,Restaurant,0,0
701.1599584520394,8154.659726970771,2.0,129.08460672558562,0.08597219378014302,0.0,0.0,0.44685222582274803,TXN001607,AC31547,CUS64525,M315,DVC_3354,Lagos,Online Purchase,Retail,0,0
270.8145681936447,79136.21486573029,2.0,15.240728209212397,0.003422088693077303,0.0,1.0,0.2574531139947986,TXN001608,AC77240,CUS61747,M685,DVC_5042,New York,Wire Transfer,Gas Station,0,0
84.27853441088926,12850.080495943856,2.0,48.90843748384554,0.006558089371355959,1.0,0.0,0.032705639529748205,TXN001609,AC67554,CUS95509,M771,DVC_1174,Moscow,POS Debit,Gas Station,0,0
19282.33736805299,1717.3824206857387,8.0,43.237467067826486,5.0,1.0,0.0,0.7919580450600897,TXN001610,AC79600,CUS20727,M354,DVC_7740,Moscow,Online Purchase,Restaurant,1,1
48.33112379259838,2565.773106733228,2.0,227.3349637097123,0.01882952710771937,0.0,0.0,0.0834128049919028,TXN001611,AC61108,CUS64061,M628,DVC_1671,Sydney,Online Purchase,Restaurant,0,0
320.07222436339066,5700.951099847651,1.0,160.79836091836347,0.056133807315875195,0.0,1.0,0.21271284538802793,TXN001612,AC20718,CUS51979,M604,DVC_1693,Chicago,ACH Transfer,Restaurant,0,0
51.210747528791984,8811.349714649064,1.0,124.97832156936782,0.005811247758774557,0.0,0.0,0.2778149714968475,TXN001613,AC60854,CUS87236,M537,DVC_9739,Tokyo,Wire Transfer,Restaurant,0,0
59.19397983000012,8130.940709024498,2.0,54.86618911846605,0.0072791947147756554,0.0,0.0,0.19746384483295013,TXN001614,AC14214,CUS64693,M749,DVC_6976,Lagos,POS Debit,Gas Station,0,0
29.86653103597567,38347.87283486179,1.0,9.496188861410447,0.000778811183436529,0.0,0.0,0.16619531204406068,TXN001615,AC69500,CUS88846,M569,DVC_2122,Lagos,Wire Transfer,Restaurant,0,0
106.91842503081507,55348.75059098571,1.0,2.243796667778175,0.001931687566596332,0.0,0.0,0.11375831241212317,TXN001616,AC87038,CUS83506,M105,DVC_4297,Paris,POS Debit,Gas Station,0,0
44.37881836106281,7639.1305135612465,2.0,19.23444808795155,0.00580864663009229,1.0,0.0,0.03312530607682442,TXN001617,AC52026,CUS80817,M318,DVC_4986,London,Wire Transfer,Retail,0,0
597.6133277625995,1768.4535802708265,1.0,27.874606965749074,0.337738912411102,0.0,0.0,0.2998628611878753,TXN001618,AC20007,CUS62973,M612,DVC_3596,Chicago,Wire Transfer,Electronics,0,0
205.051619934219,7383.433002699073,2.0,172.27465177436676,0.02776809266998169,0.0,0.0,0.05916085321922021,TXN001619,AC58916,CUS55489,M675,DVC_5368,Paris,Online Purchase,Retail,0,0
2042.6836500075196,1539.579759607258,1.0,72.65316866460024,1.3259187895135425,0.0,0.0,0.24949272106480744,TXN001620,AC49305,CUS77363,M820,DVC_4023,New York,Wire Transfer,Retail,0,0
51.90104290908204,3225.412578894588,1.0,142.97475015453506,0.016086300694644586,0.0,0.0,0.018499204420064076,TXN001621,AC38205,CUS79647,M612,DVC_9975,Chicago,Wire Transfer,Travel,0,0
190.07522575268638,564.3250977019799,1.0,175.36838800187587,0.3362228680901189,0.0,0.0,0.19398762063718356,TXN001622,AC59349,CUS58086,M968,DVC_2528,Moscow,POS Debit,Retail,0,0
24.599648433377702,810.3284252025068,2.0,214.9664676878986,0.030320210249305212,0.0,0.0,0.24407040713644781,TXN001623,AC50399,CUS51579,M288,DVC_1093,London,Online Purchase,Travel,0,0
367.7027337875973,4607.998664771268,2.0,79.95074487100769,0.07977931011308839,0.0,0.0,0.08969562086568673,TXN001624,AC37947,CUS10688,M346,DVC_7660,New York,Wire Transfer,Travel,0,0
81.47313327612034,3775.091712542648,2.0,229.80650398124357,0.021576047267469582,0.0,0.0,0.05858421461878571,TXN001625,AC55275,CUS20304,M868,DVC_6049,New York,Online Purchase,Travel,0,0
189.57913135323935,17561.11097691595,1.0,96.30957940841373,0.010794780399829304,0.0,0.0,0.19080301820949844,TXN001626,AC14963,CUS22862,M785,DVC_3221,New York,Online Purchase,Retail,0,0
172.3892969844733,53064.52748190881,1.0,4.250293950173347,0.003248611766711347,0.0,0.0,0.053777673544928906,TXN001627,AC57197,CUS81752,M720,DVC_3742,Dubai,ATM Withdrawal,Electronics,0,0
2147.1230289504792,22631.961729392428,5.0,22.14392295207055,0.09486708167593044,0.0,0.0,0.9044362741090342,TXN001628,AC32680,CUS94171,M671,DVC_2096,Paris,POS Debit,Travel,1,1
47.351863601191624,93382.86943819789,1.0,42.12839774237821,0.0005070668401948093,0.0,0.0,0.23045966565274095,TXN001629,AC69916,CUS61453,M654,DVC_9191,Paris,ATM Withdrawal,Restaurant,0,0
8635.688369803733,43636.31757666036,6.0,31.649513894854373,0.19789686555854144,1.0,0.0,0.6497225741884638,TXN001630,AC31246,CUS87371,M527,DVC_6003,New York,Online Purchase,Restaurant,1,1
660.8395403165871,3309.454231120959,2.0,16.32344893534755,0.19962201383247005,0.0,0.0,0.07165694726393376,TXN001631,AC72885,CUS64800,M649,DVC_3103,Moscow,Wire Transfer,Gas Station,0,0
664.1907174796108,16485.02790990361,2.0,73.12864036159512,0.04028809857107019,0.0,0.0,0.15848757180934994,TXN001632,AC13341,CUS85970,M462,DVC_3742,Singapore,POS Debit,Restaurant,0,0
93361.3731947788,3853.748508192781,9.0,34.372560389686846,5.0,0.0,0.0,0.6359314312043528,TXN001633,AC17747,CUS41269,M869,DVC_5729,Dubai,ACH Transfer,Restaurant,1,1
66.09863889830399,16314.637128216353,2.0,77.72439891513358,0.004051244727917651,0.0,0.0,0.04765803963884367,TXN001634,AC83984,CUS81198,M693,DVC_5299,Paris,POS Debit,Travel,0,0
94.85248882702496,800.9473164120358,2.0,205.18216630747858,0.11827770588646787,0.0,0.0,0.12638432678022596,TXN001635,AC86476,CUS95861,M495,DVC_4662,Dubai,ATM Withdrawal,Retail,0,0
381.7100635964397,25206.243792912075,1.0,21.301894183748754,0.015142871895568814,0.0,0.0,0.2923722106306434,TXN001636,AC91132,CUS56873,M832,DVC_9207,Dubai,POS Debit,Restaurant,0,0
549.4705507707896,17.210366603431137,6.0,7.554092407977246,5.0,1.0,0.0,0.8554796222301424,TXN001637,AC73409,CUS96668,M722,DVC_1125,Chicago,Wire Transfer,Retail,1,1
240.19896233443438,1351.1561311233613,2.0,42.455171140578656,0.17764144007162758,0.0,0.0,0.10513064591207595,TXN001638,AC40627,CUS82948,M876,DVC_6997,New York,POS Debit,Electronics,0,0
61117.312578047415,20628.859055583984,6.0,23.465226223046493,2.9625656875975843,1.0,0.0,0.8556929656202963,TXN001639,AC93587,CUS55330,M235,DVC_6674,London,ACH Transfer,Restaurant,1,1
55.7254289721742,2131.3763590330736,2.0,274.68794037979364,0.026133017624263524,0.0,0.0,0.17744540836922756,TXN001640,AC98234,CUS93167,M533,DVC_5174,London,ATM Withdrawal,Electronics,0,0
65896.5701514451,270.8421147017947,4.0,77.9599370543144,5.0,1.0,0.0,0.6661838971663933,TXN001641,AC81949,CUS55594,M947,DVC_9980,London,ATM Withdrawal,Electronics,1,1
1091.3864733301295,1733.0856619542208,7.0,13.02783419856902,0.629372871983842,1.0,1.0,0.877603273630183,TXN001642,AC94568,CUS19465,M417,DVC_6498,Chicago,Online Purchase,Gas Station,1,1
25.25297002946126,3609.4689862167033,2.0,93.80765629615718,0.006994373895986031,0.0,0.0,0.18624392510726287,TXN001643,AC81270,CUS82422,M634,DVC_7407,New York,ATM Withdrawal,Retail,0,0
204.44176921925,5688.063902472171,2.0,13.408974397115967,0.035935924208974034,0.0,0.0,0.2977183873719,TXN001644,AC51596,CUS66627,M600,DVC_3352,Chicago,ACH Transfer,Retail,0,0
82.062237124696,5169.261055533007,1.0,37.41624946354421,0.015871971694132597,0.0,0.0,0.17410239306478545,TXN001645,AC40786,CUS14705,M448,DVC_7883,Tokyo,ACH Transfer,Gas Station,0,0
23.943402575697228,1637.044240162692,2.0,48.052811709971074,0.014617067102729257,0.0,0.0,0.29448737869690705,TXN001646,AC93499,CUS61391,M158,DVC_5220,New York,ATM Withdrawal,Travel,0,0
152.53612858517613,36707.47900544179,2.0,2.323091356347576,0.004155337750784053,0.0,0.0,0.01228368474333755,TXN001647,AC33999,CUS43465,M877,DVC_5837,Tokyo,POS Debit,Gas Station,0,0
17.232493497727848,3176.3306167756805,1.0,62.03063916911937,0.005423575817619883,0.0,0.0,0.2651336745512983,TXN001648,AC26518,CUS12066,M239,DVC_9272,New York,ACH Transfer,Gas Station,0,0
8234.511132117492,107.357008530379,4.0,3.7020425215328254,5.0,0.0,0.0,0.7436544953530837,TXN001649,AC38407,CUS47442,M992,DVC_8015,Chicago,ATM Withdrawal,Gas Station,1,1
545.0006456620699,966.865986947348,7.0,1.662761582971174,0.5630951526471175,0.0,1.0,0.8705440343490004,TXN001650,AC74303,CUS70421,M727,DVC_1174,Singapore,ATM Withdrawal,Electronics,1,1
1125.9369637916836,10422.04552328391,9.0,1.2033326182219557,0.10802379796542835,1.0,0.0,0.924178164340418,TXN001651,AC39501,CUS95132,M303,DVC_9867,Sydney,POS Debit,Retail,1,1
417.0525304963328,5004.715519249576,1.0,107.86855433273743,0.08331526809554983,0.0,0.0,0.4128937379637928,TXN001652,AC45280,CUS40445,M257,DVC_9539,Tokyo,ATM Withdrawal,Travel,0,0
200.25168513939312,29500.272761839202,1.0,143.31879660686266,0.006787899856253822,0.0,0.0,0.20687379289575258,TXN001653,AC65257,CUS46581,M429,DVC_2558,London,Wire Transfer,Restaurant,0,0
65.96665750223136,2024.6534486638946,2.0,115.58899733981966,0.0325656185394113,0.0,0.0,0.4964885346464553,TXN001654,AC39045,CUS44920,M295,DVC_2438,Dubai,Online Purchase,Restaurant,0,0
330.18776972558953,3124.2715055229173,1.0,69.46371144392059,0.10565090717465292,0.0,0.0,0.17372529938332043,TXN001655,AC98767,CUS38503,M530,DVC_3925,Tokyo,ACH Transfer,Restaurant,0,0
124.0335360696182,17002.16347987812,2.0,61.107318553545625,0.007294732901698083,0.0,0.0,0.34932548974611954,TXN001656,AC34432,CUS50457,M823,DVC_7986,Sydney,POS Debit,Travel,0,0
8709.012809660255,1020.2141640178218,6.0,14.433536006455883,5.0,0.0,1.0,0.8235820482955836,TXN001657,AC65697,CUS53791,M652,DVC_5819,Lagos,POS Debit,Restaurant,1,1
7.767265390911073,2430.283835081442,2.0,13.709645850935104,0.0031947176544489674,0.0,0.0,0.08830027464960019,TXN001658,AC36745,CUS58406,M970,DVC_6371,New York,Online Purchase,Travel,0,0
13453.156724764302,103.7558053139947,4.0,15.588272807179557,5.0,0.0,1.0,0.7222263431483686,TXN001659,AC39443,CUS36926,M618,DVC_5703,Tokyo,Wire Transfer,Restaurant,1,1
157.0242590783994,247.50989976315705,4.0,4.866623987039023,0.6318631942954859,1.0,1.0,0.7237332922751554,TXN001660,AC54917,CUS88859,M961,DVC_7712,New York,Online Purchase,Restaurant,1,1
58.24124189877172,22989.763948369924,1.0,5.829192590630481,0.0025332451774792417,0.0,0.0,0.06546293201114622,TXN001661,AC44000,CUS64939,M983,DVC_7377,Sydney,ATM Withdrawal,Travel,0,0
62520.615718117806,168.12411986428734,4.0,1.2168105073725783,5.0,0.0,1.0,0.812564062156561,TXN001662,AC54332,CUS86876,M716,DVC_1357,Tokyo,POS Debit,Retail,1,1
6479.852327122444,810.5676817043694,6.0,19.526549674045746,5.0,1.0,1.0,0.6100079825891201,TXN001663,AC69024,CUS62793,M571,DVC_4397,Dubai,ATM Withdrawal,Travel,1,1
20.46633525791959,46123.209628665056,1.0,175.92878458529415,0.0004437221889044635,0.0,0.0,0.16091166407161925,TXN001664,AC15653,CUS37265,M557,DVC_1292,Chicago,POS Debit,Travel,0,0
273.31560447815303,13146.903437396037,7.0,43.8999269125367,0.020787770900474734,0.0,1.0,0.6665925335699677,TXN001665,AC65078,CUS10173,M919,DVC_6443,Dubai,POS Debit,Gas Station,1,1
33.551986813455784,443.5767962325032,2.0,24.156334347537864,0.07546949615406577,0.0,0.0,0.1540074885636262,TXN001666,AC79625,CUS85152,M144,DVC_3576,Dubai,ATM Withdrawal,Electronics,0,0
158.95156053700958,8144.215990746832,2.0,30.980054977352424,0.01951471400114896,0.0,0.0,0.4854188325423699,TXN001667,AC35194,CUS95823,M137,DVC_7278,Moscow,Online Purchase,Electronics,0,0
1068.2790754254695,65524.65685270096,2.0,436.5464795257161,0.016303218109311256,0.0,0.0,0.17985903691476227,TXN001668,AC75519,CUS83046,M775,DVC_1819,London,ACH Transfer,Retail,0,0
272.82550719554973,6672.328174835942,2.0,157.8803008901876,0.04088297473880144,0.0,0.0,0.46965024145568046,TXN001669,AC53748,CUS92368,M692,DVC_5225,Dubai,ACH Transfer,Retail,0,0
93.78293417116343,1664.5972591839763,1.0,121.76730029307309,0.056305888866021774,0.0,0.0,0.2049803459767886,TXN001670,AC61996,CUS24389,M440,DVC_4620,Dubai,Online Purchase,Retail,0,0
210.89116201620644,4096.171041120102,2.0,13.704548441175154,0.05147238421331615,0.0,0.0,0.15739403048832568,TXN001671,AC55638,CUS68794,M669,DVC_8929,Tokyo,Wire Transfer,Electronics,0,0
162.25512497137044,1896.8148472286896,1.0,257.8289660980986,0.08549576119520075,0.0,0.0,0.03455459765340143,TXN001672,AC73144,CUS15835,M401,DVC_7712,London,Online Purchase,Retail,0,0
42.49237967922301,3958.1484275117973,2.0,163.68206014902844,0.010732706908371244,0.0,0.0,0.05938433482544394,TXN001673,AC68040,CUS37062,M734,DVC_5688,Tokyo,Online Purchase,Retail,0,0
53.566837573590774,5682.616568846157,1.0,141.26564843733817,0.009424780318082839,0.0,0.0,0.09665800120124496,TXN001674,AC90283,CUS27165,M806,DVC_2924,Chicago,Online Purchase,Travel,0,0
65.1512701178638,84485.32695484076,2.0,32.47074093022878,0.0007711457281447229,0.0,0.0,0.14934735435828114,TXN001675,AC37980,CUS95488,M292,DVC_6751,London,ACH Transfer,Travel,0,0
38.76571753424066,3867.315075859903,2.0,12.576110828460966,0.010021344377079541,0.0,0.0,0.062056982007687604,TXN001676,AC37011,CUS34747,M997,DVC_6614,Sydney,POS Debit,Electronics,0,0
1233.084192644939,371.1262969960272,5.0,0.4881564336734675,3.3136174535338023,1.0,1.0,0.7478866618496991,TXN001677,AC36086,CUS41269,M715,DVC_5634,Sydney,Wire Transfer,Travel,1,1
2156.101147643483,23.130843606652878,5.0,2.0196746792027,5.0,0.0,1.0,0.6473568439884962,TXN001678,AC99469,CUS21961,M723,DVC_5356,Moscow,Wire Transfer,Retail,1,1
152.06769806437507,13128.199275294855,2.0,83.79065026389792,0.011582404598772451,0.0,0.0,0.2421946139258696,TXN001679,AC80498,CUS97055,M231,DVC_4644,Chicago,Wire Transfer,Travel,0,0
182.00470925514824,1559.4201964781112,1.0,14.856279589146546,0.11663826811902028,0.0,0.0,0.3325046778380782,TXN001680,AC53278,CUS80481,M707,DVC_4207,Paris,ATM Withdrawal,Gas Station,0,0
29.14013048636528,191.12133225305266,1.0,99.90946774435744,0.1516756632104932,0.0,0.0,0.08364913455365561,TXN001681,AC76393,CUS44627,M694,DVC_3656,Lagos,Online Purchase,Travel,0,0
128.83126050921186,3939.2645236077146,2.0,46.647220890413784,0.03269609431989446,0.0,0.0,0.43782845153916783,TXN001682,AC75158,CUS68694,M567,DVC_2250,Tokyo,POS Debit,Electronics,0,0
207.56564223757044,48818.78154225536,2.0,22.191032580262394,0.004251670853092912,0.0,0.0,0.15086513947511648,TXN001683,AC73636,CUS13919,M269,DVC_1227,Tokyo,POS Debit,Retail,0,0
507.6957469317185,6089.037736053312,1.0,156.0489357188805,0.08336495912433113,0.0,0.0,0.2132362816096213,TXN001684,AC63434,CUS86402,M660,DVC_4898,Singapore,ATM Withdrawal,Retail,0,0
97.88198340301365,9348.921790993203,1.0,90.24177298897652,0.01046874889341893,0.0,0.0,0.17429764799243097,TXN001685,AC26403,CUS43316,M984,DVC_3873,Singapore,ACH Transfer,Electronics,0,0
144.34156391244943,181.56811492969095,2.0,225.51105050220218,0.7906175947976294,0.0,0.0,0.21106733054083532,TXN001686,AC64609,CUS64212,M746,DVC_6139,Paris,ATM Withdrawal,Travel,0,0
3365.059782884261,122.3782565971668,4.0,47.54300961459512,5.0,1.0,1.0,0.7833238810721809,TXN001687,AC12420,CUS70982,M364,DVC_7567,Paris,ATM Withdrawal,Retail,1,1
539.8148890593634,43271.55039516381,2.0,303.38328080961327,0.012474764813485403,0.0,0.0,0.054631273340570954,TXN001688,AC21218,CUS10166,M298,DVC_7556,London,Online Purchase,Retail,0,0
1126.7970053986207,1001.2281278094077,8.0,12.213926757740934,1.1242919392628563,0.0,0.0,0.8075649806641809,TXN001689,AC50691,CUS21952,M382,DVC_4460,Paris,ACH Transfer,Gas Station,1,1
87.98624984574865,7252.334177775628,1.0,132.08014669427925,0.01213045582752004,0.0,0.0,0.18435339482180643,TXN001690,AC91986,CUS28784,M504,DVC_3514,New York,ATM Withdrawal,Electronics,0,0
59278.001551770234,44.33268057551745,4.0,13.526283369142115,5.0,0.0,1.0,0.8964201798060809,TXN001691,AC40134,CUS41422,M646,DVC_5284,Lagos,POS Debit,Travel,1,1
763.6557603026081,4823.611004996083,9.0,7.786287337929,0.15828338481834311,0.0,1.0,0.8797576991812259,TXN001692,AC13133,CUS78706,M955,DVC_6504,Lagos,Online Purchase,Travel,1,1
44.217794161724036,4340.341856070147,1.0,50.21409585290073,0.0101852827138913,0.0,0.0,0.2488821722136417,TXN001693,AC70901,CUS52607,M579,DVC_7062,New York,ACH Transfer,Retail,0,0
16.470239893060807,19070.91151505201,1.0,67.66140945285494,0.0008635862157845112,0.0,0.0,0.2494880408749527,TXN001694,AC75370,CUS71089,M303,DVC_4169,Singapore,POS Debit,Restaurant,0,0
7.477748328819599,104169.2216671596,2.0,7.842284259660136,7.178393411422502e-05,0.0,0.0,0.11549425478307832,TXN001695,AC57054,CUS78157,M570,DVC_7413,Tokyo,Wire Transfer,Gas Station,0,0
42.73348829665488,43996.4175329677,1.0,386.01542782271997,0.0009712726494602611,0.0,0.0,0.1552910783891772,TXN001696,AC50503,CUS72964,M852,DVC_1664,Sydney,Online Purchase,Gas Station,0,0
287.8311399713397,2879.604792547007,1.0,120.37517331660483,0.09992038502332762,0.0,0.0,0.08053038844554512,TXN001697,AC91671,CUS46169,M448,DVC_6337,Singapore,POS Debit,Gas Station,0,0
8.571098047894113,27975.11816614976,2.0,127.67300278964946,0.00030637195614454033,0.0,0.0,0.2416775115607723,TXN001698,AC60570,CUS25293,M934,DVC_2183,Moscow,ATM Withdrawal,Retail,0,0
18.333734473570352,49201.376118359694,2.0,26.114655758837394,0.0003726188838820974,0.0,0.0,0.06081992549490121,TXN001699,AC79226,CUS81708,M142,DVC_7739,Moscow,ATM Withdrawal,Electronics,0,0
44.04476253581273,14858.380045819127,2.0,159.13099525757178,0.0029641049895756098,0.0,0.0,0.33515905307692095,TXN001700,AC55231,CUS10542,M875,DVC_3632,Moscow,Online Purchase,Electronics,0,0
852.3159841268099,2927.884442838902,2.0,111.98788609318795,0.2910036229700749,0.0,0.0,0.28733059551508733,TXN001701,AC92278,CUS85067,M581,DVC_4065,Paris,ACH Transfer,Gas Station,0,0
3834.3343489141307,60.22794407103065,9.0,13.840904531711818,5.0,1.0,1.0,0.8591335943074019,TXN001702,AC57934,CUS40246,M476,DVC_2889,Moscow,ATM Withdrawal,Restaurant,1,1
92.67171926766338,11016.377670140972,1.0,89.85718529438915,0.008411413499858501,0.0,0.0,0.23105330310863043,TXN001703,AC11562,CUS54544,M177,DVC_1959,Moscow,POS Debit,Restaurant,0,0
68250.78663616088,5602.558596429661,6.0,26.47179193596449,5.0,1.0,1.0,0.6858217466455242,TXN001704,AC79922,CUS86473,M135,DVC_9349,Chicago,Wire Transfer,Travel,1,1
369.1434258100654,3666.4838476157347,8.0,4.266369036325123,0.10065304747014742,1.0,1.0,0.8574010905538451,TXN001705,AC28561,CUS38250,M482,DVC_3007,Moscow,ACH Transfer,Restaurant,1,1
119.08760009109751,61905.196406969386,1.0,90.03525622912805,0.0019236781938308627,0.0,0.0,0.062224838334560516,TXN001706,AC62962,CUS34501,M915,DVC_1721,Tokyo,Online Purchase,Gas Station,0,0
167.2373305447176,944.8187077045716,1.0,39.442843248059475,0.17681753298218172,0.0,0.0,0.08648711088608087,TXN001707,AC43246,CUS65494,M273,DVC_8700,Moscow,ATM Withdrawal,Travel,0,0
32.056627929509474,3274.8556181817366,1.0,35.08215527959581,0.009785726743140927,0.0,0.0,0.31469486275650876,TXN001708,AC92567,CUS85957,M746,DVC_8518,Singapore,ACH Transfer,Gas Station,0,0
53379.01130640622,1148.6299591523045,5.0,7.925457999917297,5.0,1.0,1.0,0.8230684259413988,TXN001709,AC10263,CUS81309,M429,DVC_2254,Lagos,Wire Transfer,Electronics,1,1
23746.93436540773,247.14509566056873,7.0,22.93600355335771,5.0,1.0,1.0,0.7758514778052846,TXN001710,AC99022,CUS90002,M751,DVC_3345,Moscow,ACH Transfer,Gas Station,1,1
266.32618296665623,25000.45195185086,2.0,0.5242932762243724,0.010652428646126694,0.0,0.0,0.16581735076416726,TXN001711,AC16646,CUS92948,M154,DVC_5540,Sydney,ACH Transfer,Travel,0,0
103.12321058954245,210008.83539431592,1.0,54.51144692682583,0.0004910399096114599,0.0,0.0,0.21747251452266253,TXN001712,AC86684,CUS74336,M863,DVC_1104,Dubai,Online Purchase,Gas Station,0,0
922.1563616960739,1723.4220149430014,1.0,96.97918833225988,0.5347625776666709,0.0,0.0,0.2553619975528557,TXN001713,AC36012,CUS16310,M378,DVC_2661,New York,Wire Transfer,Retail,0,0
25.298545026680472,6238.335089270496,1.0,54.039784803546965,0.004054686062651971,0.0,0.0,0.004561971268809716,TXN001714,AC57578,CUS47248,M558,DVC_6418,Moscow,Wire Transfer,Travel,0,0
205.11732825057996,115.75907741969321,1.0,60.4002645913284,1.756757014388534,0.0,0.0,0.19531034106941925,TXN001715,AC90759,CUS95623,M791,DVC_2091,Sydney,ACH Transfer,Restaurant,0,0
145.4199178204559,90505.98712720937,2.0,240.9458404757544,0.0016067258720706868,0.0,0.0,0.05250991537501653,TXN001716,AC28389,CUS23866,M624,DVC_9729,Tokyo,ATM Withdrawal,Electronics,0,0
175.80446227748098,330.66525874092235,1.0,285.332869444356,0.5300659554904097,0.0,0.0,0.029070825131432554,TXN001717,AC89889,CUS82795,M815,DVC_6739,London,ACH Transfer,Restaurant,0,0
231.4818629088383,9214.473580527061,2.0,9.373931686635823,0.025118824430029905,1.0,0.0,0.21164493055142608,TXN001718,AC62292,CUS28618,M554,DVC_7960,Singapore,POS Debit,Gas Station,0,0
33.308198579228474,7434.703249818702,2.0,223.10924083218438,0.0044794954102075814,0.0,0.0,0.010093110261583639,TXN001719,AC35483,CUS60765,M920,DVC_2571,Tokyo,ATM Withdrawal,Restaurant,0,0
137.10624265609727,853.7745857454444,2.0,168.7172296286724,0.16040046690967963,0.0,1.0,0.2409243585335497,TXN001720,AC42897,CUS79072,M674,DVC_4015,Sydney,Online Purchase,Travel,0,0
35.60716204316802,12618.508086624142,1.0,178.92309012996515,0.0028215966738758457,0.0,0.0,0.37555737389675237,TXN001721,AC51897,CUS58910,M591,DVC_8006,Tokyo,Wire Transfer,Retail,0,0
225.720234965769,5324.159017867264,1.0,59.60198624048439,0.04238751072191838,0.0,0.0,0.14922617732557936,TXN001722,AC30102,CUS26941,M173,DVC_4446,Chicago,ATM Withdrawal,Restaurant,0,0
1374.5557481499743,56.42179407324814,5.0,2.0682817247776457,5.0,1.0,1.0,0.6883407355859971,TXN001723,AC92734,CUS56598,M554,DVC_2429,New York,Online Purchase,Gas Station,1,1
18.45715433759413,3473.2255474148637,2.0,44.46362580213552,0.0053125953066944405,0.0,0.0,0.14623808707605698,TXN001724,AC81385,CUS23993,M918,DVC_1241,Singapore,ACH Transfer,Restaurant,0,0
22.951889371259693,4072.620976925001,2.0,248.22857006540258,0.005634272187145176,0.0,0.0,0.2462508533778521,TXN001725,AC75550,CUS38786,M254,DVC_8086,Tokyo,Online Purchase,Restaurant,0,0
195.52675954613346,3311.135515995966,5.0,41.86443024283082,0.05903344189929323,1.0,1.0,0.7538037938527089,TXN001726,AC23807,CUS50198,M618,DVC_3067,New York,POS Debit,Travel,1,1
40.756471326295305,23207.764372364134,2.0,25.354246127658495,0.00175608105077865,0.0,0.0,0.13100921525317888,TXN001727,AC85765,CUS65214,M474,DVC_8831,Lagos,Online Purchase,Gas Station,0,0
194.66250428638952,1436.5524573008126,1.0,148.6166406670914,0.1354124528101695,0.0,0.0,0.23335489420931105,TXN001728,AC79024,CUS92777,M405,DVC_8338,Dubai,ATM Withdrawal,Gas Station,0,0
99.92865505239077,5731.315928255077,2.0,503.3988128334182,0.017432510054066257,0.0,0.0,0.10291405838044212,TXN001729,AC56062,CUS70365,M442,DVC_7887,Lagos,Wire Transfer,Retail,0,0
163.37643961278084,2744.608360499593,1.0,101.36365162818666,0.05950464092520928,0.0,0.0,0.24404858098659662,TXN001730,AC35282,CUS77346,M764,DVC_6135,Dubai,ATM Withdrawal,Travel,0,0
895.0124462834737,3639.492545521635,2.0,11.34309093168275,0.24584927316620286,0.0,0.0,0.25016389050976806,TXN001731,AC82111,CUS28740,M143,DVC_8450,Tokyo,ATM Withdrawal,Travel,0,0
109.07348954134972,21340.918566043296,1.0,34.40915762517336,0.0051107630836383375,0.0,0.0,0.261228072745434,TXN001732,AC24272,CUS56937,M647,DVC_1300,Moscow,Wire Transfer,Electronics,0,0
6290.839555813462,12228.69805622803,4.0,30.854152477773788,0.514390422959774,1.0,1.0,0.7429795903208912,TXN001733,AC63283,CUS89887,M540,DVC_3828,Chicago,POS Debit,Retail,1,1
81087.05404059919,741.7471168131002,8.0,22.472946804754947,5.0,1.0,0.0,0.6871742269925628,TXN001734,AC63994,CUS63217,M196,DVC_6377,Chicago,ATM Withdrawal,Retail,1,1
298.1545963940842,47617.77375215168,1.0,86.81483195363614,0.006261282534194025,1.0,0.0,0.18118931148915232,TXN001735,AC98080,CUS87885,M264,DVC_6707,Tokyo,Wire Transfer,Gas Station,0,0
578.200842113528,5204.948718479769,2.0,94.07524342468261,0.11106541254643267,0.0,0.0,0.2626323261743249,TXN001736,AC65809,CUS39377,M845,DVC_3400,New York,Wire Transfer,Gas Station,0,0
689.3489779224742,490.4265343393384,2.0,218.88054922359083,1.402750827952784,0.0,0.0,0.13778587405933326,TXN001737,AC89904,CUS42064,M202,DVC_4158,Sydney,ATM Withdrawal,Retail,0,0
113.6960825940429,1901.941566255244,2.0,45.40182256342747,0.05974754275707103,0.0,0.0,0.3197868781538541,TXN001738,AC49260,CUS38015,M535,DVC_8994,Sydney,Wire Transfer,Travel,0,0
1478.6002050797226,152.86883142728632,9.0,38.30885354205505,5.0,0.0,1.0,0.7488518351187787,TXN001739,AC15499,CUS62658,M480,DVC_2020,Moscow,ACH Transfer,Electronics,1,1
231.12534684347133,208477.02070683296,1.0,10.738401295522614,0.0011086317207917357,0.0,0.0,0.02212697419589476,TXN001740,AC94475,CUS63539,M546,DVC_2549,Sydney,ATM Withdrawal,Gas Station,0,0
221.9205953361748,2259.4808389748887,1.0,34.50612518628067,0.09817406611454144,0.0,0.0,0.15297722023660407,TXN001741,AC39317,CUS99250,M106,DVC_8965,Moscow,POS Debit,Electronics,0,0
238.93978228076404,993.3079509769416,2.0,270.18368445129136,0.24030762506323874,0.0,0.0,0.24223930887924522,TXN001742,AC21178,CUS98855,M193,DVC_7902,Moscow,ACH Transfer,Retail,0,0
83.15482583212776,2134.8224436924784,2.0,13.096775997105073,0.038933398268990484,0.0,0.0,0.22230591921000473,TXN001743,AC13939,CUS23636,M543,DVC_1877,Dubai,POS Debit,Travel,0,0
28.050653196223454,10256.755888140931,1.0,72.56224996194454,0.0027345799122255408,0.0,0.0,0.08619623311190752,TXN001744,AC91242,CUS91270,M578,DVC_8009,Singapore,ATM Withdrawal,Electronics,0,0
103.03170665883515,1273.7602070420123,6.0,25.359549544301984,0.0808243825698895,0.0,0.0,0.9172302763631945,TXN001745,AC79210,CUS96940,M732,DVC_4080,Singapore,Online Purchase,Restaurant,1,1
43.14875530827561,21985.210043995183,2.0,361.7686555066626,0.0019625372095478676,0.0,0.0,0.19475527304266546,TXN001746,AC37287,CUS83448,M976,DVC_4534,London,Wire Transfer,Retail,0,0
214.05260186264294,6642.855498794872,9.0,14.564034075780437,0.03221813025606441,1.0,1.0,0.7586946372269264,TXN001747,AC68357,CUS60304,M593,DVC_8791,Dubai,ACH Transfer,Travel,1,1
69.0503867297516,5106.590775347553,2.0,109.78417192378583,0.013519169754756432,0.0,0.0,0.09989818621164825,TXN001748,AC19154,CUS56728,M136,DVC_6336,Sydney,ATM Withdrawal,Retail,0,0
313.52704518203285,1283.4849225447301,2.0,27.308729861523624,0.24408775819718878,0.0,0.0,0.3561467250713795,TXN001749,AC67916,CUS12574,M632,DVC_4103,Lagos,Wire Transfer,Retail,0,0
15154.921250466803,3366.3008109953767,5.0,161.94397328501287,4.500614023249974,1.0,1.0,0.9479291419023843,TXN001750,AC98601,CUS40537,M197,DVC_3836,Singapore,Online Purchase,Electronics,1,1
262246.5108883922,36.50611792529186,4.0,50.967437649024774,5.0,1.0,0.0,0.9031158445919648,TXN001751,AC22034,CUS62452,M913,DVC_7313,Tokyo,POS Debit,Electronics,1,1
6975.551729598781,715.6549548720407,6.0,35.12710954667596,5.0,0.0,1.0,0.7423827731733352,TXN001752,AC39737,CUS49715,M120,DVC_3117,Sydney,ATM Withdrawal,Restaurant,1,1
158.5011784908499,4045.08546115209,2.0,29.992048527543904,0.039173957152580256,0.0,0.0,0.07378608010953006,TXN001753,AC10815,CUS49669,M331,DVC_3717,New York,ATM Withdrawal,Gas Station,0,0
907.7612905076968,5912.88650602865,8.0,0.609400393629,0.15349656940191864,0.0,1.0,0.7349206955026079,TXN001754,AC75496,CUS10334,M567,DVC_9126,New York,Online Purchase,Restaurant,1,1
2506.6953626842565,211.0168035850953,6.0,3.855382765002186,5.0,1.0,0.0,0.780543149634868,TXN001755,AC49735,CUS23186,M453,DVC_7414,Sydney,POS Debit,Travel,1,1
29.50580335124207,4447.87904303078,1.0,143.70893349731074,0.00663218825817781,0.0,1.0,0.28308815517990704,TXN001756,AC60362,CUS72098,M171,DVC_8441,Sydney,ATM Withdrawal,Travel,0,0
201.76193069641022,5211.569002623887,1.0,56.600626294420415,0.03870681243641051,0.0,0.0,0.11004349758904583,TXN001757,AC62286,CUS56632,M451,DVC_9381,Lagos,Wire Transfer,Retail,0,0
28.653416818317737,1299.2194825291442,2.0,152.89435373781706,0.022037369231371656,1.0,0.0,0.10942796570060599,TXN001758,AC64607,CUS32820,M151,DVC_4379,Singapore,Online Purchase,Electronics,0,0
50.977929467270236,77940.15129837584,2.0,37.92372947214669,0.0006540566647792452,0.0,0.0,0.09443820539783955,TXN001759,AC92474,CUS55498,M321,DVC_2569,Dubai,ATM Withdrawal,Retail,0,0
37.4454029990521,23901.656468381458,1.0,343.8080885142064,0.0015665791393766231,0.0,0.0,0.3645907579717395,TXN001760,AC97785,CUS77266,M896,DVC_4925,Lagos,POS Debit,Gas Station,0,0
335.822670442228,5283.577026361529,2.0,48.110007705423605,0.06354769147407895,0.0,0.0,0.2780857716774039,TXN001761,AC39496,CUS48023,M424,DVC_2487,Sydney,ACH Transfer,Retail,0,0
11.668579014469646,76298.40717075352,2.0,30.005948196613332,0.00015293145054660862,0.0,0.0,0.09745055741798178,TXN001762,AC88996,CUS93644,M559,DVC_9759,Tokyo,ATM Withdrawal,Travel,0,0
344.9811899708929,6118.097568681723,2.0,26.244607204139417,0.05637778873416697,0.0,0.0,0.05930307782365891,TXN001763,AC87790,CUS10911,M266,DVC_4823,Tokyo,POS Debit,Travel,0,0
139.75877423895594,3349.946852915616,1.0,12.12781737592154,0.04170724883844505,0.0,0.0,0.27965284216602887,TXN001764,AC21957,CUS41751,M382,DVC_4504,New York,Online Purchase,Restaurant,0,0
6.8061153104483845,131264.69746141863,2.0,40.91931227228296,5.184991541639296e-05,0.0,0.0,0.2568832225635319,TXN001765,AC74180,CUS39627,M600,DVC_3622,Moscow,POS Debit,Retail,0,0
256.258127454111,43638.796655967286,8.0,15.046742369352046,0.0058721201080360755,1.0,1.0,0.7134823472515476,TXN001766,AC17852,CUS57883,M816,DVC_6519,Moscow,POS Debit,Electronics,1,1
25.002117040298923,2883.245032253458,1.0,101.51469851142487,0.008668513514181143,0.0,0.0,0.13048158186691522,TXN001767,AC76800,CUS38080,M466,DVC_7735,Paris,Online Purchase,Gas Station,0,0
87.58049604297203,3135.9253835387913,2.0,239.35542007607987,0.027919215580503146,1.0,0.0,0.2406565469193223,TXN001768,AC33203,CUS84063,M749,DVC_1913,New York,ACH Transfer,Gas Station,0,0
19.365338194044032,1164.7802066281333,2.0,183.87084862014447,0.016611483094275323,0.0,0.0,0.1343240858336378,TXN001769,AC57678,CUS67339,M135,DVC_6229,Singapore,Wire Transfer,Electronics,0,0
4369.560276923084,1143.4293348398505,9.0,9.48508342713975,3.818112786784299,0.0,0.0,0.8309944677202146,TXN001770,AC51853,CUS89683,M706,DVC_9239,Dubai,ACH Transfer,Gas Station,1,1
69144.63942182483,548.2299699855901,5.0,5.363098791741809,5.0,1.0,1.0,0.8113305491749582,TXN001771,AC58362,CUS88242,M627,DVC_9935,Chicago,Wire Transfer,Electronics,1,1
141.41395373708409,1923.366501283014,1.0,1.4330848547910402,0.07348597766735211,0.0,0.0,0.16579062145329165,TXN001772,AC20364,CUS54840,M848,DVC_6201,Lagos,Wire Transfer,Electronics,0,0
127.09846470711256,5093.9963282656045,9.0,6.339933047254003,0.024945742159225136,1.0,0.0,0.7870962323200137,TXN001773,AC94224,CUS56908,M775,DVC_6397,Paris,Wire Transfer,Restaurant,1,1
568.7356994756856,555.1718385497848,4.0,1.1433147584143606,1.0225898904889916,1.0,1.0,0.6791894198543488,TXN001774,AC37739,CUS61167,M701,DVC_7695,London,ATM Withdrawal,Retail,1,1
9931.936515979969,540.0308189073149,5.0,3.8839416692897695,5.0,0.0,1.0,0.6301850574862065,TXN001775,AC72176,CUS46427,M719,DVC_1541,Singapore,ACH Transfer,Travel,1,1
41.07831610620114,658.9575706823082,2.0,72.63758758028266,0.06224387435048535,0.0,0.0,0.06183247888076943,TXN001776,AC58834,CUS88329,M695,DVC_5862,New York,POS Debit,Travel,0,0
637.2345423065661,8702.099185724219,7.0,21.08404465594019,0.07321926691951626,1.0,0.0,0.8429033810583836,TXN001777,AC91102,CUS88804,M354,DVC_9375,Moscow,ATM Withdrawal,Retail,1,1
9095.533645768644,1545.258332560381,8.0,17.414095042969986,5.0,1.0,1.0,0.7559623489863478,TXN001778,AC48304,CUS87122,M776,DVC_8721,Tokyo,Online Purchase,Gas Station,1,1
2149.976125024838,16474.309116738496,1.0,2.848627812314858,0.13049686107804295,0.0,0.0,0.19919108882402597,TXN001779,AC35814,CUS90826,M299,DVC_9180,Dubai,Online Purchase,Electronics,0,0
4266.611257023577,10151.480899247113,9.0,49.202020576078525,0.42025306911338095,0.0,0.0,0.8423078991962459,TXN001780,AC26057,CUS30481,M935,DVC_7609,London,Wire Transfer,Travel,1,1
98.29582562902846,10463.995634397887,2.0,15.512614121638649,0.009392820509732013,0.0,0.0,0.1386139774968516,TXN001781,AC90509,CUS25993,M926,DVC_5734,Dubai,ATM Withdrawal,Restaurant,0,0
286.017030169193,2115.360479538792,2.0,49.800163767754334,0.13514570553288885,0.0,0.0,0.05818901391348288,TXN001782,AC28201,CUS34453,M768,DVC_5689,Chicago,ATM Withdrawal,Gas Station,0,0
146.1832582606335,2349.327051420947,1.0,47.239494632749505,0.06219698580767935,0.0,0.0,0.32686756708939446,TXN001783,AC59918,CUS70600,M130,DVC_5096,Dubai,Online Purchase,Restaurant,0,0
22292.06132041118,33287.4162533519,8.0,42.96343130863639,0.669664220452859,1.0,1.0,0.823000688465675,TXN001784,AC59724,CUS42783,M677,DVC_8151,Paris,POS Debit,Travel,1,1
217.4248651495676,5087.482764453194,2.0,82.15412166554526,0.042728820203232425,0.0,0.0,0.49982440161876296,TXN001785,AC63615,CUS47142,M700,DVC_5814,Singapore,ACH Transfer,Retail,0,0
150.50081758748811,4347.47096021648,2.0,108.26634384096393,0.03461005465240493,0.0,0.0,0.09202381365000747,TXN001786,AC56480,CUS64622,M585,DVC_4780,Sydney,ACH Transfer,Retail,0,0
97014.84830362315,913.4538781128423,5.0,15.703917670434356,5.0,1.0,1.0,0.7524647893975261,TXN001787,AC48088,CUS60728,M358,DVC_9474,Lagos,Wire Transfer,Restaurant,1,1
275.8489276228511,745.9250243279481,9.0,6.469800419679607,0.36931274042002865,1.0,0.0,0.3523171667273901,TXN001788,AC99668,CUS42669,M352,DVC_4600,Sydney,Wire Transfer,Gas Station,1,1
266183.61771601747,386.1202472380581,7.0,23.332531355282548,5.0,0.0,1.0,0.6582566085148438,TXN001789,AC53292,CUS23250,M593,DVC_7974,Lagos,Wire Transfer,Travel,1,1
208.0686298198288,15583.42431223655,1.0,106.34825558972591,0.013351062936374098,0.0,0.0,0.1686320056352767,TXN001790,AC59902,CUS70278,M333,DVC_7265,Chicago,Online Purchase,Electronics,0,0
10590.802523502925,1477.5841228075615,7.0,0.25475098909273364,5.0,1.0,1.0,0.9265263688328691,TXN001791,AC94731,CUS15174,M206,DVC_1440,Dubai,Online Purchase,Retail,1,1
188.3761912625904,11063.481705300374,2.0,68.73439990249302,0.01702530640656669,0.0,0.0,0.09722978141291054,TXN001792,AC33738,CUS40927,M680,DVC_4807,Paris,ACH Transfer,Restaurant,0,0
75.18361304402282,30306.74462787071,2.0,31.06209670417442,0.002480673305359868,1.0,0.0,0.3585570322070785,TXN001793,AC95474,CUS57235,M889,DVC_1473,Lagos,Wire Transfer,Travel,0,0
542.4111949249979,5249.1109049523075,5.0,1.9403519826097688,0.10331423559326224,0.0,0.0,0.7772410295440193,TXN001794,AC77954,CUS19571,M435,DVC_8289,Moscow,ATM Withdrawal,Gas Station,1,1
563.4970575319517,4462.571550023616,2.0,76.45117194490881,0.12624353641849212,0.0,0.0,0.08732333422352624,TXN001795,AC78524,CUS65067,M812,DVC_2857,Sydney,POS Debit,Electronics,0,0
149.65293981534742,5812.291077372745,2.0,212.05863942608713,0.025743238696208804,0.0,0.0,0.0979758139782996,TXN001796,AC45618,CUS87041,M152,DVC_3779,Singapore,Online Purchase,Electronics,0,0
101.21139185533919,3734.448891370172,1.0,46.20706537259872,0.02709484048601575,0.0,0.0,0.25743103961188496,TXN001797,AC78915,CUS44075,M852,DVC_6036,Tokyo,Wire Transfer,Retail,0,0
276.2162002988863,10590.524824097885,2.0,237.95177691810594,0.026078983421767368,0.0,0.0,0.15152489220995466,TXN001798,AC40765,CUS19850,M943,DVC_5342,Chicago,Wire Transfer,Electronics,0,0
23.88270120266701,6646.163943776493,1.0,94.09206946725111,0.003592915926953712,0.0,1.0,0.17119086594175523,TXN001799,AC75729,CUS80068,M786,DVC_9748,Dubai,Online Purchase,Travel,0,0
152.34853457371995,10425.635570447217,1.0,20.548491737942427,0.014611475920912564,1.0,0.0,0.23330172229277654,TXN001800,AC56136,CUS17106,M141,DVC_6243,Sydney,ACH Transfer,Retail,0,0
60.30509608147499,1044.7928276738564,1.0,62.88651392006381,0.05766447663980527,0.0,0.0,0.02711914511850333,TXN001801,AC35322,CUS69404,M359,DVC_8033,New York,ACH Transfer,Retail,0,0
307.62300729246635,15429.10954257935,1.0,177.8700083175593,0.019936540725364355,0.0,0.0,0.23733126761236334,TXN001802,AC64113,CUS97415,M468,DVC_5342,Paris,ACH Transfer,Retail,0,0
35.09722348323642,2672.963039809195,2.0,379.9406407667512,0.013125545477150963,0.0,0.0,0.09359008002518479,TXN001803,AC21279,CUS72723,M309,DVC_6054,Dubai,ACH Transfer,Travel,0,0
29.72891391327866,28651.914486624733,1.0,52.337668814611135,0.0010375528788583168,0.0,0.0,0.17761189986908069,TXN001804,AC32016,CUS26463,M565,DVC_4338,Paris,ATM Withdrawal,Restaurant,0,0
13.285680611105532,10675.981466046023,2.0,332.80733343178,0.0012443292754001174,0.0,0.0,0.09504970828232903,TXN001805,AC90615,CUS75464,M141,DVC_8757,Moscow,Wire Transfer,Electronics,0,0
2404.884142115523,2816.5297583975607,5.0,24.885497491459464,0.853543475431924,0.0,1.0,0.8974435571487965,TXN001806,AC34725,CUS69867,M452,DVC_7294,New York,ACH Transfer,Electronics,1,1
29.758290891712996,6520.087867092712,2.0,99.83923401329946,0.004563393638948174,0.0,0.0,0.34444333202592736,TXN001807,AC83519,CUS41803,M781,DVC_5219,Tokyo,ACH Transfer,Restaurant,0,0
15.267043797870361,18310.30084193431,2.0,17.593454658973858,0.000833749820925209,0.0,0.0,0.17280033018248164,TXN001808,AC32137,CUS37694,M993,DVC_9186,Singapore,POS Debit,Retail,0,0
158.71608527647234,15748.544002125731,1.0,177.53568568156882,0.010077503529946663,0.0,0.0,0.47037354307080154,TXN001809,AC22057,CUS32348,M358,DVC_7415,Lagos,POS Debit,Gas Station,0,0
1893.7581484372085,8685.382202958866,9.0,14.785298271707916,0.218014600807242,1.0,1.0,0.633571557228112,TXN001810,AC31281,CUS31993,M436,DVC_2894,Lagos,Wire Transfer,Travel,1,1
83.69732548682306,1579.2216685439494,2.0,76.15040194152871,0.052965559929287385,0.0,0.0,0.20250380817781488,TXN001811,AC31716,CUS90585,M815,DVC_6459,Sydney,Online Purchase,Retail,0,0
139.87438587309964,2689.736326370851,2.0,82.7296209320439,0.05198368361189674,0.0,0.0,0.31259592942542186,TXN001812,AC16534,CUS66355,M494,DVC_4801,Lagos,ACH Transfer,Retail,0,0
123.13315448461607,5326.021202221705,1.0,61.85747887769647,0.023114823427633772,1.0,0.0,0.11707766146176023,TXN001813,AC69672,CUS70946,M948,DVC_3655,Tokyo,ATM Withdrawal,Retail,0,0
222.84344197718713,129691.4244728302,2.0,0.08605389271717041,0.0017182456329503772,0.0,0.0,0.22836139759825608,TXN001814,AC48558,CUS66575,M774,DVC_4518,Dubai,POS Debit,Electronics,0,0
98.54569671930378,5415.558914243042,1.0,447.917624014227,0.01819341361914743,0.0,0.0,0.14551591350749807,TXN001815,AC36965,CUS59437,M204,DVC_6681,Chicago,ACH Transfer,Electronics,0,0
96.3492788245054,36075.609216691126,1.0,65.02905638997647,0.002670685547130872,0.0,1.0,0.31859935104563125,TXN001816,AC92593,CUS85304,M789,DVC_6076,Dubai,Online Purchase,Gas Station,0,0
67.05641371090184,29368.462544013422,2.0,126.26285996557229,0.002283201935017037,0.0,0.0,0.14538804163238844,TXN001817,AC46469,CUS35519,M802,DVC_1645,Chicago,ATM Withdrawal,Travel,0,0
4052.7730321468043,9301.029131599655,5.0,34.61504538873065,0.43568698558245167,1.0,0.0,0.6008968882951446,TXN001818,AC93280,CUS99883,M223,DVC_2698,Tokyo,POS Debit,Retail,1,1
9184.225059460634,3378.3690442341494,9.0,0.61689447638258,2.717733677276437,0.0,1.0,0.8116894205954713,TXN001819,AC21258,CUS28602,M809,DVC_8937,Dubai,Online Purchase,Electronics,1,1
353.60442549506797,11259.342481442902,2.0,57.345043913613075,0.03140263505109279,0.0,0.0,0.19380871297600785,TXN001820,AC73580,CUS19712,M198,DVC_4570,Dubai,Online Purchase,Restaurant,0,0
146.22604911329643,5298.467684373577,2.0,50.94848888307627,0.02759259190210178,0.0,0.0,0.11420634622534832,TXN001821,AC87345,CUS95236,M105,DVC_4426,Chicago,ATM Withdrawal,Electronics,0,0
183.86254318541486,3794.773269858301,1.0,23.32957719375096,0.04843875809059549,0.0,0.0,0.18104668274220492,TXN001822,AC13067,CUS11984,M899,DVC_5785,Singapore,ATM Withdrawal,Retail,0,0
58.18719686172507,39068.06614442556,2.0,286.8880803129492,0.0014893418912708596,0.0,0.0,0.01841672209720188,TXN001823,AC44212,CUS62616,M366,DVC_5574,Singapore,POS Debit,Retail,0,0
213.1130701956537,3545.8291154930052,1.0,85.21224706800207,0.060085519560203346,0.0,0.0,0.3650393289186183,TXN001824,AC22217,CUS85478,M142,DVC_1390,Dubai,ATM Withdrawal,Electronics,0,0
1496.5189282196275,306.53170657282743,4.0,6.777138833686324,4.86622646132012,1.0,0.0,0.7670175118234644,TXN001825,AC31871,CUS13723,M906,DVC_2281,London,ACH Transfer,Restaurant,1,1
36.44843622393081,57234.7812265858,1.0,199.7499803951329,0.0006368120683045845,0.0,0.0,0.1334943032084671,TXN001826,AC15179,CUS77881,M752,DVC_1506,Singapore,ATM Withdrawal,Restaurant,0,0
3322.8030057053143,201.92908280582648,4.0,1.527986198948976,5.0,1.0,1.0,0.6374385767259259,TXN001827,AC78889,CUS82136,M368,DVC_2722,London,Online Purchase,Retail,1,1
70.12317226677409,1763.358145284861,2.0,54.90634365969733,0.03974429593797267,0.0,0.0,0.28282519976561343,TXN001828,AC33165,CUS11460,M650,DVC_1957,Moscow,ATM Withdrawal,Electronics,0,0
9659.791821036551,423.5534934401861,9.0,10.60162208262109,5.0,0.0,1.0,0.726356040636334,TXN001829,AC97980,CUS96493,M773,DVC_6858,Singapore,POS Debit,Travel,1,1
82.71504154528265,694.3362920697149,1.0,236.99441312899324,0.11895688818294785,0.0,0.0,0.39673480417934737,TXN001830,AC66364,CUS11208,M294,DVC_7437,London,ACH Transfer,Travel,0,0
165.60237643400004,12054.134190985598,1.0,276.2017122497337,0.013737082790652933,0.0,0.0,0.06496159494397609,TXN001831,AC15919,CUS79331,M423,DVC_1762,Sydney,ATM Withdrawal,Retail,0,0
328.99997634233677,5027.326990308577,2.0,118.2716937935826,0.0654293121701194,0.0,0.0,0.22206391066298323,TXN001832,AC65012,CUS40991,M715,DVC_6596,Tokyo,ACH Transfer,Restaurant,0,0
3081.7920349300916,113.20579061998481,6.0,16.858838244693768,5.0,1.0,1.0,0.8909609223001527,TXN001833,AC91092,CUS39794,M856,DVC_6949,Paris,ATM Withdrawal,Travel,1,1
7795.510960542942,269.099967067374,9.0,0.2240012736184544,5.0,1.0,1.0,0.9445195508442655,TXN001834,AC88547,CUS77203,M164,DVC_7262,Sydney,ACH Transfer,Electronics,1,1
4.200882566595027,309.3280704480904,1.0,38.925750771920384,0.01353690808739689,0.0,0.0,0.2002562294491145,TXN001835,AC57602,CUS90498,M300,DVC_7621,Paris,ATM Withdrawal,Gas Station,0,0
191.33285566369625,3912.9280982595587,1.0,28.470353467299866,0.04888512278720141,0.0,1.0,0.0445029428631186,TXN001836,AC56662,CUS85224,M980,DVC_3889,Paris,ATM Withdrawal,Gas Station,0,0
5091.742573573513,337.62529950383816,9.0,17.07362259023857,5.0,0.0,1.0,0.8245132837088034,TXN001837,AC93690,CUS66891,M341,DVC_8777,Dubai,Wire Transfer,Restaurant,1,1
149782.76329406013,2835.513006203754,6.0,38.36856021334654,5.0,1.0,0.0,0.5527729485363514,TXN001838,AC32294,CUS70187,M106,DVC_2342,Singapore,Online Purchase,Gas Station,1,1
92.29153718885854,95326.89212289559,2.0,56.12547767726308,0.000968148305113863,0.0,0.0,0.29589808761267977,TXN001839,AC88272,CUS32923,M318,DVC_6514,Chicago,POS Debit,Electronics,0,0
66.92477042745834,6913.780437468116,2.0,29.008103746298808,0.009678509828717454,0.0,0.0,0.1891186170426155,TXN001840,AC52662,CUS85648,M102,DVC_8215,Sydney,POS Debit,Retail,0,0
81.56649571521706,3325.192638813426,1.0,12.23294113443184,0.02452248097822584,0.0,0.0,0.09239000490100914,TXN001841,AC92114,CUS22674,M953,DVC_7618,Dubai,Wire Transfer,Retail,0,0
3228.285814614193,2120.1914207374234,5.0,3.558148578117797,1.5219210218622763,1.0,1.0,0.40835180974887847,TXN001842,AC89532,CUS82213,M563,DVC_8753,Lagos,ATM Withdrawal,Electronics,1,1
182.04037671612903,32296.115956835594,1.0,54.23351678840298,0.005636428248250466,0.0,0.0,0.2752209487030713,TXN001843,AC72658,CUS95332,M404,DVC_9741,Paris,Online Purchase,Retail,0,0
56.707204349529256,2326.840662622628,2.0,237.33450326680136,0.024360432077701104,0.0,0.0,0.04183874953313977,TXN001844,AC65006,CUS66858,M413,DVC_3005,Lagos,ACH Transfer,Electronics,0,0
141.56522878171882,6419.6021654333645,2.0,5.496173156676334,0.022048590635916427,0.0,0.0,0.2974559987963533,TXN001845,AC32298,CUS85668,M577,DVC_7871,Tokyo,Wire Transfer,Electronics,0,0
37.978340747963195,3933.760208020421,2.0,10.823683320104951,0.009652008951028329,0.0,0.0,0.18277737706089361,TXN001846,AC40556,CUS14309,M895,DVC_3183,Tokyo,POS Debit,Gas Station,0,0
633.8755595240499,45.5971183183839,8.0,24.95227795295967,5.0,0.0,0.0,0.8199553174446949,TXN001847,AC47411,CUS98460,M982,DVC_9950,Chicago,POS Debit,Gas Station,1,1
249.7014715489769,64830.02319133035,2.0,20.713468245261176,0.00385157381847968,0.0,0.0,0.03331341364063354,TXN001848,AC23746,CUS15911,M510,DVC_1323,Moscow,POS Debit,Restaurant,0,0
2515.5632810717775,1000.4685292581186,9.0,4.645468693495644,2.51187451984666,1.0,0.0,0.854206014671922,TXN001849,AC43428,CUS77757,M597,DVC_8364,Paris,ATM Withdrawal,Gas Station,1,1
185.20218102117187,12440.40510149848,1.0,212.81155778666863,0.014885953757656004,0.0,0.0,0.2511536213055348,TXN001850,AC31999,CUS59424,M633,DVC_9302,London,ACH Transfer,Retail,0,0
27.732398832071798,2837.722775078006,1.0,91.63549846685537,0.009769322695242662,0.0,0.0,0.15529024697001068,TXN001851,AC74712,CUS89620,M705,DVC_2823,Tokyo,ACH Transfer,Gas Station,0,0
98.77474643301662,25650.307143882812,1.0,34.352931604946015,0.0038506710741472642,0.0,0.0,0.13177034243637745,TXN001852,AC40361,CUS46389,M456,DVC_4621,Paris,ACH Transfer,Electronics,0,0
47.62694263577064,18073.93283817034,1.0,43.254478889420646,0.0026349720390215145,0.0,0.0,0.3119992337208465,TXN001853,AC18488,CUS63737,M170,DVC_2138,Tokyo,ATM Withdrawal,Gas Station,0,0
191129.2803989463,4656.025715650735,9.0,1.943984852121004,5.0,1.0,1.0,0.6819615651401845,TXN001854,AC48381,CUS40618,M981,DVC_2720,Moscow,POS Debit,Retail,1,1
340.9172606142701,30616.26806787858,1.0,96.73847609338051,0.011134803401089067,0.0,0.0,0.1924955185911426,TXN001855,AC33354,CUS25541,M833,DVC_1723,Tokyo,POS Debit,Restaurant,0,0
3753.1478649191113,30485.22215451663,9.0,27.46086474828345,0.12310964100099463,0.0,0.0,0.9641419797524491,TXN001856,AC26714,CUS26985,M112,DVC_7631,New York,ATM Withdrawal,Travel,1,1
102.15084642979868,40238.07640365869,1.0,29.835248486041813,0.0025385981876192053,0.0,0.0,0.05208418569840202,TXN001857,AC16777,CUS70486,M505,DVC_3412,Sydney,Online Purchase,Electronics,0,0
28.567689682535097,1574.648906428639,1.0,275.413935014809,0.018130745730206187,0.0,0.0,0.05510695736178652,TXN001858,AC22041,CUS84339,M616,DVC_1766,Sydney,ATM Withdrawal,Retail,0,0
310.7405478343326,38020.124036409485,1.0,83.22517559797726,0.008172839591400919,0.0,0.0,0.28788303717156566,TXN001859,AC23142,CUS66630,M121,DVC_5017,Singapore,ATM Withdrawal,Retail,0,0
31617.795692834723,638.3209045517498,4.0,29.770200130838443,5.0,0.0,1.0,0.8853096060345039,TXN001860,AC19270,CUS75862,M994,DVC_5270,Paris,POS Debit,Travel,1,1
82.19404516233918,100314.51022263095,1.0,33.993163781029914,0.0008193553018862719,0.0,0.0,0.11970241155998403,TXN001861,AC66067,CUS69050,M408,DVC_8186,Lagos,ACH Transfer,Restaurant,0,0
114.9108215831371,16099.28079859933,1.0,149.92736408855893,0.0071371936316249815,0.0,0.0,0.04962378538014084,TXN001862,AC13866,CUS71786,M394,DVC_2958,Tokyo,POS Debit,Electronics,0,0
67.97745928163252,71551.77187105945,1.0,46.84448423997011,0.000950032507533464,0.0,0.0,0.17388918764952258,TXN001863,AC23029,CUS78463,M648,DVC_9128,Lagos,Online Purchase,Restaurant,0,0
49.19683120691469,1485.738667877859,2.0,109.09297663258938,0.03309043631530568,0.0,0.0,0.049429712327925236,TXN001864,AC48881,CUS72191,M130,DVC_7397,Singapore,Wire Transfer,Travel,0,0
46.236085653940364,31909.44837041037,1.0,22.94077853653078,0.0014489324975080495,0.0,0.0,0.2773923035146212,TXN001865,AC12940,CUS89063,M161,DVC_2851,Lagos,Wire Transfer,Electronics,0,0
84.75072227651813,13872.731466180176,2.0,29.71085497737566,0.006108718658935696,0.0,0.0,0.12466110939928843,TXN001866,AC24105,CUS94028,M320,DVC_7910,New York,ATM Withdrawal,Gas Station,0,0
4898.063410973569,17265.568203641495,8.0,21.250612764017525,0.28367324376250835,0.0,1.0,0.765942265311284,TXN001867,AC74556,CUS44732,M458,DVC_4871,Paris,Wire Transfer,Restaurant,1,1
232.757056295226,60609.9211071049,1.0,117.63405580589051,0.0038401834528124647,0.0,0.0,0.1058175998404208,TXN001868,AC32789,CUS68553,M692,DVC_4223,Sydney,ACH Transfer,Gas Station,0,0
27.532980236009447,541.4256813638223,1.0,57.0157092673563,0.05075899092163779,1.0,0.0,0.36814008443532426,TXN001869,AC23218,CUS35599,M482,DVC_8981,London,POS Debit,Electronics,0,0
103.96326255391826,64653.535623564625,1.0,49.453095107590805,0.00160798096454082,0.0,0.0,0.1694673162557244,TXN001870,AC27886,CUS97221,M844,DVC_5877,Singapore,Online Purchase,Travel,0,0
3173.0726760420093,16473.25591591873,6.0,29.989025233731354,0.19260795098951544,1.0,1.0,0.7044531943375322,TXN001871,AC27129,CUS93674,M617,DVC_7361,Sydney,Online Purchase,Gas Station,1,1
26.900608889914643,34302.74927073914,2.0,59.17132994530723,0.0007841885934276191,0.0,0.0,0.27070091260398643,TXN001872,AC45380,CUS40252,M716,DVC_1817,Singapore,Online Purchase,Gas Station,0,0
23.95435060788981,16837.10642654661,1.0,83.952769309405,0.0014226273430677384,0.0,0.0,0.13478410592007165,TXN001873,AC11508,CUS70288,M436,DVC_4916,Tokyo,POS Debit,Retail,0,0
22575.83214285407,577.4032372432191,7.0,35.82080473924844,5.0,1.0,1.0,0.8690840421243836,TXN001874,AC77306,CUS81817,M261,DVC_8487,Moscow,ACH Transfer,Electronics,1,1
2882.834192211496,272.9812428662816,6.0,20.699273499138098,5.0,1.0,0.0,0.808801038170979,TXN001875,AC87507,CUS67017,M954,DVC_3070,Lagos,Online Purchase,Travel,1,1
101.41274428210433,9387.190341860534,2.0,31.923062783041672,0.010802161075699552,0.0,0.0,0.2991694278405687,TXN001876,AC44729,CUS69229,M663,DVC_9828,Paris,Wire Transfer,Retail,0,0
14.60124883942776,8681.973303067925,2.0,145.89643770148933,0.0016815955007334583,0.0,0.0,0.47269016462137875,TXN001877,AC19787,CUS12075,M257,DVC_5806,Chicago,ACH Transfer,Restaurant,0,0
195.71022622648877,6996.232930080854,2.0,111.49521824009504,0.027969660033059285,0.0,0.0,0.3022662279530021,TXN001878,AC50519,CUS14028,M112,DVC_7842,Lagos,ACH Transfer,Travel,0,0
201.8315589910263,17175.640114144077,2.0,168.260455181989,0.011750351503541628,0.0,0.0,0.022430526084759917,TXN001879,AC13658,CUS79737,M285,DVC_4675,Chicago,ACH Transfer,Retail,0,0
31.167350125877803,3261.523047849207,1.0,132.10336891710492,0.009553143278612126,0.0,0.0,0.06647180028916048,TXN001880,AC33361,CUS71213,M833,DVC_8861,Chicago,Online Purchase,Restaurant,0,0
437.410834758993,2944.21931251456,2.0,418.56514625259035,0.1485155393693048,0.0,0.0,0.01139629828087978,TXN001881,AC98529,CUS91691,M852,DVC_3520,Singapore,ACH Transfer,Travel,0,0
145.33882593918844,17736.429264823164,2.0,3.5525510305406978,0.008193905879440157,0.0,0.0,0.11216864000924666,TXN001882,AC76001,CUS57260,M408,DVC_3525,Paris,Online Purchase,Retail,0,0
5.282931105731731,365.9056197513677,2.0,310.27512291500466,0.014398610490925954,0.0,1.0,0.2585788980273796,TXN001883,AC93989,CUS36398,M247,DVC_6017,Moscow,Wire Transfer,Travel,0,0
380.1236861138096,1826.144057858415,2.0,91.55766928109155,0.20804253746655882,0.0,0.0,0.49036766985789426,TXN001884,AC35808,CUS54138,M154,DVC_7699,Sydney,Wire Transfer,Gas Station,0,0
63.663387530517426,2598.207067391573,2.0,117.16133776100611,0.024493388129483134,0.0,0.0,0.01097728934095635,TXN001885,AC23874,CUS44024,M670,DVC_3635,Dubai,Wire Transfer,Retail,0,0
12906.033120037288,973.6092739402527,8.0,11.60171459577958,5.0,1.0,1.0,0.9622181789184721,TXN001886,AC32947,CUS67539,M809,DVC_6772,Tokyo,Wire Transfer,Gas Station,1,1
1413.964293842027,13114.371311430315,4.0,9.97672175880481,0.10780970361164903,0.0,1.0,0.4156878822719387,TXN001887,AC50284,CUS97890,M709,DVC_7837,Tokyo,ACH Transfer,Retail,1,1
74.96611386796734,4490.436607764388,1.0,273.25236441137173,0.016690898795804602,0.0,0.0,0.5971156146609939,TXN001888,AC69151,CUS14297,M767,DVC_6159,Chicago,ACH Transfer,Gas Station,0,0
27.452197958985614,9017.123185382554,1.0,651.2527379592638,0.0030441143234196215,0.0,0.0,0.11903181268309289,TXN001889,AC29432,CUS61308,M861,DVC_1259,Moscow,Online Purchase,Electronics,0,0
2823.410128019333,1842.4010556384592,6.0,38.954820206090375,1.5316309597324438,0.0,0.0,0.9545371578880818,TXN001890,AC79578,CUS88366,M791,DVC_3996,Tokyo,Wire Transfer,Gas Station,1,1
155.72690481560824,332.5861280817538,2.0,188.83256266943818,0.4668266804471059,0.0,0.0,0.11036603181063696,TXN001891,AC96059,CUS32241,M609,DVC_9947,Paris,ATM Withdrawal,Electronics,0,0
158.9056955896596,2042.5825309973254,2.0,209.2488384335682,0.07775839398671565,0.0,1.0,0.1574633052510146,TXN001892,AC14202,CUS71158,M685,DVC_8808,New York,Wire Transfer,Travel,0,0
635.2864171019659,16102.15535330838,1.0,224.64748088936358,0.03945105186925038,0.0,0.0,0.1979840742830891,TXN001893,AC48892,CUS55945,M672,DVC_5101,Dubai,POS Debit,Restaurant,0,0
23.86464395439451,16703.497857555984,1.0,142.04684196299812,0.001428635817604045,0.0,0.0,0.07228830122091923,TXN001894,AC55205,CUS12859,M144,DVC_7454,Moscow,ATM Withdrawal,Restaurant,0,0
36.503652106352696,2768.150939968397,1.0,84.3905012286024,0.013182254379665305,0.0,0.0,0.25434441913713746,TXN001895,AC17773,CUS77998,M746,DVC_9257,Sydney,POS Debit,Restaurant,0,0
40.86443860627262,45456.36020496015,2.0,69.83587488784364,0.0008989619815585692,0.0,0.0,0.3369046839863831,TXN001896,AC27671,CUS53379,M821,DVC_3778,Dubai,ATM Withdrawal,Electronics,0,0
3187.3581508128887,5258.305373669028,7.0,4.146236728192297,0.606041658423288,1.0,0.0,0.8165447292961149,TXN001897,AC18301,CUS44442,M185,DVC_2169,Moscow,Online Purchase,Restaurant,1,1
52.626180560757724,2510.5708406028343,1.0,121.93440051093128,0.020953492415975907,1.0,0.0,0.06487729329401638,TXN001898,AC90110,CUS59515,M881,DVC_2666,Chicago,ACH Transfer,Restaurant,0,0
33.679541246499745,12495.101975181171,2.0,28.478669007314398,0.0026952037774172735,0.0,0.0,0.3065827105668771,TXN001899,AC42629,CUS56315,M391,DVC_9851,Paris,Online Purchase,Gas Station,0,0
181.4016842542347,4938.514512801859,2.0,6.4421065793554195,0.036724597889952866,0.0,0.0,0.23194675473031914,TXN001900,AC63971,CUS91695,M363,DVC_5999,Sydney,ATM Withdrawal,Restaurant,0,0
48.38809729781491,1677.0454955703983,2.0,203.2870336887409,0.02883598652452919,0.0,0.0,0.46548573977920726,TXN001901,AC61942,CUS78054,M367,DVC_1360,Chicago,Wire Transfer,Electronics,0,0
545.444131154746,422.94564832912744,2.0,10.91438423923099,1.2865897628728435,0.0,0.0,0.17513613609699044,TXN001902,AC38999,CUS56951,M324,DVC_9021,Moscow,Online Purchase,Gas Station,0,0
156.8217094448536,11813.225316324957,1.0,106.06476273716608,0.013273973133740439,0.0,0.0,0.03991380776388748,TXN001903,AC84188,CUS18691,M315,DVC_6714,Singapore,ATM Withdrawal,Electronics,0,0
173.4831162274546,39378.63371810959,2.0,103.23438393367208,0.00440540197680088,0.0,0.0,0.4783711959239303,TXN001904,AC93024,CUS28854,M973,DVC_7043,London,Wire Transfer,Retail,0,0
221.77526471955719,56602.45698027047,2.0,36.697198680335205,0.003918051591740386,0.0,0.0,0.21923005729057535,TXN001905,AC92663,CUS59730,M330,DVC_8105,Singapore,ACH Transfer,Restaurant,0,0
10.908176179900472,4676.192406656921,2.0,220.50002888894954,0.0023322059969940858,0.0,0.0,0.3412805747150723,TXN001906,AC28794,CUS99947,M801,DVC_8752,Moscow,ATM Withdrawal,Electronics,0,0
2043.7869503699112,3308.6860517620253,5.0,28.246569440516545,0.6175168636559443,1.0,1.0,0.9351318941667017,TXN001907,AC56536,CUS71208,M753,DVC_8522,Chicago,POS Debit,Electronics,1,1
49.12018718131446,12655.743339716715,1.0,320.5038353447282,0.003880949930238048,0.0,0.0,0.2154148369016215,TXN001908,AC80529,CUS91435,M276,DVC_4797,Tokyo,POS Debit,Gas Station,0,0
14448.778842601007,1273.5342101683584,9.0,18.382013121573024,5.0,1.0,0.0,0.9004767322185255,TXN001909,AC84170,CUS90274,M662,DVC_4760,Tokyo,POS Debit,Retail,1,1
52.45320476052089,7022.001914464393,1.0,11.800554811986682,0.007468772670058601,0.0,0.0,0.0536985652358324,TXN001910,AC11833,CUS90365,M801,DVC_9368,Paris,Wire Transfer,Retail,0,0
89.1600287008218,10015.465328053195,2.0,84.11462128424208,0.008901346511040235,0.0,0.0,0.1375319412532335,TXN001911,AC43653,CUS32226,M616,DVC_5040,New York,Wire Transfer,Restaurant,0,0
495.0234313890303,14064.789580602914,1.0,137.28109752596322,0.035193433582404815,0.0,0.0,0.2771469068171003,TXN001912,AC25319,CUS11257,M822,DVC_7170,New York,Online Purchase,Travel,0,0
126.46245249100207,44771.77976837407,2.0,101.65081380299348,0.0028245387743454503,0.0,0.0,0.1646604753746171,TXN001913,AC13604,CUS16635,M806,DVC_9128,Lagos,Wire Transfer,Travel,0,0
254191.77440320933,1026.0897729349542,4.0,67.9132499705878,5.0,1.0,0.0,0.8161660203019966,TXN001914,AC15357,CUS12972,M612,DVC_7983,London,ATM Withdrawal,Gas Station,1,1
88.26048727344572,9130.692262615463,1.0,61.7588903024098,0.009665293653705158,0.0,0.0,0.04476395822834615,TXN001915,AC26257,CUS80577,M203,DVC_4999,Dubai,POS Debit,Restaurant,0,0
171.39713710726724,734.7963185902879,1.0,198.12938464043356,0.23294100932123035,0.0,0.0,0.13193604242817217,TXN001916,AC38932,CUS98594,M972,DVC_9722,Chicago,ACH Transfer,Gas Station,0,0
396.6181361087754,26770.421740357284,1.0,26.869717461585807,0.014814982183440895,0.0,0.0,0.1933502008397039,TXN001917,AC72736,CUS63137,M200,DVC_2261,Paris,POS Debit,Restaurant,0,0
186.27273959918344,13934.540654141872,1.0,182.79223086146968,0.01336673934813,0.0,0.0,0.2300352596180169,TXN001918,AC71719,CUS78524,M739,DVC_6256,Tokyo,ATM Withdrawal,Retail,0,0
2375.1009264949744,650.0192362777166,9.0,8.37960188985707,3.6482807175943206,1.0,0.0,0.8171190397160675,TXN001919,AC75415,CUS11524,M964,DVC_6282,Chicago,ACH Transfer,Travel,1,1
77.3228888013563,38.506995894786485,6.0,11.375218609492155,1.957194847395627,1.0,1.0,0.6307970177515868,TXN001920,AC74413,CUS82023,M404,DVC_3886,Sydney,Online Purchase,Electronics,1,1
3055.078614943812,171.26368337198267,4.0,45.06949553374027,5.0,0.0,0.0,0.9187645969479168,TXN001921,AC66241,CUS88181,M860,DVC_5942,New York,Wire Transfer,Travel,1,1
53.25278158758888,6036.496197885427,2.0,81.2435624303554,0.008820342049447606,0.0,0.0,0.1622803707906304,TXN001922,AC95141,CUS55181,M450,DVC_8043,Sydney,ATM Withdrawal,Restaurant,0,0
44.21406225351542,34879.42321163829,2.0,55.170751649249866,0.0012675896156776802,0.0,0.0,0.2991746916554965,TXN001923,AC11596,CUS48607,M902,DVC_6147,Paris,Wire Transfer,Travel,0,0
65.1146835567339,11927.8205299134,2.0,127.28098423790176,0.005458601996186341,0.0,0.0,0.19885961631432827,TXN001924,AC69015,CUS40801,M550,DVC_9447,Dubai,Online Purchase,Electronics,0,0
4223.7742195576775,1386.5507709747847,5.0,19.66947978549969,3.0440502127287092,0.0,0.0,0.7839988507315494,TXN001925,AC40733,CUS34827,M368,DVC_8970,Chicago,ACH Transfer,Retail,1,1
224.09434728787915,3369.9005747624806,2.0,59.85482375734455,0.0664790735643899,0.0,0.0,0.2803663808179219,TXN001926,AC19757,CUS81208,M471,DVC_6871,Paris,ATM Withdrawal,Retail,0,0
39.92179507325581,3413.0808432926237,1.0,9.00196547402214,0.011693277606969097,0.0,0.0,0.23099440838486862,TXN001927,AC19142,CUS10381,M137,DVC_2778,Sydney,ACH Transfer,Restaurant,0,0
1994.3909911222484,1651.443525685319,4.0,17.369545804094496,1.2069344338379815,1.0,1.0,0.9050502754770595,TXN001928,AC86642,CUS11804,M945,DVC_5760,Tokyo,ATM Withdrawal,Travel,1,1
249.36620850110353,8341.648237462203,1.0,160.3760777637655,0.02989053372541087,1.0,0.0,0.09471016052235313,TXN001929,AC94412,CUS28371,M861,DVC_5360,Chicago,Online Purchase,Restaurant,0,0
332.53353639923904,2226.90528209734,2.0,351.0969638339754,0.149258381436303,0.0,0.0,0.16779224893225814,TXN001930,AC35917,CUS39388,M832,DVC_2980,Paris,Online Purchase,Travel,0,0
15.98960687534803,73116.64261067698,2.0,511.0364794007649,0.0002186832931757178,0.0,0.0,0.05443664361498257,TXN001931,AC68075,CUS80754,M162,DVC_2587,Chicago,Online Purchase,Gas Station,0,0
328.46063563908075,10011.343202970857,1.0,27.691769266528297,0.03280557098178777,0.0,0.0,0.07404139257191593,TXN001932,AC79869,CUS78178,M864,DVC_9592,Paris,Wire Transfer,Restaurant,0,0
13759.494656693274,7881.118251503571,6.0,34.72572082243105,1.7456595064491136,0.0,0.0,0.8092566768634274,TXN001933,AC43306,CUS59175,M604,DVC_7603,New York,POS Debit,Travel,1,1
374.06753900001365,192.49954103762835,1.0,321.77199973921256,1.933170161510986,0.0,0.0,0.20314989214431953,TXN001934,AC59920,CUS25776,M364,DVC_4637,Sydney,ACH Transfer,Gas Station,0,0
42.64119334234236,3919.577212943395,2.0,4.996806163943657,0.010876253935662002,0.0,1.0,0.0576733016145789,TXN001935,AC38301,CUS10352,M775,DVC_8300,Singapore,ATM Withdrawal,Restaurant,0,0
2621.7969456177702,1903.2665265295793,8.0,15.85438203649755,1.3768014661245191,0.0,0.0,0.9406411913821409,TXN001936,AC66057,CUS32600,M634,DVC_8164,New York,ACH Transfer,Retail,1,1
47.60593662606663,8476.451777397464,2.0,16.251073396344722,0.005615595095803826,1.0,0.0,0.2649109545896206,TXN001937,AC61273,CUS22982,M178,DVC_2147,Paris,POS Debit,Gas Station,0,0
24196.066745119708,19.30534980868137,9.0,3.0699944259710152,5.0,1.0,1.0,0.9455574761023259,TXN001938,AC48321,CUS63240,M729,DVC_6550,Chicago,Wire Transfer,Restaurant,1,1
165.10211990980582,3490.022214994187,1.0,55.0348934490516,0.04729334554236881,0.0,0.0,0.19583830240102523,TXN001939,AC91193,CUS71954,M284,DVC_8385,Singapore,Wire Transfer,Electronics,0,0
42.420830656132345,7009.800322636616,2.0,245.00819736709033,0.006050782892669628,0.0,0.0,0.192253932597397,TXN001940,AC85462,CUS76306,M594,DVC_3450,Moscow,POS Debit,Retail,0,0
43.744191018085715,256647.32063129157,2.0,70.352073854602,0.00017044409607078586,0.0,0.0,0.34652849558179005,TXN001941,AC38967,CUS39725,M670,DVC_8138,Lagos,ATM Withdrawal,Gas Station,0,0
619.4392858762343,14323.423083054158,1.0,141.12616950043295,0.043243576532519,0.0,0.0,0.08471705612936963,TXN001942,AC75549,CUS64721,M469,DVC_4393,Dubai,POS Debit,Travel,0,0
28.162368999768237,4472.288310244858,1.0,1.8459056039866881,0.00629567491441809,0.0,0.0,0.2109630407813377,TXN001943,AC80243,CUS74991,M914,DVC_7357,Dubai,Wire Transfer,Electronics,0,0
4546.376909955943,826.205413004542,9.0,11.411625956715785,5.0,1.0,0.0,0.721034175659165,TXN001944,AC15993,CUS41658,M863,DVC_6664,London,Wire Transfer,Travel,1,1
38.471275799580994,1847.6883550136845,2.0,48.199420423611,0.020810038476872548,0.0,0.0,0.07719430075098502,TXN001945,AC62016,CUS56536,M700,DVC_9565,London,ACH Transfer,Electronics,0,0
374.91376734096724,13180.718421388607,2.0,130.77179742851726,0.028441949323741705,0.0,0.0,0.02716354183377546,TXN001946,AC42137,CUS21073,M840,DVC_2194,Lagos,ATM Withdrawal,Restaurant,0,0
86.3473517330138,1187.1569898090672,1.0,62.95799276621284,0.0726733524892948,0.0,0.0,0.1819527795532635,TXN001947,AC79638,CUS60899,M954,DVC_7487,Paris,ATM Withdrawal,Restaurant,0,0
145.3236519185193,1320.524911645226,1.0,45.37254932255607,0.10996663826609164,0.0,0.0,0.5359440158075058,TXN001948,AC11104,CUS64627,M430,DVC_4527,Paris,Wire Transfer,Travel,0,0
174.47517209268904,2785.103065706447,2.0,87.26307405527571,0.06262337321266646,0.0,0.0,0.19357590107911896,TXN001949,AC45580,CUS27005,M539,DVC_4481,London,POS Debit,Travel,0,0
286.261177444179,88580.1957750028,2.0,5.897501577086597,0.0032316246686405715,0.0,0.0,0.15475555265051025,TXN001950,AC48899,CUS86303,M337,DVC_6615,Lagos,Wire Transfer,Travel,0,0
121.00183782507831,106783.73706732248,2.0,13.242407833225545,0.0011331379478772576,0.0,0.0,0.2702076660761676,TXN001951,AC59803,CUS68137,M391,DVC_8458,London,ACH Transfer,Gas Station,0,0
66.91259001448822,7252.058978824562,2.0,8.662797353818728,0.009225430292217496,0.0,0.0,0.2523163820892715,TXN001952,AC35956,CUS78877,M525,DVC_9016,Paris,POS Debit,Retail,0,0
88.7039014016841,51344.43161911541,2.0,45.082321874763394,0.0017275909190850097,0.0,0.0,0.43541190680763553,TXN001953,AC72774,CUS34110,M394,DVC_3057,Paris,Wire Transfer,Travel,0,0
7.5313136337673905,74265.48886684778,2.0,0.643601490516331,0.00010140931325392622,0.0,0.0,0.4000589710857884,TXN001954,AC92721,CUS23457,M932,DVC_3417,Singapore,ATM Withdrawal,Restaurant,0,0
3758.9775349383654,6680.918990335904,2.0,195.68116767590857,0.5625595791231524,0.0,0.0,0.4014646768751605,TXN001955,AC63696,CUS54699,M599,DVC_1125,London,ACH Transfer,Restaurant,0,0
613.0071529361046,9792.78926308008,2.0,191.90476557618743,0.06259141752691931,0.0,0.0,0.41852142822164085,TXN001956,AC16428,CUS44670,M655,DVC_3832,Singapore,Wire Transfer,Travel,0,0
14.826788907871626,3076.7892838700714,2.0,47.95287417204941,0.0048173502278324055,0.0,0.0,0.31530794980256993,TXN001957,AC91177,CUS63789,M944,DVC_5478,Paris,Wire Transfer,Travel,0,0
147.72273614532116,4393.3562748143895,1.0,147.6987380392313,0.033616467784365237,0.0,0.0,0.07405853284888039,TXN001958,AC20313,CUS39288,M691,DVC_7470,Moscow,Online Purchase,Restaurant,0,0
392.41496680203517,1189.6969569747646,2.0,36.47574536555241,0.32956745585296054,0.0,1.0,0.2502028104232292,TXN001959,AC14140,CUS28324,M785,DVC_9641,Dubai,POS Debit,Gas Station,0,0
25.15678813831676,32815.37079598083,2.0,20.56587207490927,0.0007665926343505914,0.0,0.0,0.1596752973127777,TXN001960,AC93472,CUS25919,M752,DVC_5618,Lagos,Online Purchase,Electronics,0,0
278.36283528061904,1164.140775574577,1.0,34.94868727222872,0.23890918686915522,1.0,0.0,0.35792997282639927,TXN001961,AC12792,CUS43974,M136,DVC_2009,London,ATM Withdrawal,Restaurant,0,0
220.4132689100438,13939.636276076013,2.0,330.10034139468695,0.01581084711953229,0.0,0.0,0.12885633464049978,TXN001962,AC78259,CUS99757,M625,DVC_4778,Moscow,POS Debit,Electronics,0,0
92.16127110577034,33450.342408022945,1.0,133.39447923687638,0.0027550843844062426,0.0,0.0,0.17450792226629624,TXN001963,AC97496,CUS41785,M733,DVC_1941,Sydney,ACH Transfer,Travel,0,0
5204.649326525416,224.34447332077443,5.0,15.014318692854241,5.0,1.0,0.0,0.6306484241480292,TXN001964,AC77558,CUS92084,M496,DVC_4603,Chicago,POS Debit,Retail,1,1
77338.42558628788,2389.290167461138,7.0,15.020065619357377,5.0,0.0,1.0,0.7076978451079716,TXN001965,AC68774,CUS16952,M849,DVC_4980,Paris,Wire Transfer,Travel,1,1
27.041563008209145,1991.4246216274028,1.0,155.78517062174268,0.013572188736616659,0.0,0.0,0.288879981588396,TXN001966,AC41041,CUS70255,M495,DVC_5368,Dubai,Wire Transfer,Travel,0,0
40023.51559108017,1401.0122948934297,9.0,25.467252154089035,5.0,0.0,1.0,0.9080816890300101,TXN001967,AC37089,CUS23525,M666,DVC_9693,Sydney,Wire Transfer,Travel,1,1
2259.115948720252,3143.7321576282898,9.0,22.481717446241404,0.7183810370750442,1.0,0.0,0.7174904523452875,TXN001968,AC10603,CUS27595,M121,DVC_2250,Moscow,POS Debit,Restaurant,1,1
48.63733949615708,8385.452047139888,6.0,16.361843128516853,0.0057995132176000865,1.0,1.0,0.7636118087234453,TXN001969,AC82564,CUS36057,M439,DVC_8009,Dubai,Wire Transfer,Restaurant,1,1
14.471420641958286,16527.015429651517,1.0,35.33857734388026,0.0008755691633731375,0.0,0.0,0.2723513406826325,TXN001970,AC17150,CUS11495,M594,DVC_3319,New York,Wire Transfer,Retail,0,0
2419.755882007582,738.2757888803076,7.0,9.334609298454241,3.2731436879226035,0.0,1.0,0.7163298548744281,TXN001971,AC66048,CUS69136,M502,DVC_6910,Sydney,Online Purchase,Electronics,1,1
94.54756209470156,3348.714436361676,1.0,32.20943259981161,0.028225558891938052,1.0,0.0,0.25246816346952583,TXN001972,AC32346,CUS91655,M302,DVC_7538,Chicago,Wire Transfer,Electronics,0,0
288.8435352967942,984.5800743301143,2.0,52.67449467581095,0.29306957681050655,0.0,0.0,0.4219328253806319,TXN001973,AC91478,CUS39749,M445,DVC_4195,Singapore,Online Purchase,Electronics,0,0
2656.988501311806,7229.121610978195,9.0,24.400467169027987,0.3674887704900347,1.0,1.0,0.598336352741107,TXN001974,AC67130,CUS99890,M114,DVC_3957,Moscow,ATM Withdrawal,Travel,1,1
38.62832335577118,10308.606789908465,2.0,76.35813410869567,0.0037468279967362507,0.0,0.0,0.02525422032231456,TXN001975,AC78311,CUS87455,M129,DVC_7338,New York,POS Debit,Retail,0,0
198.39363788156382,11466.314979015731,1.0,46.444688696047734,0.017300792578263377,0.0,0.0,0.09106658738387385,TXN001976,AC13639,CUS50452,M128,DVC_8911,Moscow,Online Purchase,Travel,0,0
58.067965207191314,8199.432938684065,1.0,7.434389450782516,0.007081085308711708,0.0,0.0,0.1274420799247897,TXN001977,AC60590,CUS40622,M863,DVC_4274,Singapore,POS Debit,Retail,0,0
212.04544033573404,3169.9911299858177,1.0,58.050352702075514,0.06687039844752969,0.0,0.0,0.12203978705463633,TXN001978,AC76386,CUS34940,M259,DVC_4048,Singapore,POS Debit,Gas Station,0,0
1207.0150234644045,8099.272251111101,1.0,54.461263032562,0.14900919204275392,0.0,0.0,0.20111574864087686,TXN001979,AC59591,CUS66356,M728,DVC_2906,Lagos,ACH Transfer,Restaurant,0,0
53.08777182590848,18554.171222780842,1.0,212.38365255641293,0.002861076903495816,0.0,0.0,0.09226104291133722,TXN001980,AC83336,CUS96134,M769,DVC_3939,Sydney,Online Purchase,Travel,0,0
304.0657856080994,5423.726279494128,2.0,269.4214236856811,0.05605182085545789,0.0,0.0,0.02147415162966149,TXN001981,AC82111,CUS26746,M719,DVC_9732,Moscow,Wire Transfer,Gas Station,0,0
3584.8764018580273,445.2474066774468,7.0,4.8540070251129155,5.0,0.0,1.0,0.9267660104183115,TXN001982,AC53955,CUS78976,M726,DVC_9709,New York,ACH Transfer,Electronics,1,1
119.16905248860039,26220.86121280073,2.0,136.74938636595877,0.004544645077689055,0.0,0.0,0.27236958428299507,TXN001983,AC69009,CUS23245,M371,DVC_9615,Sydney,Online Purchase,Gas Station,0,0
589.119373787273,1574.5968510747657,1.0,43.73262868913332,0.37390235540608985,0.0,0.0,0.03734816296975469,TXN001984,AC94828,CUS63570,M519,DVC_5177,Paris,Online Purchase,Restaurant,0,0
146.71071820558228,2528.1707317012356,1.0,16.6709387789982,0.05800743950049508,0.0,1.0,0.19258253387147656,TXN001985,AC40249,CUS54511,M949,DVC_7458,London,ATM Withdrawal,Restaurant,0,0
114.14766761735406,6499.378688001383,1.0,220.99448334036572,0.017560156584115885,0.0,1.0,0.4296410567432704,TXN001986,AC31577,CUS37567,M588,DVC_2752,Singapore,Wire Transfer,Restaurant,0,0
253.8845208486185,11234.931925435816,5.0,4.782319416725989,0.022595768871995093,1.0,0.0,0.7504922410794678,TXN001987,AC27928,CUS50659,M275,DVC_8447,Paris,ATM Withdrawal,Gas Station,1,1
1285.8865148078687,100.30958470326468,5.0,8.157306314854694,5.0,1.0,0.0,0.6167285817388455,TXN001988,AC40238,CUS34029,M330,DVC_2666,London,POS Debit,Electronics,1,1
166.65418546435538,455.08775373365637,1.0,277.40446144812455,0.3653993866313656,0.0,0.0,0.10648909196097674,TXN001989,AC54639,CUS67791,M895,DVC_2863,Singapore,Wire Transfer,Travel,0,0
53209.58708289299,423.33565993532454,9.0,20.802412476681226,5.0,1.0,1.0,0.7984400781642936,TXN001990,AC42001,CUS41428,M417,DVC_5461,Tokyo,ATM Withdrawal,Electronics,1,1
28.052090414899077,11138.24576782332,2.0,148.51723216395555,0.0025183114727506937,0.0,0.0,0.18684123996972166,TXN001991,AC28199,CUS11791,M861,DVC_6212,Moscow,ATM Withdrawal,Retail,0,0
238.94195607945105,1250.656553657324,1.0,10.779200255060287,0.1909005752266992,0.0,0.0,0.041006858955324285,TXN001992,AC70660,CUS99042,M566,DVC_3118,London,Wire Transfer,Retail,0,0
12716.5545921777,3151.0651539816176,6.0,34.165217653104655,4.034356515795505,1.0,0.0,0.903016740948824,TXN001993,AC76986,CUS56739,M539,DVC_6626,London,Online Purchase,Travel,1,1
7357.302105501756,6491.741146400415,6.0,8.719926165712534,1.1331580821731442,1.0,1.0,0.8790161983338737,TXN001994,AC81384,CUS12389,M155,DVC_8358,New York,POS Debit,Restaurant,1,1
831.0864505639342,1755.4903383748751,1.0,89.7364678553436,0.4731517346875161,0.0,0.0,0.06001991274195623,TXN001995,AC34749,CUS64538,M430,DVC_2753,Lagos,ACH Transfer,Travel,0,0
15513.14807906202,132.4072927715034,8.0,30.964843530226347,5.0,0.0,1.0,0.8929671721582624,TXN001996,AC84826,CUS66657,M372,DVC_8139,Moscow,ACH Transfer,Gas Station,1,1
291.38040901397835,11668.376421625837,1.0,12.962949039636028,0.024969664057968726,0.0,0.0,0.18201001251593657,TXN001997,AC93042,CUS17582,M801,DVC_7360,Moscow,ACH Transfer,Restaurant,0,0
110.44299073235047,1072.6948708825869,1.0,21.079655622289057,0.10286254850185261,1.0,0.0,0.10775185312352722,TXN001998,AC86288,CUS43058,M120,DVC_5265,Paris,POS Debit,Travel,0,0
11315.803960123567,344.5333604960407,5.0,35.14742065499274,5.0,1.0,0.0,0.2560431240169072,TXN001999,AC82820,CUS23750,M264,DVC_2388,Singapore,Wire Transfer,Travel,1,1
166.24176083654837,35783.757146490585,1.0,72.67587100375175,0.0046456025999006036,0.0,0.0,0.013727726579710121,TXN002000,AC54738,CUS92220,M591,DVC_9811,Tokyo,Wire Transfer,Gas Station,0,0
93.77517497897932,11944.088177670577,1.0,70.46283025287899,0.007850521786375502,0.0,0.0,0.2777803673292343,TXN002001,AC97272,CUS24995,M982,DVC_4718,Singapore,Wire Transfer,Gas Station,0,0
53.85319895940696,344.30558352223426,2.0,90.82223869774101,0.15595808909339384,0.0,0.0,0.22294942119299052,TXN002002,AC28560,CUS17432,M517,DVC_7914,Paris,ACH Transfer,Electronics,0,0
88.46944825421014,20098.678566925384,1.0,40.361938045520084,0.004401535475288109,0.0,0.0,0.20198844425191903,TXN002003,AC86149,CUS38552,M896,DVC_6521,Tokyo,Online Purchase,Retail,0,0
142.35480139754856,1779.5266306950482,2.0,87.35867311262929,0.07995095324240042,0.0,0.0,0.2965943787156741,TXN002004,AC91470,CUS41417,M679,DVC_2010,Singapore,ATM Withdrawal,Travel,0,0
165.45989469578313,194.08321593256244,1.0,194.67891930395635,0.848150333716973,0.0,0.0,0.2669240942506737,TXN002005,AC38907,CUS37590,M366,DVC_1425,Paris,ACH Transfer,Electronics,0,0
87.73836375584094,2704.175642602976,2.0,102.25703266351653,0.03243351831728651,0.0,0.0,0.17883977733537343,TXN002006,AC89691,CUS20496,M829,DVC_7918,Moscow,POS Debit,Restaurant,0,0
168.39794164793707,37499.202427941564,2.0,130.78246058403525,0.004490587536734549,0.0,0.0,0.2461439709062371,TXN002007,AC80373,CUS77282,M437,DVC_8008,New York,Wire Transfer,Restaurant,0,0
104.97532241259454,7214.403616176989,2.0,305.294208831446,0.01454878035890315,0.0,0.0,0.1070423170171296,TXN002008,AC49101,CUS67858,M995,DVC_9408,London,ATM Withdrawal,Retail,0,0
588.49732837877,1020.8930835222692,1.0,94.35296098613203,0.5758893350665735,0.0,0.0,0.28430306011364304,TXN002009,AC65463,CUS18870,M984,DVC_7313,Lagos,Wire Transfer,Restaurant,0,0
63248.28034567724,59738.117916871954,9.0,2.940574629011584,1.0587414503456236,1.0,1.0,0.8889275086065838,TXN002010,AC58734,CUS70765,M707,DVC_9801,Sydney,Wire Transfer,Retail,1,1
31377.886073874324,109.82959833058284,4.0,6.959148106970959,5.0,1.0,1.0,0.8720369231821623,TXN002011,AC69036,CUS20444,M287,DVC_1185,Chicago,Wire Transfer,Restaurant,1,1
71.03650470112615,3683.26033313097,2.0,80.61244056612135,0.019281076329575677,0.0,0.0,0.04177087607057245,TXN002012,AC26674,CUS10343,M574,DVC_9916,Dubai,Online Purchase,Restaurant,0,0
222.35672310235108,8099.9888754488475,9.0,39.942454668420304,0.027448096339970727,1.0,0.0,0.8347285300390256,TXN002013,AC54891,CUS25898,M307,DVC_2184,Paris,ATM Withdrawal,Travel,1,1
32.88275641322349,10654.648405356927,2.0,32.49968116260394,0.003085946078766291,0.0,0.0,0.09838316091234668,TXN002014,AC33892,CUS87175,M173,DVC_9375,Dubai,ACH Transfer,Gas Station,0,0
38612.77667268115,40.811827731190554,5.0,10.514405371154316,5.0,1.0,1.0,0.7377553551322407,TXN002015,AC81129,CUS85880,M975,DVC_4608,Singapore,Online Purchase,Travel,1,1
132.12366247641248,880.8027127641938,1.0,22.519049807042908,0.14983358586212941,0.0,0.0,0.21703386025493562,TXN002016,AC57242,CUS99156,M773,DVC_4766,Chicago,POS Debit,Electronics,0,0
28.598419992420695,336.61834159495373,1.0,11.016688013737102,0.08470635765023302,0.0,0.0,0.18930168212751852,TXN002017,AC84295,CUS59258,M772,DVC_5326,London,POS Debit,Gas Station,0,0
30.226984570506936,713464.8881063132,2.0,140.7803799182038,4.236640472151463e-05,0.0,0.0,0.05072874410929418,TXN002018,AC97558,CUS64963,M493,DVC_8635,Singapore,ACH Transfer,Travel,0,0
62.98671278470627,13310.080466303563,1.0,101.78785152909306,0.004731900835860355,0.0,0.0,0.19660032041224862,TXN002019,AC97090,CUS38773,M589,DVC_3435,London,ATM Withdrawal,Gas Station,0,0
51.54520776251931,29418.450029299383,2.0,107.55340001891445,0.0017520792438738477,0.0,0.0,0.09894870399297814,TXN002020,AC94958,CUS15783,M671,DVC_1734,Tokyo,ACH Transfer,Gas Station,0,0
118.63895753862869,14979.744158087382,1.0,161.18453553104985,0.00791943018895902,1.0,0.0,0.2468949337957914,TXN002021,AC42294,CUS29744,M125,DVC_1157,New York,Online Purchase,Gas Station,0,0
20.803996109489745,740.9002958654271,2.0,84.42347056914255,0.02804149860221025,0.0,0.0,0.10259997471360323,TXN002022,AC70487,CUS57240,M973,DVC_6304,Paris,ATM Withdrawal,Restaurant,0,0
18453.294510442694,194.4369704293754,8.0,23.90440376679143,5.0,1.0,0.0,0.7077958689394611,TXN002023,AC92228,CUS76025,M636,DVC_4492,New York,POS Debit,Gas Station,1,1
638562.8265142202,592.8487115440963,8.0,10.04263668136826,5.0,1.0,1.0,0.9238817169320236,TXN002024,AC61290,CUS95680,M869,DVC_4254,Paris,ATM Withdrawal,Restaurant,1,1
72.1841141724104,24574.87178203255,2.0,54.255028584050265,0.0029371944487920176,0.0,0.0,0.14642147186712615,TXN002025,AC28580,CUS55122,M957,DVC_8764,Singapore,ATM Withdrawal,Gas Station,0,0
62.61697304214873,6380.212300854082,1.0,12.337953980568988,0.00981270800750006,0.0,0.0,0.19045432269355717,TXN002026,AC10461,CUS86950,M951,DVC_2075,Sydney,ATM Withdrawal,Restaurant,0,0
88.72070262460372,20642.569588633025,1.0,223.4946694495875,0.004297740380784534,0.0,0.0,0.29591822989854943,TXN002027,AC14732,CUS63228,M614,DVC_6122,New York,ACH Transfer,Gas Station,0,0
192.8023868976074,61488.739447764085,1.0,121.74961639674206,0.003135521285813777,0.0,0.0,0.06609350044505634,TXN002028,AC92565,CUS65111,M899,DVC_9190,Chicago,Wire Transfer,Electronics,0,0
174.68562770087686,36706.165041240325,2.0,126.01035666065964,0.00475889727535805,0.0,0.0,0.3337029324299536,TXN002029,AC71957,CUS19565,M356,DVC_8841,New York,Online Purchase,Travel,0,0
39.95259393465943,7326.348884055021,2.0,342.06178590414805,0.005452530590101957,0.0,0.0,0.4995587096970076,TXN002030,AC32398,CUS35203,M379,DVC_7751,Tokyo,ATM Withdrawal,Gas Station,0,0
82.32418274881245,1114.6693188499064,2.0,66.15775942451421,0.07378905322383228,0.0,0.0,0.20955532439159394,TXN002031,AC85124,CUS78231,M917,DVC_6135,Singapore,ATM Withdrawal,Electronics,0,0
38.197814363801314,18068.82992582876,1.0,272.46823593145956,0.0021139000488987394,0.0,0.0,0.09441959446191976,TXN002032,AC62420,CUS68514,M859,DVC_7373,Lagos,ACH Transfer,Travel,0,0
16.739626025679396,5062.95442698518,2.0,62.206401286557536,0.003305643103041374,0.0,0.0,0.24636112284692083,TXN002033,AC55245,CUS39036,M655,DVC_5999,Chicago,Online Purchase,Retail,0,0
202.30640217332765,598753.0870389509,1.0,118.95570899920892,0.00033787894989377665,0.0,0.0,0.3258039002400458,TXN002034,AC42639,CUS76213,M132,DVC_3964,Paris,Online Purchase,Gas Station,0,0
3459.887742559176,356.27415820943014,8.0,34.192771351559045,5.0,1.0,1.0,0.7288152030237436,TXN002035,AC67067,CUS25587,M393,DVC_9022,London,POS Debit,Retail,1,1
1954.867755896138,1190.2347307113553,4.0,22.563510261862216,1.6410432851708188,1.0,1.0,0.795129693081829,TXN002036,AC55134,CUS81347,M723,DVC_6125,Lagos,Online Purchase,Travel,1,1
881.327085231072,11678.278251641153,2.0,49.493325059280885,0.07546074904990206,0.0,0.0,0.21672199136236506,TXN002037,AC85298,CUS87089,M407,DVC_2133,Lagos,Online Purchase,Travel,0,0
112.16941999610412,5640.645741961471,2.0,132.81624048412934,0.01988239338776798,0.0,0.0,0.18657960362817402,TXN002038,AC59967,CUS13401,M390,DVC_5238,Singapore,ATM Withdrawal,Gas Station,0,0
1730.0239563244638,5527.916772285454,2.0,92.29411235792054,0.3129046841501531,0.0,0.0,0.2664685110839198,TXN002039,AC93825,CUS28826,M884,DVC_7026,Moscow,Wire Transfer,Electronics,0,0
227.02002572980516,2276.799559361396,1.0,31.574145062541266,0.09966637529487121,0.0,0.0,0.19168182648621895,TXN002040,AC18040,CUS76090,M925,DVC_6786,Paris,ATM Withdrawal,Gas Station,0,0
16.02366073794552,957.64394568444,1.0,292.44953276153404,0.016714924044615078,0.0,0.0,0.2823015768968153,TXN002041,AC87895,CUS51762,M403,DVC_7572,New York,ACH Transfer,Electronics,0,0
40.255866673558515,38298.46609490792,1.0,96.41499969577646,0.0010510816671387153,0.0,0.0,0.2393920717085771,TXN002042,AC47666,CUS93082,M142,DVC_9357,New York,Online Purchase,Gas Station,0,0
146.9222164380132,603.7728462512414,1.0,121.50082036664672,0.24293785236676643,0.0,0.0,0.5105542481792971,TXN002043,AC13204,CUS26807,M915,DVC_7093,London,Wire Transfer,Electronics,0,0
531.6221361939354,331.67324427846347,1.0,148.03523385989885,1.5980309367739298,0.0,0.0,0.23555269616463873,TXN002044,AC43897,CUS85004,M655,DVC_9312,Lagos,ATM Withdrawal,Restaurant,0,0
146.9927658667242,23929.211453799664,1.0,2.6237140032407114,0.006142560259047963,0.0,0.0,0.392325062046696,TXN002045,AC56750,CUS51375,M900,DVC_3997,Singapore,POS Debit,Electronics,0,0
35.73148106400309,11149.051029300703,2.0,182.43737297738855,0.0032046024695408107,0.0,0.0,0.07419455363478068,TXN002046,AC53015,CUS21184,M698,DVC_7311,Sydney,ACH Transfer,Electronics,0,0
65.9861403184583,1664.6429712431002,1.0,31.653932173914637,0.039616017032276504,0.0,0.0,0.1160996122926578,TXN002047,AC28181,CUS23818,M841,DVC_4155,Singapore,ACH Transfer,Travel,0,0
68.84410892514863,41969.72696038143,2.0,56.10216799800502,0.0016402886943115026,0.0,0.0,0.17858567683957915,TXN002048,AC28868,CUS93925,M579,DVC_1420,Chicago,ACH Transfer,Retail,0,0
398.1128960696049,2283.6126058157392,1.0,157.91198172019492,0.1742583819489412,1.0,0.0,0.10684521609345908,TXN002049,AC98143,CUS70088,M182,DVC_3835,Dubai,ATM Withdrawal,Gas Station,0,0
86.31589907338649,4514.792198790635,2.0,147.52423547443098,0.019114231849840783,0.0,0.0,0.20823209449810265,TXN002050,AC34107,CUS22864,M303,DVC_5363,Tokyo,Wire Transfer,Travel,0,0
278824.17677904497,11667.2949279314,7.0,61.82801830518686,5.0,1.0,1.0,0.6943481960809755,TXN002051,AC27072,CUS45631,M741,DVC_3085,Dubai,Wire Transfer,Retail,1,1
99.37769613467258,3951.545877467553,2.0,84.23366351558404,0.025142705288052253,0.0,0.0,0.07835059638792556,TXN002052,AC55955,CUS77548,M237,DVC_8069,Lagos,Online Purchase,Travel,0,0
123.35589032848938,790.5521508170932,1.0,44.6322040733927,0.15584050930965593,0.0,0.0,0.17904561603010694,TXN002053,AC32815,CUS14309,M182,DVC_8470,Paris,Wire Transfer,Travel,0,0
7.401515011501591,15929.135285558277,2.0,188.53569375055292,0.0004646234874233337,0.0,0.0,0.2756637210188382,TXN002054,AC58948,CUS17647,M786,DVC_3385,Moscow,POS Debit,Gas Station,0,0
402.3371775578065,24390.67870946168,1.0,457.96967391629556,0.01649485393564722,0.0,0.0,0.4496253794601465,TXN002055,AC38478,CUS71592,M747,DVC_3377,Tokyo,ACH Transfer,Restaurant,0,0
8648.631253983052,331.37439419725104,4.0,20.933592660144225,5.0,0.0,1.0,0.6931508642501506,TXN002056,AC97921,CUS66167,M718,DVC_3857,Dubai,ATM Withdrawal,Travel,1,1
116.3701306557803,22517.301892053372,2.0,43.01225824144952,0.005167802226545639,0.0,0.0,0.38574235884148905,TXN002057,AC72159,CUS55996,M250,DVC_2455,Moscow,ACH Transfer,Gas Station,0,0
27.949016069043864,1770.7457624718736,2.0,122.35269530163636,0.015774845726200828,0.0,0.0,0.0639954846863898,TXN002058,AC38897,CUS87668,M720,DVC_2890,Chicago,ACH Transfer,Electronics,0,0
10683.899986380527,4522.754088238583,7.0,29.271367862362286,2.36173314861607,1.0,0.0,0.6089299036202018,TXN002059,AC40028,CUS13871,M833,DVC_9841,London,POS Debit,Retail,1,1
14.563982139738526,1687.187756441784,1.0,280.47081953059967,0.00862699192324154,0.0,0.0,0.2675120555824065,TXN002060,AC40112,CUS88970,M959,DVC_3428,Sydney,ACH Transfer,Gas Station,0,0
44.71491315993819,958.6610890975891,1.0,66.73891214484875,0.04659448389429394,0.0,0.0,0.05534262392957859,TXN002061,AC65573,CUS82285,M418,DVC_7209,Sydney,ACH Transfer,Restaurant,0,0
850.4122653863869,8519.364424701926,9.0,12.977401771736506,0.09980937704036498,1.0,1.0,0.9420858395838942,TXN002062,AC54830,CUS65163,M944,DVC_3317,Chicago,POS Debit,Gas Station,1,1
3550.0077015202514,83.13157775046545,9.0,19.147786892102324,5.0,1.0,1.0,0.9434483528940555,TXN002063,AC62226,CUS44411,M346,DVC_9238,Chicago,POS Debit,Gas Station,1,1
2590.244775110075,2505.160450521921,4.0,14.6268041680765,1.033551053992031,0.0,1.0,0.7654126146765553,TXN002064,AC78061,CUS70143,M136,DVC_9048,Moscow,Wire Transfer,Electronics,1,1
139.88751119593402,3238.6832728530826,1.0,5.133919073907678,0.043179378789315936,0.0,0.0,0.18064212610945143,TXN002065,AC61169,CUS85531,M367,DVC_8347,Moscow,ACH Transfer,Retail,0,0
25.62854631802442,1009.4755012468189,2.0,1.1141468183354852,0.025362857670870327,1.0,0.0,0.14899453805251597,TXN002066,AC46146,CUS97345,M685,DVC_3115,Chicago,Online Purchase,Retail,0,0
178.34515331074817,16110.913398646546,1.0,119.02442281776948,0.011069147958909073,0.0,0.0,0.24236623613081912,TXN002067,AC54568,CUS70551,M214,DVC_8282,Lagos,Online Purchase,Restaurant,0,0
181.50724614410913,9827.36554412542,1.0,113.1142757565125,0.018467693873331675,0.0,0.0,0.08157894479009198,TXN002068,AC84779,CUS63399,M180,DVC_8193,Dubai,Online Purchase,Retail,0,0
47.32497857322569,1373.90966262942,1.0,183.00930029299693,0.03442042765393032,0.0,0.0,0.20315507001406533,TXN002069,AC73607,CUS33421,M804,DVC_1072,Lagos,POS Debit,Electronics,0,0
757.7648180927607,11114.465063554771,1.0,164.512416878402,0.06817211999318942,0.0,0.0,0.19632576662963366,TXN002070,AC37015,CUS92828,M825,DVC_4457,Chicago,ACH Transfer,Restaurant,0,0
86.91100148088171,755.0129149379563,1.0,265.20350664384875,0.11495967828540896,0.0,0.0,0.22266016449115103,TXN002071,AC83060,CUS98519,M626,DVC_3022,New York,Wire Transfer,Electronics,0,0
775.4701078466056,61893.1135738946,1.0,23.99721649881084,0.012528979947677604,0.0,0.0,0.06025351762169739,TXN002072,AC90224,CUS81502,M435,DVC_5085,Lagos,ACH Transfer,Electronics,0,0
115.59114691635816,760.9025364879865,2.0,50.31273914279508,0.15171382346248533,0.0,0.0,0.21864438965366545,TXN002073,AC24350,CUS70581,M183,DVC_8588,New York,Online Purchase,Gas Station,0,0
250.66030865113123,31445.976859266644,1.0,184.8267049731354,0.007970887305730562,0.0,0.0,0.2138825562416663,TXN002074,AC44045,CUS21629,M986,DVC_2543,Tokyo,ATM Withdrawal,Gas Station,0,0
86.084839534245,5882.957149030522,2.0,68.94426668935806,0.014630432777442795,0.0,0.0,0.16088704357675643,TXN002075,AC82302,CUS14534,M877,DVC_5496,Chicago,Online Purchase,Gas Station,0,0
52.67716487264503,51852.436404149434,2.0,204.38666754451907,0.0010158857064375714,0.0,0.0,0.13659108861549357,TXN002076,AC17353,CUS32624,M909,DVC_6783,Moscow,POS Debit,Travel,0,0
49.298396131930396,29418.583058488777,1.0,56.056743033391605,0.0016757000272206697,0.0,0.0,0.39418859795946315,TXN002077,AC18578,CUS96409,M253,DVC_5749,New York,ACH Transfer,Electronics,0,0
10892.814412024805,7868.284495394467,8.0,4.675820169312274,1.3842191648300264,1.0,1.0,0.7418137728826701,TXN002078,AC58008,CUS13538,M916,DVC_6045,New York,POS Debit,Retail,1,1
164.20253331864063,6227.025698126842,2.0,331.4756097869777,0.026365102084923417,0.0,0.0,0.1941302417008591,TXN002079,AC83203,CUS48786,M352,DVC_1847,Dubai,Wire Transfer,Restaurant,0,0
182.35961566507976,809.682192056672,1.0,6.808328347126688,0.22494587577215663,0.0,0.0,0.2567494885511202,TXN002080,AC10013,CUS41866,M601,DVC_1934,Lagos,ACH Transfer,Travel,0,0
180.39516388228185,7969.380135780023,1.0,66.40673240024715,0.022633194503793568,0.0,0.0,0.40803709744276895,TXN002081,AC66549,CUS85286,M547,DVC_2395,Paris,ACH Transfer,Gas Station,0,0
75.38916899534303,3405.4039120045045,1.0,196.52865148822045,0.022131600051791902,0.0,0.0,0.2339806440257549,TXN002082,AC30570,CUS74317,M372,DVC_7574,Paris,ACH Transfer,Travel,0,0
61.826394167288875,22686.613877917738,2.0,12.606761277842269,0.0027251166429390627,0.0,0.0,0.12573305557665582,TXN002083,AC87304,CUS48085,M972,DVC_1538,Tokyo,ATM Withdrawal,Travel,0,0
47.96999352166629,423.8567077187413,1.0,16.570690379442656,0.11290864107863592,1.0,0.0,0.20562318853130693,TXN002084,AC59155,CUS99128,M924,DVC_9262,London,ACH Transfer,Electronics,0,0
15.26822103149065,3810.584407574951,2.0,8.45201314158378,0.004005741287310169,0.0,0.0,0.3654108044702536,TXN002085,AC42407,CUS36744,M953,DVC_9447,Dubai,ATM Withdrawal,Electronics,0,0
522.5802302170252,38986.72801678381,1.0,16.578612510492693,0.01340371077771087,0.0,0.0,0.27240487985816425,TXN002086,AC13290,CUS32952,M606,DVC_1901,Dubai,ACH Transfer,Retail,0,0
238.7541932617852,20601.207827444374,2.0,298.1548706503485,0.011588767342873745,1.0,0.0,0.39749608394667985,TXN002087,AC71282,CUS36460,M231,DVC_9861,Tokyo,Online Purchase,Restaurant,0,0
30.7678784201858,15944.001866805442,2.0,258.7537071559966,0.0019296252629633652,0.0,0.0,0.16798916751900464,TXN002088,AC50698,CUS73491,M810,DVC_2883,Moscow,Wire Transfer,Restaurant,0,0
164.37317223725793,8342.113300062816,1.0,30.56954043207931,0.019701658880267196,0.0,1.0,0.07439195201553266,TXN002089,AC68946,CUS17422,M424,DVC_9331,Chicago,ACH Transfer,Gas Station,0,0
56.78285738982445,22013.353116710132,1.0,18.730437736886834,0.0025793561631717024,0.0,0.0,0.25094245011385796,TXN002090,AC89581,CUS25358,M450,DVC_3702,Sydney,POS Debit,Retail,0,0
47.64086293333424,50359.30706627801,2.0,10.997869167095901,0.0009460002471914086,0.0,0.0,0.14257087955145922,TXN002091,AC55759,CUS79075,M182,DVC_5159,Chicago,Online Purchase,Restaurant,0,0
4069.366373337124,31.63531156022188,9.0,4.868755171491489,5.0,1.0,0.0,0.46767641560033013,TXN002092,AC80362,CUS78402,M917,DVC_2416,Sydney,POS Debit,Travel,1,1
135.12438018763052,12040.48646360509,2.0,6.830657497049501,0.011221569745233575,0.0,0.0,0.020703154844927605,TXN002093,AC79509,CUS47046,M225,DVC_5963,Dubai,POS Debit,Travel,0,0
104.75826894080554,51643.92613738813,2.0,67.37066635032248,0.002028432931864844,0.0,0.0,0.1312005806570299,TXN002094,AC37118,CUS74618,M313,DVC_5873,Chicago,ATM Withdrawal,Restaurant,0,0
72352.55529559891,292.9048854017166,5.0,4.047853624488357,5.0,0.0,1.0,0.6265656292663089,TXN002095,AC36218,CUS38094,M934,DVC_6121,Lagos,Wire Transfer,Travel,1,1
29657.525904572838,12246.374793396966,6.0,5.988656124091156,2.421541465405497,1.0,1.0,0.8650119940385224,TXN002096,AC36065,CUS90452,M826,DVC_3582,Singapore,POS Debit,Travel,1,1
18004.83865410403,9349.591582767562,9.0,7.746104066229104,1.9255293630068921,1.0,0.0,0.8912434187011645,TXN002097,AC98507,CUS60951,M849,DVC_1358,Moscow,Online Purchase,Gas Station,1,1
39855.42080772958,338.29473335778505,9.0,46.54011705949905,5.0,1.0,0.0,0.7595271845281473,TXN002098,AC55018,CUS75927,M699,DVC_2500,New York,Wire Transfer,Travel,1,1
297.45329556587654,2123.495279483536,1.0,49.30350210801481,0.14001127629626334,0.0,0.0,0.20443069391290927,TXN002099,AC72544,CUS78834,M995,DVC_9119,Paris,Online Purchase,Restaurant,0,0
15.91678512500697,2280.7715466553336,1.0,65.21203376715387,0.006975626086817548,0.0,0.0,0.17451688267404997,TXN002100,AC41498,CUS88738,M561,DVC_2938,Moscow,POS Debit,Electronics,0,0
250.44661820833022,13592.408006084708,4.0,6.653361088757989,0.01842412278776778,1.0,1.0,0.6296191315391999,TXN002101,AC65529,CUS36991,M724,DVC_1814,Paris,Wire Transfer,Travel,1,1
553.4324437701719,7107.081830521212,1.0,17.676231176703922,0.07785960501943046,0.0,0.0,0.3074469516704954,TXN002102,AC29617,CUS47321,M204,DVC_9787,Lagos,ACH Transfer,Restaurant,0,0
27409.107829167027,3070.248541745678,8.0,15.817676424573193,5.0,0.0,1.0,0.762631742415596,TXN002103,AC69039,CUS24518,M470,DVC_6066,Dubai,POS Debit,Travel,1,1
67.5766388215931,2706.91688774732,2.0,67.22027349142512,0.02495521156035524,0.0,0.0,0.2072651028791182,TXN002104,AC27770,CUS91122,M162,DVC_9418,Paris,POS Debit,Retail,0,0
54.36800402298478,26082.594823515148,2.0,162.71987036579583,0.0020843754241256034,0.0,0.0,0.07410428054378965,TXN002105,AC83079,CUS87768,M850,DVC_4835,Dubai,ATM Withdrawal,Gas Station,0,0
243.54133882618635,31794.35646174126,1.0,82.13910979716734,0.007659651154382715,0.0,0.0,0.2519414378379743,TXN002106,AC63944,CUS78679,M568,DVC_5912,Sydney,Online Purchase,Electronics,0,0
6.797339519258292,6453.825596058062,2.0,38.49285466457304,0.0010530632343357816,0.0,0.0,0.06618777855589557,TXN002107,AC27581,CUS28943,M125,DVC_7086,London,ACH Transfer,Travel,0,0
229.0712960128865,3518.6120253775016,2.0,18.529481045363625,0.0650842463206771,0.0,0.0,0.16271460513247368,TXN002108,AC28669,CUS25367,M739,DVC_7294,New York,Wire Transfer,Restaurant,0,0
3560.5375648573527,203.64054261689716,8.0,26.160624725790456,5.0,1.0,1.0,0.975378907752079,TXN002109,AC91058,CUS48840,M100,DVC_3064,Dubai,POS Debit,Electronics,1,1
36.82278555409712,33328.98678034562,1.0,9.978290611576131,0.0011047944842213732,0.0,0.0,0.14495218665755508,TXN002110,AC29343,CUS37347,M193,DVC_3351,Moscow,POS Debit,Travel,0,0
157.53222639001484,8276.900962672462,2.0,46.04982186035952,0.01903045555876724,1.0,1.0,0.24221461486052123,TXN002111,AC60413,CUS15894,M982,DVC_8364,Chicago,ACH Transfer,Retail,0,0
26.978252538194113,1625.7448711311397,2.0,436.77680890265844,0.016584194004211045,0.0,1.0,0.25469490171064735,TXN002112,AC27924,CUS30525,M551,DVC_2364,Tokyo,POS Debit,Restaurant,0,0
346.8648642810845,231.02154133618922,1.0,33.27964313691302,1.4949683649351,1.0,0.0,0.28580462525433326,TXN002113,AC67049,CUS51732,M111,DVC_2084,Dubai,Online Purchase,Gas Station,0,0
84.21244905459231,6383.247021415028,2.0,508.232685428919,0.013190662700254846,0.0,0.0,0.15424802168550153,TXN002114,AC74407,CUS97448,M777,DVC_1266,New York,Wire Transfer,Travel,0,0
2910.542664665383,1765.8634170813866,4.0,17.172149815769636,1.6472935239517246,1.0,0.0,0.8371113953618404,TXN002115,AC42066,CUS36026,M397,DVC_9151,Sydney,ACH Transfer,Restaurant,1,1
347.9456064290737,406.1417876591259,1.0,62.74055778670099,0.8546054887404153,0.0,0.0,0.10360731853898962,TXN002116,AC97583,CUS96670,M519,DVC_9226,Singapore,ACH Transfer,Travel,0,0
20.723569586319982,1523.750981236696,1.0,2.731369700332197,0.01359144531883593,0.0,0.0,0.36770510970835085,TXN002117,AC73894,CUS34255,M883,DVC_5881,Moscow,ATM Withdrawal,Gas Station,0,0
92.34891690348732,19087.121303975953,1.0,27.45478623170001,0.004838030701546911,0.0,0.0,0.5734552958401723,TXN002118,AC81856,CUS15790,M678,DVC_1067,Chicago,Wire Transfer,Retail,0,0
190.36509490313418,2660.5114326081007,2.0,49.21819203647914,0.07152518398787763,0.0,1.0,0.3350984766703738,TXN002119,AC51573,CUS20476,M266,DVC_1188,Tokyo,ACH Transfer,Gas Station,0,0
197.7652916471242,1574.6970750774378,1.0,34.287796123542755,0.12550971552536835,0.0,0.0,0.12228510114520708,TXN002120,AC90236,CUS75106,M353,DVC_5136,Paris,POS Debit,Gas Station,0,0
745.3472296246632,6337.073560180353,7.0,1.94922118064179,0.117598387356592,1.0,0.0,0.6247116353756909,TXN002121,AC39157,CUS42555,M966,DVC_1682,Lagos,Wire Transfer,Gas Station,1,1
24933.298305836237,64.93144799891742,6.0,5.371099833953473,5.0,0.0,1.0,0.818804246779452,TXN002122,AC89820,CUS29422,M864,DVC_4138,Chicago,Online Purchase,Electronics,1,1
87.4484866036915,11010.267740997415,1.0,105.61266865193954,0.007941727388763895,0.0,0.0,0.2748094058635636,TXN002123,AC63386,CUS65982,M857,DVC_4190,Sydney,ACH Transfer,Restaurant,0,0
41.3001836183003,2400.6593422823034,2.0,92.51149751253303,0.017196520293778477,0.0,0.0,0.13129892731074577,TXN002124,AC83039,CUS67407,M670,DVC_1852,New York,Online Purchase,Travel,0,0
1125.7400055058283,8734.619705794423,4.0,7.261734873734946,0.12886778997019682,0.0,1.0,0.654582013832945,TXN002125,AC62625,CUS36902,M393,DVC_8353,Tokyo,ACH Transfer,Retail,1,1
89.36373098220238,50377.10412620602,2.0,40.5704597870537,0.0017738605398553806,0.0,0.0,0.18609435941832111,TXN002126,AC21489,CUS59201,M243,DVC_8237,London,POS Debit,Travel,0,0
863.9402118150443,34216.29236039003,2.0,64.30595568828332,0.02524864336767752,0.0,0.0,0.3645784386834669,TXN002127,AC93209,CUS55270,M308,DVC_9948,New York,ATM Withdrawal,Electronics,0,0
771.6221156003667,21030.450215702473,4.0,0.39716941261578215,0.03668896379880923,0.0,1.0,0.9030780510830096,TXN002128,AC88395,CUS56716,M325,DVC_2694,Dubai,POS Debit,Retail,1,1
10.881122701966115,6353.836208386198,2.0,16.32327509630684,0.0017122585610635842,0.0,0.0,0.305910644802228,TXN002129,AC21015,CUS48947,M557,DVC_3595,Moscow,Online Purchase,Electronics,0,0
111.85751461597697,35183.5646021234,1.0,29.82555659255213,0.003179164383043874,0.0,0.0,0.1162569821606997,TXN002130,AC94560,CUS60826,M383,DVC_6467,Tokyo,Wire Transfer,Travel,0,0
15.471036780182454,25574.843270254725,2.0,87.44322622821332,0.0006049081790462648,0.0,0.0,0.1590652012364848,TXN002131,AC23096,CUS11591,M702,DVC_2218,New York,Online Purchase,Retail,0,0
200.15840988458606,9153.738308005142,1.0,36.60775287781851,0.021863913871744682,1.0,0.0,0.28546946622040786,TXN002132,AC35562,CUS14344,M585,DVC_6899,New York,ATM Withdrawal,Travel,0,0
92.47691736470976,47581.16461827215,2.0,21.945947058761124,0.0019435206049704906,1.0,0.0,0.2532970014853877,TXN002133,AC89738,CUS92653,M210,DVC_9675,Chicago,ACH Transfer,Restaurant,0,0
97.73654768138327,2019.1427215214908,2.0,71.0201454802473,0.048381011222698174,0.0,0.0,0.15790361685282883,TXN002134,AC76559,CUS15956,M851,DVC_5683,London,ACH Transfer,Electronics,0,0
133.23223289364603,14663.716819815054,2.0,182.12454006943534,0.009085223706033098,0.0,0.0,0.15377936253484237,TXN002135,AC66156,CUS29236,M449,DVC_8447,Sydney,Online Purchase,Restaurant,0,0
161.9438181392939,1516.5909628693835,2.0,75.83749832362778,0.10671111129516665,0.0,0.0,0.20023306292455753,TXN002136,AC35848,CUS26851,M432,DVC_9000,Dubai,Wire Transfer,Restaurant,0,0
1501.6730460271576,20.547382094572445,6.0,32.352365154476594,5.0,0.0,0.0,0.8699193715460272,TXN002137,AC77315,CUS29192,M179,DVC_8759,Lagos,ACH Transfer,Travel,1,1
21.82431295771283,1010.496602171797,2.0,31.71858635221254,0.021576259288319483,0.0,0.0,0.23855875841672267,TXN002138,AC60852,CUS67853,M485,DVC_1281,Singapore,ACH Transfer,Travel,0,0
18.28674977025623,4208.466649836198,2.0,70.16592647143351,0.004344196377222235,0.0,0.0,0.3023558714202172,TXN002139,AC58548,CUS66713,M503,DVC_9821,New York,ATM Withdrawal,Gas Station,0,0
9097.568357065558,2543.478274092043,4.0,60.74605332704098,3.575416009520412,1.0,1.0,0.8847482653502892,TXN002140,AC67151,CUS45541,M815,DVC_3466,New York,ATM Withdrawal,Gas Station,1,1
42.30409659450163,1823.2159336868883,2.0,56.66713891299936,0.023190290038198284,0.0,0.0,0.22860304965729977,TXN002141,AC20426,CUS12857,M849,DVC_5175,Sydney,Wire Transfer,Retail,0,0
62.08747469250332,55226.456258176724,1.0,20.032757025489175,0.0011242139127729776,0.0,0.0,0.08177475008107322,TXN002142,AC22536,CUS29613,M427,DVC_5921,Dubai,ACH Transfer,Travel,0,0
5246.11094754219,863.5079322383973,4.0,48.452519502886624,5.0,1.0,0.0,0.9500388319742167,TXN002143,AC86887,CUS78701,M393,DVC_7556,Singapore,POS Debit,Electronics,1,1
228.04907889821678,18580.665503099943,2.0,60.042058804367464,0.01227280078097261,0.0,0.0,0.08193287901381667,TXN002144,AC74556,CUS97829,M593,DVC_3381,Paris,Online Purchase,Travel,0,0
1733.1753930125628,77.60298388046017,4.0,4.032813399902372,5.0,1.0,0.0,0.8662241407976812,TXN002145,AC79519,CUS87797,M283,DVC_3936,New York,ACH Transfer,Travel,1,1
58.64867358264527,16483.433472952613,1.0,13.227543086378502,0.0035578216066008608,0.0,0.0,0.423450247908148,TXN002146,AC90117,CUS26549,M311,DVC_7906,Singapore,Online Purchase,Restaurant,0,0
623.116755406831,3057.2150670961064,1.0,159.68862169061012,0.20375177733935648,0.0,0.0,0.0504179914070951,TXN002147,AC58030,CUS21633,M350,DVC_8313,Dubai,ACH Transfer,Restaurant,0,0
318.79952674998384,1360.3536903662564,2.0,82.29835623381439,0.23417832485855644,0.0,0.0,0.2248742212479348,TXN002148,AC91306,CUS85103,M838,DVC_7139,Moscow,ATM Withdrawal,Gas Station,0,0
41.13466615858961,121880.3330201483,1.0,116.97888688243611,0.00033749767203308817,0.0,0.0,0.2004906472540216,TXN002149,AC17385,CUS86787,M266,DVC_4449,Sydney,Wire Transfer,Retail,0,0
76561.28108315017,1398.2073409420811,7.0,52.292116973739624,5.0,1.0,0.0,0.7906270703900001,TXN002150,AC66746,CUS49457,M642,DVC_8574,Singapore,POS Debit,Retail,1,1
204.04561372756663,20707.72349257643,1.0,28.196594445194993,0.009853123675185097,0.0,0.0,0.1429723285276021,TXN002151,AC32542,CUS83790,M947,DVC_4001,Dubai,ATM Withdrawal,Travel,0,0
35.3760249543147,4371.057646410644,1.0,4.862545717629747,0.00809139032815763,0.0,0.0,0.11832063790065743,TXN002152,AC30223,CUS75025,M762,DVC_6999,Paris,Wire Transfer,Electronics,0,0
446.9814740311973,140377.93048829943,4.0,7.591262506817962,0.0031841065641147136,1.0,1.0,0.6035782843442811,TXN002153,AC45504,CUS78285,M261,DVC_6074,Tokyo,ATM Withdrawal,Restaurant,1,1
57.643123577425804,93693.61741154212,2.0,7.0595697442942,0.000615223426594886,0.0,0.0,0.14970674933011835,TXN002154,AC62558,CUS63126,M707,DVC_9624,Sydney,Online Purchase,Electronics,0,0
41.4163556470851,6986.480463122211,2.0,47.94596868052983,0.005927223105047374,0.0,0.0,0.37519253148810155,TXN002155,AC94694,CUS74094,M372,DVC_6548,Singapore,ACH Transfer,Restaurant,0,0
333.47641549967295,37956.12712639118,1.0,295.22723249254597,0.008785607361411988,0.0,0.0,0.09156164591806919,TXN002156,AC63784,CUS19734,M974,DVC_5347,Singapore,ATM Withdrawal,Travel,0,0
104.24636621689412,175381.37083603884,1.0,315.38366710250125,0.0005943947827820834,0.0,0.0,0.17562297249344075,TXN002157,AC35067,CUS40421,M635,DVC_7119,Lagos,Wire Transfer,Retail,0,0
9.410077085205913,30887.33164198465,1.0,75.69940077163848,0.0003046482793008918,0.0,0.0,0.01600043933583041,TXN002158,AC20051,CUS79939,M518,DVC_8050,Sydney,ACH Transfer,Travel,0,0
50.91286346962848,68237.96980428869,1.0,108.90189460909848,0.0007460966016287764,0.0,0.0,0.31850466822034607,TXN002159,AC53299,CUS17672,M729,DVC_6942,New York,Online Purchase,Restaurant,0,0
480.4968020609587,6961.003485923735,1.0,16.17963327491748,0.06901702980075501,0.0,0.0,0.05221153903418821,TXN002160,AC35167,CUS50806,M506,DVC_9412,New York,Online Purchase,Retail,0,0
15.261084896603919,12283.813424486245,2.0,111.92463357276542,0.0012422724195538316,0.0,0.0,0.10833264820083398,TXN002161,AC45502,CUS39737,M491,DVC_5655,London,POS Debit,Electronics,0,0
34875.54065949776,1384.4217288551606,5.0,14.993774090349552,5.0,1.0,1.0,0.619153283194892,TXN002162,AC66039,CUS41035,M537,DVC_6177,Moscow,ACH Transfer,Electronics,1,1
26.604001553408295,129.72582348923194,6.0,61.57172134082635,0.20350991749996283,1.0,1.0,0.6579953253951476,TXN002163,AC77028,CUS39425,M186,DVC_4808,Singapore,Online Purchase,Gas Station,1,1
18382.358538271666,2342.7590681009106,8.0,7.114082853211711,5.0,1.0,1.0,0.5655591723031179,TXN002164,AC10682,CUS13455,M504,DVC_8816,Tokyo,ATM Withdrawal,Electronics,1,1
1117.419398602421,37433.51864452642,6.0,14.032454579207002,0.02984997374250483,0.0,1.0,0.7961878763157206,TXN002165,AC35204,CUS21367,M374,DVC_8874,Paris,Online Purchase,Gas Station,1,1
11983.106763724158,1627.2528184242249,9.0,27.55519520663398,5.0,1.0,0.0,0.454899646668906,TXN002166,AC73159,CUS56838,M514,DVC_6837,Singapore,Online Purchase,Retail,1,1
116.85331704825907,2175.120464970225,1.0,11.268733991716509,0.053698000147183,0.0,0.0,0.2833626797753555,TXN002167,AC30866,CUS33887,M661,DVC_1779,Tokyo,Online Purchase,Travel,0,0
1119.0323974902624,5005.498829727633,4.0,50.24504643361321,0.22351596106358038,0.0,1.0,0.7515478964905279,TXN002168,AC56662,CUS29021,M426,DVC_3262,Tokyo,POS Debit,Travel,1,1
128.42490446778075,5332.394173091157,2.0,89.91808695032246,0.02407939490310493,0.0,0.0,0.09535265977117682,TXN002169,AC31131,CUS44792,M211,DVC_8885,London,Wire Transfer,Retail,0,0
142.0582835899513,1547.6536010917446,2.0,356.3003781687805,0.09173018645990644,1.0,0.0,0.10588914790572412,TXN002170,AC61392,CUS12981,M891,DVC_5731,Paris,Online Purchase,Retail,0,0
40.630495239619,41067.70042876199,1.0,86.55494444600612,0.0009893299475131163,0.0,0.0,0.04219662676089372,TXN002171,AC54714,CUS11305,M401,DVC_2039,Singapore,Wire Transfer,Restaurant,0,0
95.17562392354851,39817.28714353096,2.0,19.398976622287556,0.0023902490727557863,0.0,0.0,0.27744957181446145,TXN002172,AC11093,CUS45869,M235,DVC_8955,Lagos,ACH Transfer,Electronics,0,0
62.11236907010004,11604.018630953737,2.0,37.51897952256651,0.0053521989964263805,0.0,0.0,0.08308984810001384,TXN002173,AC89021,CUS17014,M432,DVC_8566,London,Wire Transfer,Electronics,0,0
42.530340135019934,6983.870462798032,1.0,193.94653896781892,0.006088923246542632,0.0,0.0,0.1385152459522873,TXN002174,AC20683,CUS41112,M102,DVC_3280,Sydney,ACH Transfer,Electronics,0,0
193.57428134565262,17018.537679492074,2.0,325.9156037453563,0.01137365097636598,0.0,0.0,0.061916007171532145,TXN002175,AC95692,CUS25391,M261,DVC_2388,London,POS Debit,Gas Station,0,0
181.51747349014457,69.21699656287895,7.0,12.807715262009602,2.585093102459839,0.0,0.0,0.5980554111541865,TXN002176,AC51392,CUS98759,M611,DVC_8081,London,ACH Transfer,Electronics,1,1
203.93490236133425,480.7150524006359,2.0,105.59354775946375,0.4233517332394346,0.0,0.0,0.2189417718106513,TXN002177,AC15334,CUS81220,M176,DVC_8162,Moscow,ACH Transfer,Restaurant,0,0
161.90739826944744,2519.3203349371333,2.0,125.53207296405206,0.06424080146680483,0.0,0.0,0.18538164885234173,TXN002178,AC84046,CUS13974,M284,DVC_9119,Singapore,ATM Withdrawal,Travel,0,0
217.93844848242014,3254.06492137694,1.0,2.3072484504717004,0.06695364109365566,0.0,0.0,0.24813440363068287,TXN002179,AC91181,CUS12966,M985,DVC_4508,Singapore,POS Debit,Travel,0,0
56.254735327844564,807.2414397144071,2.0,0.6406097500459688,0.06960139948741335,0.0,0.0,0.02100426194813684,TXN002180,AC73712,CUS53856,M669,DVC_3118,Chicago,Online Purchase,Gas Station,0,0
5807.4126543782695,23216.422504330236,4.0,12.047850896331951,0.2501316695811148,1.0,1.0,0.89274462564897,TXN002181,AC33900,CUS31427,M579,DVC_2582,London,POS Debit,Restaurant,1,1
51.14956731683836,182.30113058689287,2.0,86.44604944349699,0.2790466548300486,0.0,0.0,0.150450676816584,TXN002182,AC41107,CUS78756,M262,DVC_8892,Paris,ATM Withdrawal,Retail,0,0
41.68836552722017,10084.498333494905,2.0,18.941265739777023,0.004133495852036297,0.0,0.0,0.24797528694744603,TXN002183,AC66660,CUS60251,M120,DVC_4445,Paris,ACH Transfer,Travel,0,0
6225.964834726772,1866.3712023344492,6.0,25.122762980691157,3.3340799231259064,1.0,0.0,0.8243916330909463,TXN002184,AC52822,CUS47845,M676,DVC_9649,Lagos,POS Debit,Restaurant,1,1
353.48967371526965,5678.7251720336835,2.0,45.115060905960405,0.062237108840373534,0.0,0.0,0.22764793228983965,TXN002185,AC34646,CUS71846,M677,DVC_3818,Tokyo,ATM Withdrawal,Retail,0,0
87.19739781522352,2098.531149227026,1.0,41.14679211601185,0.04153184288183891,0.0,0.0,0.09218028056458975,TXN002186,AC64400,CUS62804,M397,DVC_1676,Tokyo,Online Purchase,Gas Station,0,0
5411.133657281312,812.3403927220241,8.0,5.623267502824737,5.0,0.0,0.0,0.7897805870591823,TXN002187,AC75979,CUS90612,M398,DVC_7363,Singapore,ACH Transfer,Electronics,1,1
32755.49074040881,244.2188145562282,5.0,3.6660348037654353,5.0,0.0,1.0,0.7169891670022285,TXN002188,AC58417,CUS80180,M381,DVC_6387,Moscow,POS Debit,Restaurant,1,1
423.14008942816173,2735.3495212263147,1.0,11.294306053357348,0.15463671075123783,0.0,0.0,0.06366329536371386,TXN002189,AC72038,CUS19862,M571,DVC_6749,Paris,POS Debit,Travel,0,0
108.07504494697211,22479.19092831086,2.0,67.18617866243812,0.004807567929099113,0.0,0.0,0.3329005241415281,TXN002190,AC73505,CUS48972,M509,DVC_7336,Dubai,ACH Transfer,Gas Station,0,0
825.5491414329035,77275.30721843756,1.0,54.153907800775585,0.010683082191017709,0.0,0.0,0.21152431345394082,TXN002191,AC81210,CUS84240,M491,DVC_1111,Chicago,POS Debit,Restaurant,0,0
3868.2827419209257,43.60843486882447,4.0,8.630626503092548,5.0,1.0,0.0,0.6633682457860937,TXN002192,AC11869,CUS64149,M786,DVC_4379,Moscow,ACH Transfer,Gas Station,1,1
45.22625913771364,3113.860914714613,2.0,8.82101339028427,0.014519511585273245,0.0,0.0,0.06953533135104933,TXN002193,AC63800,CUS32907,M264,DVC_4873,Dubai,ATM Withdrawal,Retail,0,0
12123.20720995419,402.31388049782265,9.0,67.26819410332592,5.0,1.0,0.0,0.9282251891146183,TXN002194,AC52971,CUS36375,M181,DVC_8507,Tokyo,ACH Transfer,Restaurant,1,1
16.643282536921056,2111.2525143000535,2.0,196.84751341680246,0.007879400035859924,0.0,0.0,0.2199850260508182,TXN002195,AC37497,CUS30342,M757,DVC_4151,Sydney,Online Purchase,Electronics,0,0
116.71677895573514,16232.605649874178,2.0,648.0050926991626,0.007189824705187401,0.0,0.0,0.11178919760693123,TXN002196,AC54311,CUS57502,M815,DVC_8645,New York,ACH Transfer,Retail,0,0
50.678494752913174,28149.580124095486,1.0,156.97715618014857,0.0018002646669982806,0.0,0.0,0.36827108190350255,TXN002197,AC92199,CUS87830,M263,DVC_6606,New York,POS Debit,Electronics,0,0
15374.415781930917,488.2935325263994,5.0,2.203002081974484,5.0,0.0,1.0,0.8641391307001619,TXN002198,AC10770,CUS88752,M203,DVC_2944,Dubai,ACH Transfer,Gas Station,1,1
374.679850051884,18603.15849183336,2.0,183.50347815763192,0.020139575257669226,1.0,1.0,0.26306852629977134,TXN002199,AC97482,CUS30392,M229,DVC_3500,Moscow,ACH Transfer,Electronics,0,0
17.900423713358553,11297.510948987396,2.0,9.959514480412711,0.0015843170656893366,0.0,0.0,0.5065922405754154,TXN002200,AC60105,CUS11976,M695,DVC_9604,Tokyo,ACH Transfer,Retail,0,0
185.93894955329472,391.5483478852182,1.0,5.3240397976486316,0.4736714612480386,0.0,0.0,0.18384448078318497,TXN002201,AC39000,CUS75528,M219,DVC_3651,New York,Online Purchase,Retail,0,0
286.52390184753204,187174.5528798945,2.0,287.6022978660296,0.0015307763083322462,0.0,0.0,0.18079213207286857,TXN002202,AC11559,CUS90826,M358,DVC_9377,Singapore,Online Purchase,Retail,0,0
21.047474154851272,33960.41421031451,1.0,67.77218985923474,0.0006197466932475057,0.0,0.0,0.1623917263719306,TXN002203,AC62598,CUS32854,M203,DVC_4158,Dubai,POS Debit,Gas Station,0,0
396.77003906345413,55588.14787394173,2.0,51.27704462071852,0.007137544902886454,0.0,0.0,0.2074644567744925,TXN002204,AC54327,CUS36033,M463,DVC_8391,Chicago,POS Debit,Travel,0,0
810.0667784213439,181.21917994842678,7.0,54.15132083708269,4.445562638634505,1.0,1.0,0.6987858697688002,TXN002205,AC16982,CUS31877,M645,DVC_5077,London,ACH Transfer,Gas Station,1,1
1532.5713386676475,7095.096876326902,9.0,10.781048287405838,0.2159738466621584,1.0,1.0,0.820744542175589,TXN002206,AC28824,CUS13793,M993,DVC_1050,Sydney,Wire Transfer,Retail,1,1
191.89992678096783,18443.72422746869,1.0,84.81357178135124,0.01040405507907687,0.0,0.0,0.1813804233569645,TXN002207,AC19147,CUS84210,M468,DVC_2169,Singapore,ATM Withdrawal,Gas Station,0,0
248.86386314175374,815.9131254482263,2.0,77.6817653109585,0.30463932502639907,0.0,0.0,0.42061072141664524,TXN002208,AC17078,CUS66282,M977,DVC_8612,Dubai,ACH Transfer,Restaurant,0,0
134.97953771791066,1952.030162126535,1.0,20.677835293184348,0.06911287922503957,0.0,0.0,0.10596384143718475,TXN002209,AC95280,CUS60812,M785,DVC_6403,Dubai,ATM Withdrawal,Restaurant,0,0
2976.5591111449107,2116.0474663004165,6.0,1.8740908559387894,1.4059954528778271,0.0,1.0,0.9674135005865183,TXN002210,AC95409,CUS20730,M425,DVC_9227,New York,Online Purchase,Travel,1,1
242.28577493095716,3856.6406262646387,1.0,142.76013851349552,0.06280672525101515,0.0,0.0,0.20123987878738153,TXN002211,AC75853,CUS84139,M843,DVC_9468,Paris,POS Debit,Gas Station,0,0
112.35783062336925,124345.07741434053,2.0,246.00629639509387,0.0009035896665157794,0.0,0.0,0.3159426892707627,TXN002212,AC47212,CUS79634,M284,DVC_6815,Paris,Wire Transfer,Gas Station,0,0
24.04230340118125,9582.54733814962,2.0,60.99985397769476,0.0025087060722781707,0.0,0.0,0.06893177867376288,TXN002213,AC93994,CUS99019,M493,DVC_8153,London,POS Debit,Restaurant,0,0
61.38314445570116,42022.07192771413,2.0,184.00125810073772,0.0014607010301695507,0.0,0.0,0.1978565992211538,TXN002214,AC55456,CUS46848,M443,DVC_7325,New York,Online Purchase,Retail,0,0
38.01235662903653,6194.146873513899,1.0,75.88049063918629,0.006135828157932897,0.0,0.0,0.5919144989812577,TXN002215,AC73803,CUS96146,M629,DVC_7614,Paris,ACH Transfer,Electronics,0,0
1455.6319977002738,9043.44519569667,1.0,8.334065625507327,0.16094209939962495,0.0,0.0,0.09897891063366845,TXN002216,AC91577,CUS60250,M516,DVC_6931,Paris,Online Purchase,Retail,0,0
2119.3367772575257,701.4055685086008,1.0,12.50582373533664,3.017255090613045,0.0,0.0,0.20428570825818695,TXN002217,AC32062,CUS70893,M330,DVC_1888,Lagos,Wire Transfer,Travel,0,0
69.67687996247109,392.3946931107036,1.0,598.2617189405508,0.17711697992546027,1.0,0.0,0.1904563559776942,TXN002218,AC55423,CUS11973,M234,DVC_1403,Chicago,ACH Transfer,Electronics,0,0
14.636855963301976,1891.9899174380882,1.0,168.75036206806985,0.007732136250947932,0.0,0.0,0.3410193316836707,TXN002219,AC87716,CUS92943,M144,DVC_8976,Chicago,ACH Transfer,Retail,0,0
289.18462921663917,25952.983958889847,1.0,141.7751214817305,0.011142205746705283,0.0,0.0,0.15231492761107696,TXN002220,AC23384,CUS96175,M723,DVC_4985,London,Wire Transfer,Gas Station,0,0
124.0221674075123,675.23797782814,1.0,10.40280881963586,0.18340018081479514,0.0,0.0,0.18086002735575352,TXN002221,AC22128,CUS71199,M591,DVC_7549,Tokyo,POS Debit,Gas Station,0,0
1104.8296796780703,5812.087639426435,2.0,35.526833099912125,0.1900590096362424,0.0,0.0,0.12941200044508694,TXN002222,AC22473,CUS35994,M694,DVC_7146,Paris,ACH Transfer,Restaurant,0,0
61.193314205298144,4712.784291517212,1.0,31.894231164021615,0.01298178075637017,0.0,0.0,0.11548256152716918,TXN002223,AC12366,CUS11055,M521,DVC_6128,Paris,POS Debit,Gas Station,0,0
103.42115770892237,14088.296848561147,2.0,140.36178687439005,0.007340405899637506,0.0,0.0,0.1162780348169624,TXN002224,AC37578,CUS70280,M650,DVC_3587,Sydney,ATM Withdrawal,Gas Station,0,0
51.502350729651816,25137.0956168132,2.0,7.977709331515367,0.002048776944551254,0.0,0.0,0.04238951421406116,TXN002225,AC55649,CUS28914,M865,DVC_1289,London,Wire Transfer,Travel,0,0
2451.061606872095,1651.4215117557771,6.0,6.720045433471925,1.4833149952567033,1.0,1.0,0.8415263247107424,TXN002226,AC25327,CUS74666,M244,DVC_3228,Chicago,ATM Withdrawal,Electronics,1,1
164.18820641620076,14402.434691996377,2.0,199.15425826198984,0.011399239829055217,0.0,0.0,0.12893638687853504,TXN002227,AC77101,CUS24945,M416,DVC_6411,London,ACH Transfer,Retail,0,0
810.5803876332844,2018.1823059098915,2.0,90.04539563553591,0.40143992212135476,0.0,0.0,0.24524577194277938,TXN002228,AC68136,CUS61972,M662,DVC_1647,Paris,Wire Transfer,Retail,0,0
513.5628048829618,6215.731867924506,2.0,9.128003234412134,0.0826097724324755,0.0,0.0,0.08383052475593636,TXN002229,AC46969,CUS17825,M392,DVC_4154,New York,ACH Transfer,Travel,0,0
212.39708783791122,7482.631376851451,2.0,26.601634232212703,0.02838155397323591,0.0,0.0,0.06071216141691782,TXN002230,AC87745,CUS50450,M678,DVC_1265,Paris,Wire Transfer,Electronics,0,0
18.71668778919912,33483.379672666335,2.0,84.42388118576153,0.0005589677327807197,0.0,0.0,0.44327052969206054,TXN002231,AC22929,CUS31275,M635,DVC_4488,Paris,POS Debit,Gas Station,0,0
120.34405024167108,1504.4501936948873,2.0,13.463393982490564,0.07993891179242922,0.0,0.0,0.2557196121581482,TXN002232,AC20444,CUS62161,M733,DVC_3778,Tokyo,Online Purchase,Travel,0,0
89.41467131688898,7176.908465670421,1.0,127.2535263747061,0.012456925543775041,0.0,0.0,0.2579273732999611,TXN002233,AC18756,CUS92721,M565,DVC_5956,Moscow,Online Purchase,Gas Station,0,0
257.96779426271394,9110.78899843106,1.0,54.51338362865495,0.02831143195997327,0.0,0.0,0.1362594935293324,TXN002234,AC13453,CUS63653,M148,DVC_9210,Moscow,Wire Transfer,Retail,0,0
21.870796430662082,57916.13221094765,1.0,97.65138512492098,0.00037762222671874635,0.0,0.0,0.15374824075105697,TXN002235,AC58424,CUS85124,M760,DVC_5466,Paris,ATM Withdrawal,Travel,0,0
27.90908034936389,103.49441718587839,1.0,33.82492820781348,0.2670868080896439,0.0,0.0,0.4175066420710785,TXN002236,AC52262,CUS27693,M558,DVC_8552,Paris,Wire Transfer,Travel,0,0
172.7822672211084,24772.95887475202,1.0,15.756926681359891,0.006974350288326209,0.0,0.0,0.04960585170565748,TXN002237,AC57292,CUS16703,M796,DVC_4827,Tokyo,POS Debit,Travel,0,0
251.55925123601054,4080.7966976592256,2.0,4.69429609470419,0.061629539604525475,0.0,0.0,0.205382986943132,TXN002238,AC36326,CUS26960,M861,DVC_1642,New York,ATM Withdrawal,Retail,0,0
142.93369561063548,278.56905975509943,2.0,82.499727628066,0.5112643571353869,0.0,0.0,0.28259317553250807,TXN002239,AC99537,CUS28578,M524,DVC_1816,Sydney,Wire Transfer,Retail,0,0
56.231113024109916,1230.5784945603898,1.0,15.471075532932772,0.045657758131105994,0.0,0.0,0.24444826048230794,TXN002240,AC43025,CUS46818,M756,DVC_3191,Moscow,Wire Transfer,Restaurant,0,0
293.2973316240237,10690.018260166185,1.0,22.607031727091663,0.027433994076768563,0.0,0.0,0.277240607355301,TXN002241,AC24788,CUS68547,M854,DVC_6926,Sydney,ACH Transfer,Retail,0,0
147.74942212791115,83386.41047057834,2.0,425.7685819044008,0.0017718432709940275,0.0,0.0,0.2178943363423384,TXN002242,AC68939,CUS32013,M976,DVC_3668,London,POS Debit,Retail,0,0
362.94596380030185,12932.247587603004,1.0,43.76078585676426,0.028063018305487245,0.0,0.0,0.07098431029369745,TXN002243,AC65373,CUS59149,M969,DVC_8559,Singapore,POS Debit,Gas Station,0,0
203.62077678357815,23804.409966556785,2.0,48.800454246919905,0.008553550519383467,0.0,1.0,0.3355216287265236,TXN002244,AC11046,CUS15416,M760,DVC_4372,New York,Online Purchase,Retail,0,0
71.2439614214018,2955.052233485772,2.0,26.684384933117194,0.024101049573603456,0.0,0.0,0.22837420285323812,TXN002245,AC16646,CUS56428,M167,DVC_8008,Paris,ACH Transfer,Electronics,0,0
13.914413210947648,4244.212824550454,2.0,120.99457492782011,0.003277671529323412,0.0,0.0,0.04934626848236064,TXN002246,AC61384,CUS51450,M608,DVC_9720,London,ATM Withdrawal,Gas Station,0,0
58.61938785474492,1850.47737305861,1.0,2.385541192873976,0.03166087185710872,0.0,0.0,0.17434501778856654,TXN002247,AC69938,CUS65648,M835,DVC_5062,New York,Online Purchase,Restaurant,0,0
253.37539579413982,10903.891261893252,1.0,120.37993929977863,0.023235022680102368,0.0,0.0,0.48225820278035686,TXN002248,AC63229,CUS80642,M309,DVC_7892,Sydney,POS Debit,Electronics,0,0
61.32471679871526,27265.539763156696,2.0,18.991323211385442,0.002249083210828934,0.0,0.0,0.15350690344995901,TXN002249,AC68984,CUS64117,M803,DVC_7070,Sydney,Wire Transfer,Restaurant,0,0
577.5110011967233,651.4670383282033,4.0,9.574779119777393,0.8851190439849075,1.0,0.0,0.6462748700371947,TXN002250,AC36287,CUS41424,M399,DVC_8502,Moscow,ACH Transfer,Travel,1,1
39.977997390253094,3681.8863176638906,1.0,29.222340435143515,0.010855072337831955,0.0,0.0,0.3622424724716046,TXN002251,AC91968,CUS61633,M223,DVC_9747,Tokyo,POS Debit,Travel,0,0
100.62632278777454,23110.28926984537,1.0,270.5316704817678,0.004353990018162574,0.0,0.0,0.0925636830108928,TXN002252,AC30125,CUS87088,M895,DVC_4892,Sydney,POS Debit,Travel,0,0
32.46578471066809,9321.310985008673,2.0,50.92630043577506,0.003482589752999737,0.0,0.0,0.07957426129889493,TXN002253,AC44836,CUS92659,M391,DVC_3800,Paris,ACH Transfer,Retail,0,0
20.552093727027515,8799.068710376489,1.0,150.26161579379894,0.002335446961089494,0.0,0.0,0.17969621181905412,TXN002254,AC67735,CUS20719,M520,DVC_1930,London,POS Debit,Retail,0,0
47.70979807531561,56160.373615983364,2.0,5.510322741741937,0.0008495126633038324,0.0,0.0,0.12319784212380551,TXN002255,AC81359,CUS54627,M994,DVC_6249,Dubai,Online Purchase,Gas Station,0,0
74.4695652441176,15998.705134155529,2.0,92.5314259859366,0.004654433604850815,1.0,0.0,0.16981410996035545,TXN002256,AC36025,CUS36038,M911,DVC_5193,Singapore,ACH Transfer,Electronics,0,0
357.1424961555849,7100.0928041881025,1.0,344.51905661578485,0.05029401896352466,0.0,0.0,0.20339770471411747,TXN002257,AC42996,CUS41446,M149,DVC_9984,Chicago,POS Debit,Electronics,0,0
192.61681999504012,40429.48919918581,2.0,206.16072091475223,0.004764147647239427,0.0,0.0,0.23003569500370138,TXN002258,AC46020,CUS55019,M980,DVC_5035,Lagos,POS Debit,Travel,0,0
95.23778006709588,1797.079461419103,2.0,79.03177619642099,0.05296639114710266,0.0,0.0,0.04484291366467989,TXN002259,AC30421,CUS97213,M282,DVC_5383,Chicago,ACH Transfer,Travel,0,0
10.781942686222111,80181.41542083256,1.0,61.690096157143806,0.00013446767136701652,0.0,0.0,0.297094279133966,TXN002260,AC34809,CUS71785,M346,DVC_7312,Chicago,Wire Transfer,Retail,0,0
4540.586130131498,11714.34214066047,7.0,14.978191691929974,0.3875760584381461,0.0,1.0,0.9149069048882182,TXN002261,AC67609,CUS19784,M187,DVC_4150,Chicago,ATM Withdrawal,Restaurant,1,1
57.769883706476506,8441.962377759688,1.0,314.67933414739895,0.00684237132912649,0.0,0.0,0.5746747728871562,TXN002262,AC27241,CUS14883,M749,DVC_5358,Tokyo,ACH Transfer,Electronics,0,0
41.23258810213918,832.3387047146329,2.0,347.5066068424641,0.04947878679925086,0.0,0.0,0.010419790563756522,TXN002263,AC57417,CUS38328,M649,DVC_9903,Paris,Wire Transfer,Electronics,0,0
757.5997687471689,122.48825295777527,6.0,14.234096160086878,5.0,1.0,0.0,0.6418590689687348,TXN002264,AC19068,CUS79358,M660,DVC_7866,London,POS Debit,Restaurant,1,1
83.50347489672706,10840.86333647827,2.0,69.91024023406659,0.007701948669263639,0.0,0.0,0.18044356878692194,TXN002265,AC74729,CUS83290,M171,DVC_3577,Sydney,Online Purchase,Electronics,0,0
39.584760529865456,798.3874292810693,1.0,94.37139177141023,0.04951886792298709,0.0,0.0,0.19829556049134892,TXN002266,AC36834,CUS94762,M869,DVC_5880,New York,POS Debit,Electronics,0,0
138.2888802622958,485.4959476483325,1.0,50.40243629223589,0.2842549479204687,0.0,0.0,0.13051753679297765,TXN002267,AC79730,CUS16565,M655,DVC_5305,Paris,POS Debit,Retail,0,0
39.4178825746005,21180.037773647906,2.0,71.76122776547072,0.0018609986439683192,0.0,0.0,0.1446849524251108,TXN002268,AC89235,CUS40172,M390,DVC_5050,Singapore,Wire Transfer,Electronics,0,0
506.8122698233458,151734.67362462537,2.0,132.82591035076246,0.0033400996464228606,0.0,0.0,0.24341683152131388,TXN002269,AC61544,CUS31360,M603,DVC_4148,Tokyo,ACH Transfer,Travel,0,0
3831.950842646349,7490.362411459028,4.0,20.927769936527568,0.5115158808476378,1.0,1.0,0.8478770135581193,TXN002270,AC78860,CUS96233,M727,DVC_7154,Tokyo,ATM Withdrawal,Travel,1,1
19.84202735350942,7193.386659490833,1.0,42.37193323854409,0.002757987343831989,0.0,0.0,0.17374041162304923,TXN002271,AC53911,CUS77736,M760,DVC_9060,New York,ATM Withdrawal,Gas Station,0,0
95.36407507511117,11182.102351206397,1.0,231.3661465810711,0.008527515181404346,0.0,0.0,0.20129199756444247,TXN002272,AC71963,CUS40477,M412,DVC_6126,Dubai,ACH Transfer,Retail,0,0
313.22887235341744,29291.531337106004,1.0,9.427340871580155,0.010693130912746967,1.0,0.0,0.2205965229161096,TXN002273,AC49029,CUS89908,M958,DVC_2946,Chicago,ACH Transfer,Retail,0,0
13.454540218728779,17308.41935782607,1.0,114.13939679700886,0.000777295872298894,0.0,0.0,0.07517988489041431,TXN002274,AC96871,CUS18881,M890,DVC_2572,Tokyo,Online Purchase,Travel,0,0
64.190708279173,7642.428674169578,1.0,176.57615439138246,0.00839815624839948,0.0,0.0,0.17065100507794542,TXN002275,AC36832,CUS58297,M387,DVC_1199,Sydney,ACH Transfer,Retail,0,0
37.94686720822866,12030.866359949878,1.0,25.849193449468455,0.0031538637542169925,1.0,0.0,0.12746339782665678,TXN002276,AC11432,CUS81626,M829,DVC_3377,Sydney,Online Purchase,Retail,0,0
824.8620378838921,30130.246486972857,4.0,14.976943822738722,0.027375636060742406,0.0,0.0,0.8479361169185672,TXN002277,AC10480,CUS90181,M607,DVC_5068,London,ACH Transfer,Gas Station,1,1
62.20567070207468,13669.094393502912,2.0,11.07048970632834,0.00455049313570502,0.0,0.0,0.1674592428465427,TXN002278,AC78506,CUS60812,M170,DVC_9281,Sydney,Online Purchase,Restaurant,0,0
323.7623074261144,55019.782377277894,2.0,79.9553071547116,0.0058843639337236965,0.0,0.0,0.18425657912688334,TXN002279,AC44433,CUS79498,M260,DVC_1590,Tokyo,ACH Transfer,Electronics,0,0
36.19933708646879,3901.8091852555476,2.0,53.08910484741203,0.00927520034113544,0.0,0.0,0.19692729599401404,TXN002280,AC62406,CUS52362,M884,DVC_7198,Sydney,ACH Transfer,Gas Station,0,0
679.0625402675203,10079.730414277223,1.0,16.839965444307254,0.06736243430394406,0.0,0.0,0.3494076603758377,TXN002281,AC24265,CUS64189,M226,DVC_7031,Sydney,ATM Withdrawal,Restaurant,0,0
164.23741015552176,7028.746439744193,1.0,14.596792899494663,0.023363205424731966,0.0,0.0,0.2701316268752365,TXN002282,AC84144,CUS82419,M555,DVC_6340,Singapore,POS Debit,Electronics,0,0
113.62550438025902,263039.919029971,2.0,8.17960709037862,0.00043196893015459877,0.0,0.0,0.1425529426726829,TXN002283,AC82786,CUS50080,M781,DVC_9283,Paris,POS Debit,Travel,0,0
43.793776625594134,2698.75720428319,2.0,112.68545345698514,0.016221375965258987,0.0,0.0,0.05999524647903479,TXN002284,AC10944,CUS25848,M628,DVC_9131,Singapore,Online Purchase,Restaurant,0,0
53.44240473935893,1942.1005594421822,1.0,137.88876111469995,0.027503674207525815,0.0,0.0,0.059627813867384374,TXN002285,AC44820,CUS13252,M403,DVC_1589,Moscow,Wire Transfer,Electronics,0,0
1168.0408055841049,347.7774485673992,6.0,6.335963248873503,3.348957366314319,1.0,0.0,0.7345175292752214,TXN002286,AC20542,CUS23992,M589,DVC_4638,Chicago,ATM Withdrawal,Gas Station,1,1
53.78027131007606,4066.4059998060748,1.0,86.13458449746253,0.013222253031204702,0.0,0.0,0.4000723075659778,TXN002287,AC68323,CUS29714,M338,DVC_4314,Paris,ACH Transfer,Electronics,0,0
117.0943936898556,15902.170196630163,1.0,60.30128872121627,0.0073629592239833775,0.0,0.0,0.062286213569473156,TXN002288,AC83239,CUS16977,M275,DVC_1785,London,ATM Withdrawal,Retail,0,0
54.33050456610176,1975.2810065279473,2.0,178.72019865651512,0.02749128508883104,0.0,1.0,0.04289316905536471,TXN002289,AC69998,CUS69693,M309,DVC_9075,Singapore,Wire Transfer,Electronics,0,0
46.70117245729056,4918.256581950131,1.0,122.9339716074982,0.009493542709003586,0.0,0.0,0.30506308584938446,TXN002290,AC86739,CUS22775,M668,DVC_5045,Lagos,ATM Withdrawal,Travel,0,0
36.43451729952033,5699.131906185876,2.0,14.832942884378676,0.006391872661750336,0.0,1.0,0.21011977420397218,TXN002291,AC53743,CUS22935,M458,DVC_4784,Chicago,Wire Transfer,Gas Station,0,0
2469.0581637775836,23012.567498047672,1.0,12.634179163267964,0.10728706724791987,0.0,0.0,0.41034949535997617,TXN002292,AC39922,CUS61096,M288,DVC_2177,Chicago,Wire Transfer,Restaurant,0,0
240.94739157387073,68036.32398058836,1.0,203.1601938815935,0.0035414001826793644,0.0,0.0,0.19895457047131468,TXN002293,AC23965,CUS57566,M608,DVC_2277,Paris,Wire Transfer,Electronics,0,0
25.4292814793364,7394.516878779652,1.0,48.63932740455409,0.0034384725092443482,0.0,0.0,0.10668391544921658,TXN002294,AC30387,CUS64621,M655,DVC_3965,Singapore,Wire Transfer,Gas Station,0,0
572.7973235610293,4493.65133153831,2.0,354.16635988258065,0.12743976813992097,0.0,0.0,0.24800642328440411,TXN002295,AC44354,CUS34878,M733,DVC_9493,Dubai,Wire Transfer,Travel,0,0
31.70277772600469,753.4159120217541,2.0,103.5513386918457,0.042022944135741556,0.0,0.0,0.1449979622471159,TXN002296,AC59541,CUS72616,M920,DVC_3344,Moscow,ACH Transfer,Restaurant,0,0
62258.14927405934,274.0580637330458,9.0,92.30061123417114,5.0,0.0,1.0,0.5505678378856217,TXN002297,AC13728,CUS71640,M132,DVC_8658,Tokyo,ATM Withdrawal,Electronics,1,1
33.72236745503763,99072.21312690279,1.0,44.329700628976184,0.0003403782555416132,0.0,0.0,0.19020968371194058,TXN002298,AC68193,CUS78182,M600,DVC_6163,Lagos,POS Debit,Travel,0,0
334.6314651260804,8532.703389731494,2.0,81.32393755578052,0.03921292431240797,0.0,0.0,0.14322507093892728,TXN002299,AC99927,CUS13110,M411,DVC_4215,Singapore,POS Debit,Retail,0,0
5.723513449433334,18584.505494674115,2.0,25.879684562578174,0.00030795575891511104,0.0,0.0,0.2834338430534266,TXN002300,AC35394,CUS42255,M639,DVC_9187,London,ACH Transfer,Gas Station,0,0
20.233995138716516,8527.411334206785,2.0,199.47945521511684,0.002372539778605607,0.0,0.0,0.018529430048733274,TXN002301,AC87835,CUS15367,M250,DVC_1061,Singapore,Online Purchase,Gas Station,0,0
13.182830007001137,6969.413954892509,2.0,40.32476839041793,0.0018912549659619792,0.0,0.0,0.08630444571670629,TXN002302,AC16480,CUS40073,M674,DVC_1857,Paris,Wire Transfer,Electronics,0,0
137501.8379380526,1170.5323982557727,4.0,2.570509113259389,5.0,1.0,0.0,0.9447306089895982,TXN002303,AC61806,CUS69083,M618,DVC_9729,Lagos,ATM Withdrawal,Travel,1,1
2414.1077919239024,60439.44409369479,4.0,14.732213154616446,0.03994192676978932,0.0,0.0,0.7957726609885959,TXN002304,AC57232,CUS58845,M210,DVC_2340,Tokyo,Wire Transfer,Restaurant,1,1
9124.218159751119,335.7257566365229,4.0,7.66411308026274,5.0,1.0,0.0,0.7488508587571545,TXN002305,AC79642,CUS36758,M741,DVC_6554,Moscow,Wire Transfer,Restaurant,1,1
41.19725910026171,28066.85257287288,2.0,154.66629643343265,0.0014677738167998714,0.0,0.0,0.09541456351496824,TXN002306,AC94239,CUS38630,M231,DVC_6015,London,POS Debit,Restaurant,0,0
566.8645813222282,48516.99455655031,1.0,371.16874288517937,0.011683594643663957,0.0,0.0,0.07116570020459002,TXN002307,AC86656,CUS80581,M619,DVC_1974,London,Wire Transfer,Restaurant,0,0
78.12559840495892,12319.045486301498,2.0,59.32855586213341,0.0063413400942249586,0.0,0.0,0.11922488085829229,TXN002308,AC48920,CUS61794,M993,DVC_5637,Chicago,ATM Withdrawal,Electronics,0,0
227.24720932360182,103113.36744243334,1.0,206.83224245642478,0.0022038365259862483,0.0,0.0,0.2281460705731246,TXN002309,AC94854,CUS32740,M404,DVC_4652,Paris,ATM Withdrawal,Electronics,0,0
137.24091004964367,28552.38635333919,2.0,152.52905189105508,0.004806467028160181,0.0,0.0,0.08423740685460422,TXN002310,AC78041,CUS76322,M128,DVC_4303,Paris,POS Debit,Gas Station,0,0
2755.1882118108324,12134.895491851083,8.0,23.995625841985998,0.22702801071918136,1.0,0.0,0.8310763111722639,TXN002311,AC98999,CUS29630,M949,DVC_2711,New York,ACH Transfer,Travel,1,1
49.28081862406224,1082.2617867950787,2.0,84.7600490614545,0.04549299091391722,0.0,0.0,0.16900408402393222,TXN002312,AC90322,CUS71610,M922,DVC_1789,New York,POS Debit,Retail,0,0
183.28317093568182,14320.673514999224,2.0,49.67471312354072,0.012797608515773497,0.0,0.0,0.19645926186839813,TXN002313,AC83334,CUS48540,M450,DVC_1580,Sydney,POS Debit,Electronics,0,0
350.9080124197201,11326.566395784226,1.0,44.12052226355592,0.030978234879322122,0.0,0.0,0.4484876496655583,TXN002314,AC74918,CUS86195,M617,DVC_9543,Lagos,Wire Transfer,Restaurant,0,0
302.4090306775493,7720.072880285841,2.0,34.002561204712904,0.03916671107323544,1.0,0.0,0.1348776746288096,TXN002315,AC34253,CUS95528,M591,DVC_3302,Tokyo,Online Purchase,Retail,0,0
1164.026098681285,13394.333771336522,2.0,83.25092155027053,0.0868978794072366,0.0,0.0,0.037178138199147934,TXN002316,AC19003,CUS31600,M507,DVC_2073,Paris,ACH Transfer,Gas Station,0,0
26.263539346807132,2087.865571357112,2.0,62.78934475382326,0.012573111313115287,0.0,0.0,0.07338376362774987,TXN002317,AC91975,CUS57927,M607,DVC_6373,Singapore,ACH Transfer,Restaurant,0,0
16.805713391424263,3446.9691188961906,1.0,253.63858815478363,0.004874090460765011,0.0,0.0,0.23755761790710622,TXN002318,AC84435,CUS61220,M723,DVC_8561,Singapore,ACH Transfer,Travel,0,0
961.7415786630792,424.92714008114496,9.0,9.596478197182233,2.2579955305967454,0.0,1.0,0.8139879491307899,TXN002319,AC24714,CUS45105,M204,DVC_2882,Singapore,Wire Transfer,Retail,1,1
1373.1071305784003,12495.02062886821,1.0,118.42438350104354,0.1098835518409964,0.0,0.0,0.15975428194493202,TXN002320,AC25861,CUS37245,M818,DVC_5345,New York,POS Debit,Gas Station,0,0
935.3369279357739,1818.3713239190356,6.0,20.706858280592733,0.5140989723422714,1.0,0.0,0.8763038417972668,TXN002321,AC96038,CUS11816,M651,DVC_2260,Singapore,Wire Transfer,Electronics,1,1
136.4290443796951,5837.279240842214,2.0,124.82574262078256,0.023368023136901936,0.0,0.0,0.013536983676955843,TXN002322,AC13316,CUS20346,M879,DVC_8047,London,ATM Withdrawal,Travel,0,0
3317.9228712751665,1619.0904111718162,9.0,21.627185141419723,2.0479862410118845,1.0,0.0,0.9047310240383292,TXN002323,AC88595,CUS77338,M419,DVC_1231,Tokyo,Online Purchase,Restaurant,1,1
61.14300330013482,9601.846335513597,2.0,46.754030082681275,0.0063671750191413076,0.0,0.0,0.1583162755478475,TXN002324,AC46257,CUS77346,M145,DVC_5729,Chicago,Online Purchase,Retail,0,0
45.6244028900969,20136.228605473898,1.0,423.48925875749,0.0022656743777390914,0.0,0.0,0.14855428936938084,TXN002325,AC30710,CUS53952,M340,DVC_4536,Chicago,Wire Transfer,Gas Station,0,0
132.8075068956989,2050.239976068532,1.0,29.085865057196852,0.06474498763925308,0.0,0.0,0.33782684527824897,TXN002326,AC64433,CUS31100,M369,DVC_4492,Moscow,POS Debit,Retail,0,0
233.40289365209117,3427.8096538345585,7.0,4.4912689447029495,0.06807111423962205,0.0,0.0,0.8602765038883985,TXN002327,AC90737,CUS53790,M766,DVC_6119,Paris,ACH Transfer,Travel,1,1
140.1072177602815,13464.734865761777,2.0,0.8173582170462855,0.010404721254130783,0.0,0.0,0.055884810129919395,TXN002328,AC27577,CUS76263,M727,DVC_2302,New York,ATM Withdrawal,Electronics,0,0
84.20871293287412,59201.07451586975,2.0,84.03755306665215,0.0014223946309567426,0.0,0.0,0.3202915967893597,TXN002329,AC80530,CUS22626,M136,DVC_5314,London,ATM Withdrawal,Electronics,0,0
3316.038798664674,114.62158395793989,8.0,42.93846345538674,5.0,1.0,1.0,0.6813782316986466,TXN002330,AC17506,CUS47645,M304,DVC_9888,London,Online Purchase,Travel,1,1
401.53802289086076,1207.1340255780458,2.0,359.9958405179825,0.33236215054761015,0.0,0.0,0.19418366643881227,TXN002331,AC67121,CUS86624,M860,DVC_1306,Lagos,POS Debit,Restaurant,0,0
183.77371849327935,11344.740065806669,1.0,14.996301659115892,0.016197596404233613,0.0,0.0,0.15509410429247755,TXN002332,AC77033,CUS22039,M585,DVC_9505,Lagos,ACH Transfer,Retail,0,0
116.38602791013476,7598.946726355062,1.0,245.56461623342545,0.015314058387611034,0.0,0.0,0.04763771954291084,TXN002333,AC19442,CUS79708,M209,DVC_4474,Moscow,Online Purchase,Restaurant,0,0
45.068678676280975,2868.729437712228,1.0,40.9625458182077,0.015704852897982638,0.0,0.0,0.29466398221948037,TXN002334,AC68216,CUS78188,M585,DVC_6848,Tokyo,POS Debit,Gas Station,0,0
8.649440532886132,13019.896100965681,1.0,269.4306775073814,0.0006642738307576739,0.0,0.0,0.22833285681746968,TXN002335,AC12410,CUS87678,M417,DVC_8655,Dubai,ACH Transfer,Restaurant,0,0
290.1033259028777,14509.568304423387,1.0,99.69645473356464,0.019992554379447903,0.0,0.0,0.029984815649192982,TXN002336,AC36154,CUS91546,M934,DVC_2402,Sydney,Wire Transfer,Travel,0,0
203.04962015569126,43987.922032219845,2.0,148.63178793850886,0.0046159262554096425,0.0,0.0,0.331704556479725,TXN002337,AC84202,CUS39263,M691,DVC_5376,Tokyo,POS Debit,Electronics,0,0
51.09475045204219,14982.590818300707,2.0,97.65306852334791,0.0034100471023031354,0.0,0.0,0.36324930077375706,TXN002338,AC31515,CUS73537,M175,DVC_9226,Singapore,ATM Withdrawal,Travel,0,0
447.60593086259644,4850.3030537551995,7.0,16.077572844338547,0.09226509370840534,1.0,1.0,0.9665705813942661,TXN002339,AC62718,CUS68710,M881,DVC_3117,Singapore,POS Debit,Travel,1,1
21.647325150055263,1033.5045925292811,1.0,66.30043161804154,0.02092530599320906,0.0,0.0,0.24906491788567933,TXN002340,AC73446,CUS84059,M709,DVC_9551,Sydney,POS Debit,Retail,0,0
764.5918308160464,231.02702649237906,9.0,26.242070242396338,3.2952705655655996,0.0,1.0,0.7898609157537894,TXN002341,AC95968,CUS88999,M597,DVC_6809,Sydney,POS Debit,Travel,1,1
18781.37116393762,22.555422596112287,6.0,21.234747586090354,5.0,1.0,1.0,0.6243931764039394,TXN002342,AC49695,CUS35533,M578,DVC_7030,Paris,ACH Transfer,Gas Station,1,1
19636.914094993936,1242.2593286239546,9.0,10.8252850893468,5.0,1.0,0.0,0.6631219554930883,TXN002343,AC25421,CUS20560,M488,DVC_1407,Chicago,ACH Transfer,Retail,1,1
32.1821172155375,14526.629967579454,2.0,54.92683916429443,0.002215235195786005,0.0,0.0,0.17572389412558623,TXN002344,AC31008,CUS97129,M687,DVC_6680,New York,Wire Transfer,Retail,0,0
12.941345581551333,4526.188256205665,2.0,9.257719995188555,0.0028585834847516937,0.0,0.0,0.22328162706557617,TXN002345,AC98601,CUS61088,M893,DVC_5675,Singapore,Wire Transfer,Restaurant,0,0
151.95560466454657,39971.08038914872,1.0,26.94782876067917,0.0038015435570323275,0.0,0.0,0.15021638008135454,TXN002346,AC48785,CUS43508,M692,DVC_6503,Paris,ACH Transfer,Travel,0,0
220.85189253768365,6898.800613071151,1.0,70.20925896663621,0.032008445594688115,0.0,0.0,0.05620553092710101,TXN002347,AC65952,CUS19498,M463,DVC_7224,Dubai,ACH Transfer,Restaurant,0,0
65.92319672040952,3361.703423108719,1.0,23.587595952580692,0.019604225655875857,1.0,0.0,0.23122968488837253,TXN002348,AC73552,CUS46184,M408,DVC_8605,Dubai,Online Purchase,Restaurant,0,0
27692.224232455636,12524.965948775742,9.0,18.005891579990745,2.210785527096392,1.0,0.0,0.7089808632171982,TXN002349,AC17005,CUS77293,M162,DVC_3092,New York,POS Debit,Retail,1,1
50.40932839941437,244911.4708287241,2.0,60.451044374555615,0.00020582589456895147,1.0,0.0,0.44000968120602574,TXN002350,AC63737,CUS44024,M366,DVC_8526,Moscow,POS Debit,Restaurant,0,0
41.185225302327126,12925.572729619953,2.0,14.370045889969767,0.0031860900923842937,0.0,0.0,0.09546367949127178,TXN002351,AC41811,CUS91688,M132,DVC_1136,Chicago,ATM Withdrawal,Restaurant,0,0
44.26146054983974,8398.887746450517,1.0,157.42216140746865,0.005269291910304754,0.0,0.0,0.10888332791045582,TXN002352,AC84722,CUS93295,M908,DVC_2484,Dubai,ACH Transfer,Retail,0,0
517.3226382755429,25273.570148170158,6.0,18.349118868202744,0.020468108270201235,0.0,0.0,0.8845998066903487,TXN002353,AC59920,CUS37961,M139,DVC_4376,New York,ACH Transfer,Retail,1,1
19.90371841504208,1282.0614936544357,1.0,151.08037014645205,0.015512676916483557,0.0,0.0,0.13336870969691839,TXN002354,AC35120,CUS89828,M785,DVC_7372,Chicago,Wire Transfer,Electronics,0,0
2061.8884895256706,1677.6737252749174,4.0,45.842437592770594,1.2282842451638385,1.0,0.0,0.8097427614800532,TXN002355,AC80610,CUS90251,M359,DVC_7326,Moscow,Wire Transfer,Travel,1,1
191.627735105441,59480.27234342572,1.0,146.69578887744902,0.0032216482189393013,0.0,0.0,0.06300851286713265,TXN002356,AC19123,CUS34832,M835,DVC_1466,Paris,POS Debit,Electronics,0,0
355.13743373837775,10934.909430878928,2.0,26.281535093649918,0.03247443077167429,0.0,0.0,0.12236632270081202,TXN002357,AC34666,CUS49308,M834,DVC_5933,Paris,POS Debit,Retail,0,0
71.92575715701123,6908.407977363877,2.0,127.83866428119393,0.010409829234668065,0.0,0.0,0.11376090077274537,TXN002358,AC96253,CUS29220,M366,DVC_1974,London,ACH Transfer,Gas Station,0,0
88.03938197465192,10856.697786695091,1.0,47.453796342312025,0.008108476005155942,0.0,0.0,0.25614830771542013,TXN002359,AC57565,CUS28688,M766,DVC_6187,New York,POS Debit,Restaurant,0,0
689.5286036680859,813.3120363968452,9.0,4.79172862045763,0.8467621413519822,1.0,0.0,0.8355287399006275,TXN002360,AC29352,CUS90854,M875,DVC_8012,Lagos,ACH Transfer,Restaurant,1,1
388.58588828354516,2339.5306014353664,2.0,290.31543948863504,0.16602469886325727,0.0,0.0,0.18705276846454644,TXN002361,AC41626,CUS38874,M760,DVC_8472,Paris,ATM Withdrawal,Retail,0,0
138.17694663620685,106837.77690570927,2.0,72.58263888563064,0.00129332205626198,0.0,0.0,0.3468591858594237,TXN002362,AC12659,CUS99500,M324,DVC_3651,Singapore,ATM Withdrawal,Restaurant,0,0
130.3990827208832,3688.615227129542,1.0,23.243173691892633,0.03534219009127721,0.0,0.0,0.05785261321914943,TXN002363,AC10633,CUS47551,M482,DVC_2799,Moscow,Online Purchase,Electronics,0,0
108.25289683604258,11124.726677513137,2.0,1.541712562034689,0.009729961913844145,0.0,0.0,0.16499597773806293,TXN002364,AC25716,CUS38753,M597,DVC_2015,Singapore,Wire Transfer,Restaurant,0,0
1618.4259570433658,1638.0915820443272,4.0,41.11743112858279,0.9873920254198447,1.0,1.0,0.8925732384641918,TXN002365,AC27632,CUS85197,M738,DVC_7238,Moscow,Online Purchase,Gas Station,1,1
113.34757012333552,48414.82007155294,1.0,177.42588862871108,0.0023411267217166003,0.0,0.0,0.35213739294876617,TXN002366,AC27366,CUS11048,M104,DVC_9876,Moscow,ATM Withdrawal,Travel,0,0
117.74785803749249,9911.438229161615,1.0,58.327907491848,0.011878798668433317,0.0,0.0,0.280549243355788,TXN002367,AC45278,CUS74417,M545,DVC_9560,Sydney,POS Debit,Electronics,0,0
283.2602964312813,982.1828432261509,2.0,158.11877182744385,0.2881054102834115,0.0,0.0,0.037717603179626205,TXN002368,AC95770,CUS55073,M387,DVC_7422,Tokyo,Wire Transfer,Travel,0,0
11.811131619121777,193.93226912466713,2.0,255.08397175462662,0.060590951268145746,1.0,0.0,0.28174670330689605,TXN002369,AC30377,CUS87296,M956,DVC_7047,New York,Wire Transfer,Travel,0,0
169.99431809112852,21178.031911263934,2.0,63.69325721900915,0.008026538644607175,1.0,0.0,0.08394245262631385,TXN002370,AC77152,CUS97835,M157,DVC_7549,Lagos,Online Purchase,Gas Station,0,0
14.430871917309696,5289.20391880976,2.0,53.46882247213797,0.0027278479504352434,0.0,0.0,0.19480644213093337,TXN002371,AC66173,CUS89619,M171,DVC_7589,Sydney,Wire Transfer,Gas Station,0,0
125.5686129048038,1589.092101563791,1.0,81.99691671817742,0.07896939603769629,0.0,0.0,0.424388205634155,TXN002372,AC18616,CUS41606,M766,DVC_7216,London,ATM Withdrawal,Gas Station,0,0
107.34590997799106,1962.0393187966588,2.0,157.34895179726735,0.05468352515923827,0.0,0.0,0.08958024890214546,TXN002373,AC19622,CUS33667,M893,DVC_2344,Sydney,POS Debit,Gas Station,0,0
86.22919014059586,2492.448777686076,2.0,82.29176986695529,0.03458229858670555,0.0,0.0,0.23809594133897652,TXN002374,AC93555,CUS25508,M779,DVC_5117,Moscow,Online Purchase,Electronics,0,0
4936.595555678928,687.2317725463164,7.0,2.2002725479468723,5.0,0.0,0.0,0.9148122730104772,TXN002375,AC55160,CUS22308,M640,DVC_9370,Singapore,POS Debit,Gas Station,1,1
40952.41857164262,28536.05622429143,6.0,39.60867151376162,1.4350610746171826,1.0,1.0,0.5550727740273239,TXN002376,AC49163,CUS74484,M181,DVC_8539,Tokyo,Online Purchase,Electronics,1,1
27.688443604657827,2853.945449643728,2.0,68.88959250442088,0.009698414240493843,0.0,0.0,0.08690655757909081,TXN002377,AC92097,CUS52131,M874,DVC_8864,Lagos,ACH Transfer,Restaurant,0,0
457.9524833399579,137520.9414587553,1.0,262.51554245983556,0.003330032127835427,0.0,0.0,0.1316785555170602,TXN002378,AC89112,CUS20877,M717,DVC_2479,Tokyo,Wire Transfer,Travel,0,0
50.032493731352936,320.9947227893233,1.0,65.49772578532941,0.1553829618632865,0.0,0.0,0.11248245505778469,TXN002379,AC80787,CUS12984,M376,DVC_6348,Tokyo,ACH Transfer,Restaurant,0,0
50.16540888083759,701.343186564224,1.0,350.8417542719605,0.0714257785089944,0.0,0.0,0.2892061632297915,TXN002380,AC56278,CUS18927,M963,DVC_4066,Lagos,Wire Transfer,Restaurant,0,0
2548.6698376929276,120.25745266394412,7.0,20.229224632877663,5.0,0.0,1.0,0.9398683870056475,TXN002381,AC33419,CUS18824,M621,DVC_8091,New York,ACH Transfer,Retail,1,1
105.30792660876432,20711.541835694876,1.0,146.0618261788324,0.005084258969475312,0.0,0.0,0.18853251147329758,TXN002382,AC37577,CUS41359,M673,DVC_5626,Chicago,POS Debit,Restaurant,0,0
53.10774264123833,1384.2845281000039,2.0,70.29183439862754,0.03833706474299443,0.0,0.0,0.16255306294469662,TXN002383,AC90133,CUS39117,M835,DVC_3472,Chicago,ATM Withdrawal,Restaurant,0,0
14.537856507635013,3020.712981885228,2.0,220.24229884938157,0.004811130836974773,0.0,0.0,0.1981156164246973,TXN002384,AC45557,CUS84014,M235,DVC_1958,Chicago,Online Purchase,Retail,0,0
50.277805772518334,16089.474942574365,2.0,28.720387299016974,0.0031246937055590873,0.0,0.0,0.3284855735693625,TXN002385,AC32645,CUS55923,M835,DVC_2488,Tokyo,Wire Transfer,Restaurant,0,0
41.38629689794541,107940.97386938453,1.0,159.82463607151988,0.00038341245221275094,1.0,0.0,0.025292894556817144,TXN002386,AC54516,CUS81630,M213,DVC_5767,Paris,Online Purchase,Retail,0,0
6.332947112516436,6109.54754195549,1.0,201.31454237660537,0.0010363960134560665,0.0,0.0,0.11750548587754617,TXN002387,AC25306,CUS81468,M871,DVC_2933,London,ATM Withdrawal,Electronics,0,0
13.902959367442046,35126.92904396959,2.0,39.742511689133394,0.000395780785996229,0.0,0.0,0.4693562125703892,TXN002388,AC37968,CUS90238,M256,DVC_6727,London,ACH Transfer,Travel,0,0
734.7219231859244,4346.731003588617,1.0,23.992495451211347,0.16898973799885159,0.0,0.0,0.10110232189491634,TXN002389,AC88131,CUS53228,M495,DVC_6149,London,POS Debit,Gas Station,0,0
12.154495621465415,61043.29431672031,1.0,37.87623478325213,0.00019910944597710328,0.0,0.0,0.10819153493557043,TXN002390,AC35065,CUS22593,M328,DVC_6752,Sydney,Online Purchase,Restaurant,0,0
87.20948445179425,2518.3542479171574,1.0,386.30074673587876,0.03461580860408715,0.0,0.0,0.2990432647034467,TXN002391,AC35920,CUS10178,M711,DVC_8156,Paris,ACH Transfer,Electronics,0,0
129.30193873945194,15402.411571838833,1.0,47.8793617244193,0.008394370178087508,0.0,0.0,0.1366970069662702,TXN002392,AC42636,CUS11911,M354,DVC_5974,Singapore,Wire Transfer,Travel,0,0
20017.31716524151,673.9490367292257,7.0,17.632906058509388,5.0,0.0,1.0,0.6206586159910009,TXN002393,AC90608,CUS60651,M278,DVC_8090,Moscow,Online Purchase,Electronics,1,1
71.91083019712306,23180.134474225797,1.0,108.05319948417817,0.003102127304299016,0.0,1.0,0.04899195427987578,TXN002394,AC46359,CUS69341,M886,DVC_4937,Sydney,Online Purchase,Retail,0,0
83102.49310085026,26.595895314558348,8.0,10.52766309672673,5.0,1.0,0.0,0.44386230176302555,TXN002395,AC48413,CUS80048,M328,DVC_4261,Sydney,Wire Transfer,Electronics,1,1
174.3167159226943,44948.47502386405,6.0,16.34247667426126,0.003878058994685658,1.0,1.0,0.8180959830956632,TXN002396,AC79655,CUS94595,M466,DVC_7846,Sydney,ATM Withdrawal,Restaurant,1,1
9.939866125080705,336982.0268147514,1.0,301.65345502907405,2.9496637320386217e-05,0.0,0.0,0.21045829252420623,TXN002397,AC80847,CUS61322,M130,DVC_7797,Chicago,ACH Transfer,Restaurant,0,0
2153.390543881106,3606.4208022105217,5.0,5.41603316344173,0.5969335605542807,0.0,1.0,0.38450454864782513,TXN002398,AC18944,CUS28716,M207,DVC_6568,Dubai,Online Purchase,Gas Station,1,1
136.41993031256163,483.04674151408915,1.0,73.96514479996256,0.2818321426683767,0.0,1.0,0.14476943310290247,TXN002399,AC13048,CUS13989,M381,DVC_5768,Paris,ACH Transfer,Gas Station,0,0
53.96689940046213,3727.3810724957875,2.0,9.367534236377201,0.014474620043153624,0.0,0.0,0.300069128352295,TXN002400,AC47212,CUS94674,M720,DVC_5213,New York,POS Debit,Restaurant,0,0
4153.593247681213,3399.2627047566,1.0,18.104999787003827,1.2215506883838079,0.0,0.0,0.13956164029029466,TXN002401,AC79656,CUS40447,M489,DVC_6177,Chicago,ACH Transfer,Electronics,0,0
827.6154125356969,2062.0978701309405,8.0,26.94205087328006,0.40115179435630455,1.0,0.0,0.9366470981378502,TXN002402,AC87189,CUS77586,M640,DVC_9046,Moscow,ACH Transfer,Restaurant,1,1
26.381128414724504,42276.40620981546,1.0,85.24469648401143,0.0006240006372150534,0.0,0.0,0.2566728308963884,TXN002403,AC26000,CUS83989,M628,DVC_1870,London,Wire Transfer,Electronics,0,0
92.34447629040238,944.1379398687496,2.0,40.106469889997626,0.09770476074976545,0.0,0.0,0.190638421829146,TXN002404,AC55654,CUS90836,M503,DVC_7601,Lagos,ACH Transfer,Restaurant,0,0
570.0042858065357,280915.37375092035,1.0,5.1740136360493665,0.002029088864403256,0.0,0.0,0.43013908985602756,TXN002405,AC85496,CUS47124,M269,DVC_9897,Dubai,ATM Withdrawal,Travel,0,0
19907.465803819505,392.7519142490727,7.0,79.63680692731462,5.0,1.0,0.0,0.8329551699805776,TXN002406,AC96816,CUS41746,M977,DVC_3689,Dubai,ACH Transfer,Electronics,1,1
6117.398884116645,18043.479122311517,7.0,14.378106801727608,0.33901775954023766,0.0,0.0,0.6215115684699685,TXN002407,AC98973,CUS14542,M274,DVC_8109,Sydney,POS Debit,Retail,1,1
1198.4326486424543,1696.1791776894656,2.0,4.351407785309197,0.7061320716142633,0.0,0.0,0.20485646996767606,TXN002408,AC35534,CUS89063,M173,DVC_5581,New York,ACH Transfer,Retail,0,0
34.117405405883865,3553.414659707462,1.0,78.5023200464398,0.009598600240043975,0.0,0.0,0.4275305218484161,TXN002409,AC54221,CUS14868,M553,DVC_8287,Moscow,Wire Transfer,Gas Station,0,0
9114.369412918439,916.0217210436156,8.0,12.429269581390027,5.0,1.0,0.0,0.7687008921030403,TXN002410,AC23339,CUS18124,M608,DVC_8034,London,POS Debit,Travel,1,1
151.15518942881226,19495.6989737407,1.0,40.96003071245002,0.007752860606423527,0.0,0.0,0.2026374361935892,TXN002411,AC45306,CUS82158,M339,DVC_2967,Moscow,Wire Transfer,Retail,0,0
32510.000573748457,139.08799918092123,5.0,24.07404180867312,5.0,0.0,0.0,0.7851540504387676,TXN002412,AC90359,CUS74354,M195,DVC_6080,Lagos,ATM Withdrawal,Restaurant,1,1
27.4222961292736,15216.592688324456,1.0,132.89823688070035,0.001802012755296906,0.0,0.0,0.06420937363404143,TXN002413,AC68134,CUS82119,M613,DVC_5438,Singapore,ATM Withdrawal,Retail,0,0
74.01883910233082,40949.058137398104,1.0,2.880254441814382,0.0018075392922270914,0.0,0.0,0.1263312233418675,TXN002414,AC22459,CUS22487,M301,DVC_4128,Dubai,Wire Transfer,Restaurant,0,0
297.5315242794888,2764.1149610770412,1.0,26.374996617122477,0.10760186410607578,0.0,0.0,0.22030657267921244,TXN002415,AC81717,CUS22955,M136,DVC_6335,London,ATM Withdrawal,Travel,0,0
16.503006950282707,1228.0683492255785,2.0,86.495110248886,0.013427249152320176,0.0,0.0,0.13406599482940684,TXN002416,AC22208,CUS75334,M190,DVC_6822,Lagos,Wire Transfer,Gas Station,0,0
2.949833875109649,139515.78698052312,1.0,97.02403171499398,2.1143218238830667e-05,0.0,0.0,0.07650296069541038,TXN002417,AC63546,CUS66229,M332,DVC_9219,Sydney,Online Purchase,Retail,0,0
4070.140553538471,43.71907410640293,8.0,8.69720299709375,5.0,1.0,1.0,0.8443636931764676,TXN002418,AC67991,CUS65574,M758,DVC_2344,Paris,ACH Transfer,Gas Station,1,1
93.90806411691209,16744.330071969096,1.0,21.485399487789667,0.005608015113067841,0.0,0.0,0.14398175417629197,TXN002419,AC88571,CUS75829,M908,DVC_5668,Paris,Online Purchase,Travel,0,0
2507.967968794002,5435.666160016243,5.0,0.27975011206606015,0.46130622976977287,1.0,0.0,0.9387564681064945,TXN002420,AC15876,CUS65500,M352,DVC_8680,Sydney,ATM Withdrawal,Electronics,1,1
48.06565877851629,52808.54839155757,1.0,81.94286610356895,0.0009101698507651001,0.0,0.0,0.16677490101763742,TXN002421,AC77011,CUS18484,M470,DVC_2778,Tokyo,Wire Transfer,Travel,0,0
48.58717947017618,3255.779842792066,2.0,325.58967294210277,0.014918779228417837,0.0,0.0,0.36929830619676335,TXN002422,AC89316,CUS73877,M823,DVC_4103,New York,Wire Transfer,Travel,0,0
11.34789115623309,5727.581166568714,1.0,214.61272954312872,0.00198092526338947,1.0,0.0,0.17206730751827978,TXN002423,AC36636,CUS93081,M543,DVC_6866,London,Wire Transfer,Travel,0,0
38.010670939281425,14464.967588413589,1.0,277.73174570616277,0.0026275927072950027,0.0,0.0,0.15526398591035392,TXN002424,AC99657,CUS67754,M540,DVC_6530,Lagos,Wire Transfer,Electronics,0,0
41757.83240139908,303.62836287854896,6.0,22.123800166414604,5.0,1.0,1.0,0.46679588191574717,TXN002425,AC40978,CUS76044,M163,DVC_4088,Singapore,ACH Transfer,Electronics,1,1
21450.916061688364,5683.80733420812,8.0,88.44716066832981,3.773376088334298,0.0,1.0,0.705937955506547,TXN002426,AC68467,CUS38531,M104,DVC_9091,Moscow,POS Debit,Travel,1,1
38.5053287673455,30803.119652607515,2.0,51.87420042569644,0.0012500058174552018,0.0,0.0,0.12221164603475476,TXN002427,AC35191,CUS54249,M757,DVC_7744,New York,Online Purchase,Electronics,0,0
17.875810899611913,6332.796426805156,2.0,18.614405467042797,0.0028222900919202243,0.0,0.0,0.37024842381230444,TXN002428,AC36901,CUS97096,M171,DVC_6171,Tokyo,ATM Withdrawal,Restaurant,0,0
78.45711624906296,4724.681788549784,2.0,9.169153890249778,0.01660228507961808,0.0,0.0,0.03575744354503773,TXN002429,AC21329,CUS27777,M496,DVC_5465,London,Wire Transfer,Travel,0,0
178.58570264024675,21531.731009475556,1.0,13.897244835877236,0.008293685671439423,0.0,0.0,0.17652507890099134,TXN002430,AC30056,CUS20810,M716,DVC_9355,New York,Online Purchase,Retail,0,0
737.1007105006913,18574.781915782365,1.0,213.75100258782325,0.039680736662527,0.0,0.0,0.08193318706802204,TXN002431,AC93543,CUS72210,M429,DVC_7593,London,POS Debit,Restaurant,0,0
11.521773177614515,19142.98712299338,1.0,166.02714297192307,0.0006018481470756941,0.0,0.0,0.10761966833974528,TXN002432,AC38025,CUS36552,M647,DVC_7687,Tokyo,Online Purchase,Travel,0,0
13.902170677194889,2712.4194330029923,2.0,69.29392007264246,0.005123487547890484,0.0,0.0,0.12080503889997626,TXN002433,AC20895,CUS39812,M246,DVC_1350,Chicago,ATM Withdrawal,Retail,0,0
417.04656196177393,10070.158744053799,1.0,64.84047773674737,0.041409987922989104,0.0,0.0,0.038371850626615786,TXN002434,AC19332,CUS59858,M514,DVC_7522,Paris,Wire Transfer,Retail,0,0
3168.3494833819686,2161.482100479318,6.0,0.6194834949225662,1.4651448364264834,1.0,1.0,0.5098497249113281,TXN002435,AC90076,CUS93218,M867,DVC_1200,Sydney,ATM Withdrawal,Gas Station,1,1
11.360002132173996,37290.4373058393,2.0,21.02435678017971,0.00030462762909905813,0.0,0.0,0.045310152030387005,TXN002436,AC14682,CUS58480,M839,DVC_8274,Singapore,Wire Transfer,Gas Station,0,0
85.22516724139473,22435.435617418745,2.0,106.79631746839786,0.0037985163372041744,0.0,0.0,0.12761560786189494,TXN002437,AC84831,CUS66765,M448,DVC_3552,Tokyo,POS Debit,Retail,0,0
91.53442676317621,3521.632117129661,1.0,85.54250746820597,0.025984668202526078,0.0,0.0,0.30093192344102915,TXN002438,AC10613,CUS79394,M464,DVC_8155,Dubai,ATM Withdrawal,Travel,0,0
530.0843247891457,2683.4130679810414,1.0,132.3797544839542,0.19746749526436497,0.0,0.0,0.2379541449969057,TXN002439,AC70391,CUS95027,M890,DVC_8551,Lagos,Online Purchase,Travel,0,0
40272.21578765115,1272.2125606553825,6.0,26.306492739951075,5.0,1.0,0.0,0.707263952525648,TXN002440,AC92563,CUS63871,M515,DVC_2051,Chicago,POS Debit,Travel,1,1
154.04739440949916,737.4452131923591,2.0,153.1393011564467,0.2086104583758349,0.0,0.0,0.05559519650418404,TXN002441,AC71497,CUS76276,M724,DVC_9478,Chicago,ATM Withdrawal,Travel,0,0
245.38552236729183,36129.166914218804,1.0,52.51347900324138,0.006791707410317052,0.0,0.0,0.10585266633450009,TXN002442,AC27519,CUS38868,M606,DVC_8510,Tokyo,Wire Transfer,Retail,0,0
329.2893576185419,59626.91565489734,2.0,1.7961095948058041,0.005522402619677966,0.0,0.0,0.12240579371339826,TXN002443,AC26202,CUS63051,M622,DVC_4558,Singapore,POS Debit,Electronics,0,0
11.93976193513597,7315.969658689108,2.0,129.27731471361844,0.0016317905488315325,0.0,0.0,0.40043257043279684,TXN002444,AC30083,CUS69681,M805,DVC_9298,Singapore,Wire Transfer,Electronics,0,0
158.49113603176028,2784.0691361311897,1.0,398.302098879384,0.05690743327539953,0.0,0.0,0.14316857109810505,TXN002445,AC53322,CUS42438,M835,DVC_3553,New York,ACH Transfer,Travel,0,0
21.433182935781954,9994.906070671635,1.0,15.828153919335906,0.002144196112313192,0.0,0.0,0.03336476505685715,TXN002446,AC20013,CUS39437,M349,DVC_4513,Tokyo,Online Purchase,Gas Station,0,0
140.52354405014054,6122.071280401663,2.0,98.7072198918972,0.022949846182571704,0.0,0.0,0.4192634224207627,TXN002447,AC81605,CUS44202,M348,DVC_9308,London,Wire Transfer,Retail,0,0
3738.5275103107256,360.9886315347751,8.0,27.011940126294643,5.0,0.0,0.0,0.6969507400081655,TXN002448,AC71763,CUS48310,M450,DVC_7222,Lagos,ATM Withdrawal,Electronics,1,1
6850.521025521092,2073.5773385859206,7.0,2.7483860264999427,3.3021285338972053,1.0,1.0,0.9098044229236584,TXN002449,AC37341,CUS58366,M368,DVC_9932,Lagos,ACH Transfer,Retail,1,1
78.43860918575434,5842.59985209031,1.0,84.58003767140073,0.013422994587436735,0.0,0.0,0.07265147066087128,TXN002450,AC20819,CUS60473,M953,DVC_8653,Lagos,POS Debit,Gas Station,0,0
60.23596513827922,2406.5001916361116,2.0,10.503016445451804,0.025020128906965318,0.0,0.0,0.37021951192691455,TXN002451,AC46761,CUS66361,M547,DVC_1022,Dubai,ATM Withdrawal,Retail,0,0
11.601918250792961,5546.126955937353,2.0,90.79450646900872,0.0020915184279989983,1.0,0.0,0.08512647217874915,TXN002452,AC64007,CUS68354,M902,DVC_1360,Lagos,POS Debit,Gas Station,0,0
86.10399789733243,12841.939394576022,1.0,31.107777025518946,0.006704384039505541,0.0,0.0,0.17855582680204238,TXN002453,AC39173,CUS71527,M182,DVC_5795,Chicago,ACH Transfer,Gas Station,0,0
331.31668789925277,15307.532282412158,2.0,86.35796732984498,0.021642616142887827,0.0,0.0,0.2401105259223216,TXN002454,AC10056,CUS75711,M640,DVC_2450,Tokyo,ATM Withdrawal,Restaurant,0,0
26.636752182498387,7688.558433090364,1.0,66.7000258188263,0.0034640158357953097,0.0,0.0,0.13222604727306053,TXN002455,AC62389,CUS98990,M506,DVC_9408,Sydney,Wire Transfer,Gas Station,0,0
9240.660498459612,1725.83730120265,6.0,1.9635732609280243,5.0,0.0,1.0,0.6273265551577542,TXN002456,AC36920,CUS53285,M438,DVC_6785,Lagos,ATM Withdrawal,Restaurant,1,1
187.79082042906677,13153.744572388718,2.0,445.22379051267734,0.014275520090540731,0.0,0.0,0.34596754242295585,TXN002457,AC72467,CUS89190,M179,DVC_3754,Moscow,Online Purchase,Gas Station,0,0
41.6880996986352,15255.114629941236,2.0,39.410043439848636,0.0027325502403357186,0.0,0.0,0.04270887630660412,TXN002458,AC73897,CUS58407,M194,DVC_1627,Paris,Wire Transfer,Gas Station,0,0
86.34456631753196,9217.319148264127,1.0,21.279854797666697,0.009366628007644023,0.0,0.0,0.17012333914492223,TXN002459,AC81532,CUS93359,M358,DVC_4267,Chicago,Online Purchase,Retail,0,0
175.9134820700497,4721.779861803985,2.0,105.7838612093222,0.037247868250809196,0.0,0.0,0.08165978922638148,TXN002460,AC43387,CUS65090,M221,DVC_1566,Chicago,ATM Withdrawal,Restaurant,0,0
45.048052644020196,4497.5736475432905,2.0,100.388382813186,0.010013852428229405,0.0,0.0,0.01699544173193182,TXN002461,AC26041,CUS10208,M223,DVC_4758,Lagos,ATM Withdrawal,Electronics,0,0
92.02884449483555,460.17991697384804,2.0,43.35418871511429,0.19955085012961266,0.0,0.0,0.04322083560241009,TXN002462,AC31258,CUS41321,M634,DVC_3020,Chicago,POS Debit,Electronics,0,0
159.11669748438732,8597.017092457754,1.0,133.31153227819317,0.018506208556385132,0.0,0.0,0.14350396388733044,TXN002463,AC23066,CUS23905,M827,DVC_4530,London,ATM Withdrawal,Retail,0,0
74.67813293790427,26006.740389279494,2.0,64.02290925736406,0.0028713810511845515,0.0,0.0,0.10452928245196737,TXN002464,AC12613,CUS10247,M388,DVC_3506,Paris,Wire Transfer,Electronics,0,0
65915.83412756029,5667.455828650644,7.0,64.81954341474145,5.0,1.0,1.0,0.907270754775381,TXN002465,AC97293,CUS45662,M561,DVC_5409,Tokyo,Online Purchase,Electronics,1,1
61.66255795486773,19894.360614455625,1.0,236.89180447376287,0.00309934356807108,0.0,0.0,0.09186299463563227,TXN002466,AC29219,CUS72821,M191,DVC_9920,Moscow,ACH Transfer,Gas Station,0,0
3033.4443558784988,118.03707775061031,7.0,23.47640325253007,5.0,1.0,1.0,0.8338644372674977,TXN002467,AC79093,CUS21966,M123,DVC_4328,Moscow,Online Purchase,Travel,1,1
3256.662087790303,31749.718713006278,6.0,10.702600469824421,0.10256971242847025,1.0,0.0,0.7191450236269262,TXN002468,AC79707,CUS71457,M206,DVC_1473,New York,POS Debit,Travel,1,1
76.1338097087072,8749.893893505574,1.0,229.70277450860925,0.008700118026252092,0.0,0.0,0.09288043155345352,TXN002469,AC14982,CUS28130,M917,DVC_1605,London,ACH Transfer,Electronics,0,0
23.322373671431368,996.5733278360882,2.0,69.90738699128171,0.023379107099847682,0.0,0.0,0.2067349599002214,TXN002470,AC89068,CUS61713,M151,DVC_6683,Singapore,ACH Transfer,Retail,0,0
45.765500204961356,29171.980767613066,1.0,69.15759818929519,0.0015687632528716018,0.0,0.0,0.17997953489790977,TXN002471,AC92554,CUS76653,M810,DVC_4602,Lagos,ATM Withdrawal,Retail,0,0
43.80463998093693,774.9479322919078,2.0,85.08816961987323,0.056453066189056926,0.0,0.0,0.18356482429446985,TXN002472,AC62760,CUS29353,M393,DVC_8404,Chicago,POS Debit,Restaurant,0,0
35.60151735828604,6034.812865555167,2.0,107.52208809908382,0.005898379911917871,1.0,0.0,0.27608047803240326,TXN002473,AC66758,CUS84768,M399,DVC_4754,Moscow,POS Debit,Retail,0,0
9426.696897823904,59.15066486630956,4.0,5.417784920093462,5.0,1.0,0.0,0.8017524767238997,TXN002474,AC58562,CUS56318,M444,DVC_5370,Paris,ATM Withdrawal,Retail,1,1
76.64461895070522,1562.3517881748712,2.0,34.75089149104825,0.04902582997022294,0.0,0.0,0.10486319663376999,TXN002475,AC71033,CUS24863,M481,DVC_4878,Sydney,Wire Transfer,Gas Station,0,0
24.994017446852258,13452.715927603287,1.0,201.15166518520195,0.0018577779983871578,0.0,0.0,0.236979422516085,TXN002476,AC81273,CUS81322,M667,DVC_4743,Chicago,ATM Withdrawal,Gas Station,0,0
91.38769861438027,16028.302875253052,2.0,26.800360074875755,0.005701289652182553,0.0,1.0,0.13621635092616702,TXN002477,AC55670,CUS16320,M293,DVC_5847,Lagos,POS Debit,Electronics,0,0
293.9370986933788,2637.754594336339,6.0,29.753887520810814,0.11139235885150797,1.0,0.0,0.5352905404148077,TXN002478,AC99865,CUS62354,M656,DVC_6678,Sydney,ACH Transfer,Retail,1,1
6065.795407490481,21245.189205314477,9.0,3.953407540787027,0.2855003948648446,1.0,1.0,0.8657525872492946,TXN002479,AC28957,CUS59449,M535,DVC_7097,Singapore,Wire Transfer,Travel,1,1
530.3158930887867,160937.76714230687,1.0,93.34295051219935,0.003295140770028799,1.0,0.0,0.023661587251832913,TXN002480,AC76692,CUS51957,M484,DVC_1675,Tokyo,POS Debit,Retail,0,0
26.797890034141112,8456.463775481356,2.0,14.322169777570968,0.003168549194597752,0.0,0.0,0.12844005449305523,TXN002481,AC74074,CUS21036,M954,DVC_5053,Sydney,POS Debit,Retail,0,0
132.42777036059047,5801.773634475953,1.0,7.622193380754817,0.022821460684559338,0.0,0.0,0.2641299712985831,TXN002482,AC13868,CUS21393,M850,DVC_1709,London,ATM Withdrawal,Electronics,0,0
12814.21653343545,5223.555489619022,4.0,1.492215458741826,2.4526902927716576,0.0,1.0,0.8925021550811505,TXN002483,AC27151,CUS24698,M471,DVC_1922,Dubai,Online Purchase,Travel,1,1
42.897679153252284,28816.525649802385,1.0,9.776720365254365,0.001488596893243208,0.0,0.0,0.15635333180924618,TXN002484,AC18606,CUS12663,M843,DVC_4399,London,POS Debit,Electronics,0,0
241.3584095392547,23916.975498250304,2.0,171.4864909585786,0.010091088585524767,0.0,0.0,0.20128361013676127,TXN002485,AC49338,CUS28699,M419,DVC_1407,Lagos,Online Purchase,Retail,0,0
238.65786207695436,29843.8508696809,2.0,86.2345609348824,0.00799661767850898,0.0,0.0,0.21193306925364172,TXN002486,AC87011,CUS99627,M338,DVC_2109,Dubai,Wire Transfer,Travel,0,0
17.67412727722602,9228.451535499013,1.0,140.47271505006483,0.0019149704843507177,0.0,0.0,0.6110098877682573,TXN002487,AC55304,CUS13558,M491,DVC_4592,Moscow,ACH Transfer,Retail,0,0
249.51586901243635,6622.676175751733,2.0,164.59887100281563,0.037670300055711634,0.0,0.0,0.08887854190904652,TXN002488,AC45654,CUS51873,M747,DVC_4959,Tokyo,Online Purchase,Electronics,0,0
639.1363671700303,3385.737213320918,1.0,72.72249847191176,0.18871743714160663,1.0,0.0,0.3279600264816483,TXN002489,AC76397,CUS88040,M384,DVC_7641,Moscow,Online Purchase,Electronics,0,0
1218.2019766468234,5187.130230523123,1.0,60.7458579310558,0.23480558939708635,0.0,0.0,0.04970331976064285,TXN002490,AC96834,CUS62580,M112,DVC_2490,Dubai,Online Purchase,Gas Station,0,0
29.140945772700697,2307.9301281981975,2.0,66.31706669266237,0.012620973418299668,0.0,0.0,0.28077741384505983,TXN002491,AC64109,CUS63893,M484,DVC_5200,Moscow,Online Purchase,Travel,0,0
107.35612879265717,3615.293649960108,1.0,8.840758293717633,0.029686784090070077,0.0,0.0,0.18601535275656364,TXN002492,AC48998,CUS76540,M640,DVC_2481,New York,Online Purchase,Gas Station,0,0
76.62052608268931,15161.598996828066,1.0,239.32676834646102,0.005053258092410009,0.0,0.0,0.411046137183992,TXN002493,AC98203,CUS68653,M789,DVC_2280,Moscow,Wire Transfer,Travel,0,0
67.46503894941017,7443.654970318702,2.0,38.57276578050056,0.009062211642901972,0.0,0.0,0.18700558800137637,TXN002494,AC67369,CUS42222,M392,DVC_5854,Chicago,POS Debit,Restaurant,0,0
30.276478059623066,14560.153749192577,1.0,54.32964896458979,0.002079263675194825,0.0,0.0,0.13335119608553933,TXN002495,AC91764,CUS12593,M356,DVC_9055,Tokyo,ACH Transfer,Travel,0,0
473.9621101997823,11425.60344497555,2.0,99.90905155215759,0.04147882723699409,0.0,0.0,0.09015547695570572,TXN002496,AC96377,CUS15817,M207,DVC_9303,Dubai,POS Debit,Retail,0,0
17.126728662386437,12468.906652526668,1.0,87.63170454509816,0.0013734448171603753,0.0,0.0,0.15487523712728837,TXN002497,AC15990,CUS58539,M680,DVC_7166,Sydney,Wire Transfer,Travel,0,0
625.1916263434975,676.8798361632035,7.0,6.650009111655423,0.9222750006580502,0.0,1.0,0.7114686514300108,TXN002498,AC88183,CUS15063,M984,DVC_8080,Moscow,Wire Transfer,Gas Station,1,1
93.11333329920159,3689.1430686600966,2.0,248.1730140631092,0.025232987330491594,0.0,0.0,0.12378282563003057,TXN002499,AC28350,CUS29786,M787,DVC_9061,Moscow,Online Purchase,Electronics,0,0
2.641993216152523,3572.2013228021046,1.0,120.46236736579525,0.0007393910886836545,0.0,0.0,0.1785500020268195,TXN002500,AC13286,CUS88607,M282,DVC_7458,Dubai,Wire Transfer,Electronics,0,0
14.824832374738337,4009.026483709372,1.0,29.98829734057435,0.0036969412633467216,0.0,0.0,0.292641063083665,TXN002501,AC60147,CUS52680,M853,DVC_9393,Tokyo,Wire Transfer,Travel,0,0
8.502600796456056,46984.68009230268,1.0,84.24342997743359,0.00018096153508372808,0.0,0.0,0.24954967441089196,TXN002502,AC94062,CUS48938,M805,DVC_5752,Paris,Online Purchase,Restaurant,0,0
176.46160857002286,1850.1422790858535,2.0,99.37341772734365,0.0953257945451738,0.0,0.0,0.0730432593243132,TXN002503,AC37620,CUS85243,M466,DVC_2531,New York,Wire Transfer,Electronics,0,0
110.81000975938996,28930.345002078153,2.0,60.94963111436117,0.0038301022559245144,0.0,0.0,0.20614267123056984,TXN002504,AC10217,CUS50752,M930,DVC_9722,Lagos,Wire Transfer,Electronics,0,0
286.18971788633064,800.949362474521,2.0,297.1512223051054,0.35686756705342887,0.0,0.0,0.07767772305433186,TXN002505,AC63098,CUS99224,M633,DVC_2617,Tokyo,Wire Transfer,Electronics,0,0
97.25820000604448,3187.3584851595624,2.0,72.07844793386414,0.03050416082719041,0.0,0.0,0.0477672481902291,TXN002506,AC98115,CUS87337,M961,DVC_6154,Moscow,ATM Withdrawal,Restaurant,0,0
125.98884743123801,10991.240670475263,1.0,206.08373287075207,0.011461616535529396,0.0,0.0,0.201315453140167,TXN002507,AC54305,CUS47510,M622,DVC_6654,Lagos,POS Debit,Gas Station,0,0
6377.26903922676,1882.5607735111882,7.0,47.18742226579053,3.385751672529657,1.0,1.0,0.8525733965746385,TXN002508,AC55742,CUS65817,M384,DVC_9556,Lagos,ATM Withdrawal,Travel,1,1
188.74693309466448,5516.940694500871,1.0,142.63267862666763,0.03420604597703776,0.0,0.0,0.4158500559982075,TXN002509,AC29256,CUS25658,M973,DVC_4371,Dubai,POS Debit,Restaurant,0,0
45.381496119260575,10118.635782941554,1.0,7.877268291833343,0.0044844989575375,0.0,0.0,0.15587570675492804,TXN002510,AC26416,CUS68477,M358,DVC_7559,Dubai,Online Purchase,Travel,0,0
3756.192694567264,225.98248384771856,7.0,3.7583216320889035,5.0,1.0,1.0,0.9798143253120282,TXN002511,AC29871,CUS56512,M272,DVC_6465,New York,Online Purchase,Retail,1,1
250.36503721850713,14718.94288638174,2.0,6.964044104615499,0.017008560369492613,0.0,1.0,0.2541146622217095,TXN002512,AC33171,CUS77038,M816,DVC_2372,London,POS Debit,Travel,0,0
667.0238686429694,10254.372115275562,2.0,149.40537638133142,0.06504141060366062,0.0,0.0,0.19667963086654175,TXN002513,AC96802,CUS72063,M859,DVC_3237,Singapore,POS Debit,Electronics,0,0
123.16200930089039,12612.670508296053,2.0,26.614858115270962,0.009764168900708666,0.0,0.0,0.17146208680920152,TXN002514,AC13078,CUS18458,M870,DVC_4474,Paris,ACH Transfer,Restaurant,0,0
92.96871203281917,9982.5175596597,2.0,142.89970744526465,0.009312220014364167,0.0,0.0,0.09045842728744913,TXN002515,AC47630,CUS96793,M429,DVC_5444,Chicago,POS Debit,Restaurant,0,0
20.800720385686628,4655.057801674448,1.0,545.0579709614685,0.004467453212931788,0.0,0.0,0.10586295648070233,TXN002516,AC87654,CUS66532,M551,DVC_5468,Sydney,POS Debit,Gas Station,0,0
88.51768860623166,37.87580848089362,9.0,2.9147776011660116,2.276934990297003,0.0,0.0,0.7203967100274749,TXN002517,AC97393,CUS67397,M881,DVC_6758,Paris,Online Purchase,Retail,1,1
189.78394011693211,3038.600776368385,1.0,275.6557008059861,0.06243712713604439,0.0,0.0,0.3435877200811916,TXN002518,AC87746,CUS96527,M570,DVC_4576,Moscow,Online Purchase,Gas Station,0,0
113.71364856053852,9926.93969612716,2.0,43.51544523843306,0.01145390202207792,0.0,0.0,0.15760326865136684,TXN002519,AC90567,CUS35376,M180,DVC_4975,Lagos,Wire Transfer,Gas Station,0,0
238.16648067999003,5270.121236991898,1.0,26.533355107351674,0.04518326746282655,0.0,0.0,0.12224505774579167,TXN002520,AC47062,CUS30804,M420,DVC_6674,Dubai,Wire Transfer,Retail,0,0
7828.718455873502,13916.024561796406,6.0,4.449767447582609,0.5625281769900802,0.0,0.0,0.830157749354305,TXN002521,AC90306,CUS91633,M540,DVC_2526,Tokyo,Online Purchase,Electronics,1,1
84.91214876849482,1867.3034824711697,2.0,4.805307281024227,0.04544879863745858,0.0,0.0,0.49976093571119407,TXN002522,AC46748,CUS55151,M498,DVC_7789,Moscow,Wire Transfer,Restaurant,0,0
40.010835503021774,16653.750946507007,1.0,158.6233830974665,0.0024023676866457874,0.0,0.0,0.2535883322191551,TXN002523,AC47151,CUS39015,M287,DVC_2036,New York,ATM Withdrawal,Travel,0,0
25.98993150197299,5734.25468577469,1.0,28.082081855277426,0.004531608956518798,0.0,0.0,0.3189194352356354,TXN002524,AC61176,CUS32732,M537,DVC_5618,Moscow,ATM Withdrawal,Retail,0,0
61.11664145850449,21643.563175891195,1.0,30.270070996037685,0.0028236486438580235,0.0,0.0,0.20688280488688468,TXN002525,AC54689,CUS59206,M984,DVC_3230,London,Wire Transfer,Gas Station,0,0
51.47644352346477,81381.06250935516,1.0,9.744408355595876,0.0006325281264227897,0.0,0.0,0.2126917974434201,TXN002526,AC49630,CUS97786,M997,DVC_2042,Dubai,Wire Transfer,Travel,0,0
99.31026777471268,71950.48716823787,2.0,132.58700717809475,0.0013802392651385254,0.0,0.0,0.18072422689831666,TXN002527,AC28998,CUS17474,M949,DVC_8941,Dubai,POS Debit,Retail,0,0
67.96790793615334,60517.72508283865,2.0,84.15847824659129,0.0011230888926215508,0.0,0.0,0.22129628962485873,TXN002528,AC76346,CUS66600,M547,DVC_7168,Chicago,POS Debit,Retail,0,0
370.6759181488242,7729.823007106041,2.0,87.48521625720478,0.04794779518404512,1.0,0.0,0.03637720099766034,TXN002529,AC20647,CUS44582,M842,DVC_2329,Chicago,ATM Withdrawal,Electronics,0,0
61431.544007416596,3019.4859768951196,6.0,7.971068956758942,5.0,0.0,1.0,0.6237525512172801,TXN002530,AC88740,CUS69057,M569,DVC_4655,Paris,ATM Withdrawal,Electronics,1,1
97.82823183403131,24557.454728372188,1.0,47.86399123007546,0.003983484828995007,0.0,0.0,0.16058956380860998,TXN002531,AC16033,CUS86077,M639,DVC_6553,Chicago,POS Debit,Restaurant,0,0
128.55818557488885,185844.23568764274,1.0,131.5162787603628,0.0006917486213688123,0.0,0.0,0.24370585633529457,TXN002532,AC90781,CUS88043,M961,DVC_6541,London,POS Debit,Restaurant,0,0
1230.7616972413512,11.140913542319137,9.0,8.038016508867171,5.0,1.0,0.0,0.8490988306204067,TXN002533,AC36361,CUS17147,M560,DVC_4905,Moscow,POS Debit,Travel,1,1
36.301021948169165,17508.148784244007,1.0,105.67780566373781,0.002073260236433392,0.0,1.0,0.06639953956909542,TXN002534,AC76360,CUS88251,M934,DVC_2080,Singapore,Wire Transfer,Restaurant,0,0
32.60194711395399,968.4137429012331,1.0,180.04117507442322,0.03363058070167629,0.0,0.0,0.4526537399249652,TXN002535,AC44495,CUS14236,M614,DVC_1823,Sydney,Online Purchase,Retail,0,0
50.744897139029085,19993.799522398713,1.0,3.9020962476643453,0.002537904772797711,0.0,0.0,0.04335440174565752,TXN002536,AC28616,CUS73632,M336,DVC_4619,Moscow,ATM Withdrawal,Retail,0,0
14855.658006677675,26811.203520890343,9.0,2.886788982250175,0.5540633016269291,1.0,1.0,0.8021906043296214,TXN002537,AC15680,CUS33496,M280,DVC_4250,Singapore,ACH Transfer,Retail,1,1
69.63124485452232,33086.257909651424,1.0,90.56030627743546,0.002104473119067723,0.0,0.0,0.2021931829959507,TXN002538,AC82281,CUS59256,M509,DVC_3115,Singapore,POS Debit,Retail,0,0
342.14206651944323,14419.015106825891,1.0,17.009995359570468,0.023726886829507278,0.0,0.0,0.12413285969250298,TXN002539,AC17605,CUS70133,M615,DVC_4567,Paris,Wire Transfer,Electronics,0,0
112.58913034787125,33255.1815871853,1.0,32.807921044155634,0.0033855098503327735,0.0,0.0,0.12206827785237488,TXN002540,AC43530,CUS25225,M959,DVC_6120,Moscow,ATM Withdrawal,Retail,0,0
235.21298674982884,17541.510753482555,1.0,44.486833774735075,0.013408171159486629,0.0,0.0,0.44904599320194494,TXN002541,AC90348,CUS69293,M171,DVC_9239,Dubai,POS Debit,Retail,0,0
210.61413953933715,6480.455210085877,2.0,45.11476171085406,0.03249488466904743,0.0,0.0,0.1724764180234933,TXN002542,AC47329,CUS63536,M281,DVC_2440,Paris,Wire Transfer,Retail,0,0
63.25914251179744,1361.7894292710141,2.0,144.36202222902466,0.04641886791390519,1.0,0.0,0.07066061898736076,TXN002543,AC13305,CUS72071,M203,DVC_1944,Singapore,ATM Withdrawal,Gas Station,0,0
100.12196663544084,56527.265571882235,2.0,250.9049033945449,0.0017711841257206833,0.0,0.0,0.04038294994601305,TXN002544,AC50538,CUS83397,M371,DVC_4268,Chicago,ATM Withdrawal,Travel,0,0
3531.213549304435,192.1419762247112,9.0,6.470152071332432,5.0,1.0,1.0,0.873336889094605,TXN002545,AC41394,CUS43976,M386,DVC_4119,Dubai,ACH Transfer,Travel,1,1
42.96416131366017,5163.144524921643,2.0,42.17657669769693,0.008319705443238361,0.0,1.0,0.11389727439805476,TXN002546,AC64044,CUS23528,M186,DVC_7072,Tokyo,ACH Transfer,Retail,0,0
23.743504193796724,25919.043325643437,2.0,132.80278524119865,0.0009160287232354507,0.0,0.0,0.24623465217262122,TXN002547,AC19733,CUS22566,M485,DVC_9546,Tokyo,ATM Withdrawal,Retail,0,0
48.99254724758493,18717.407866569614,1.0,140.78326168354542,0.0026173458553109003,0.0,0.0,0.3102634307368292,TXN002548,AC18612,CUS12995,M172,DVC_4305,New York,Wire Transfer,Travel,0,0
13094.368294129097,11060.0470124007,9.0,12.13358212133242,1.1838271982253408,1.0,0.0,0.8633933647411925,TXN002549,AC73866,CUS83178,M702,DVC_5795,Dubai,POS Debit,Restaurant,1,1
667.7310049405878,13085.853054790825,2.0,19.43866278586184,0.05102303832288736,0.0,0.0,0.2134788316823412,TXN002550,AC14436,CUS11906,M784,DVC_2917,London,POS Debit,Gas Station,0,0
163.37351263087655,1435.7771908438885,1.0,341.6597774146236,0.1137083144637892,0.0,0.0,0.4310168741622223,TXN002551,AC36559,CUS60862,M409,DVC_7769,Dubai,ATM Withdrawal,Gas Station,0,0
8228.953574402773,506.5970693048617,8.0,4.337364750035676,5.0,1.0,1.0,0.6474088268404246,TXN002552,AC83850,CUS14179,M798,DVC_1368,Paris,POS Debit,Restaurant,1,1
121.53961360001719,19282.780709952138,1.0,17.256299608997793,0.0063026859425595935,0.0,0.0,0.13759765307090127,TXN002553,AC51393,CUS36167,M542,DVC_2192,New York,ACH Transfer,Retail,0,0
150.06441682810848,5343.753648936055,2.0,462.7679783437295,0.028076956710246286,0.0,0.0,0.17474345717478573,TXN002554,AC26335,CUS59159,M335,DVC_2386,Paris,POS Debit,Travel,0,0
119.82625028885727,156.63289120751344,2.0,57.74386721809757,0.7601602011544266,0.0,0.0,0.1312001225307205,TXN002555,AC32715,CUS54693,M773,DVC_8344,Lagos,Online Purchase,Gas Station,0,0
189.8381666353417,1802.03970469923,1.0,193.95830540132258,0.10528784593071905,0.0,0.0,0.12948366377447834,TXN002556,AC14165,CUS79181,M684,DVC_3547,Paris,ACH Transfer,Restaurant,0,0
295653.14302479563,250.5633699342453,5.0,0.38297107349274656,5.0,1.0,0.0,0.7409070976261859,TXN002557,AC61790,CUS99250,M836,DVC_5799,Lagos,ACH Transfer,Restaurant,1,1
5032.2954592305705,5949.775239263209,9.0,18.526202870796023,0.8456537605432465,1.0,1.0,0.44496119109654636,TXN002558,AC63029,CUS19846,M995,DVC_7315,Sydney,ATM Withdrawal,Electronics,1,1
624.189197085117,6938.5851480841775,2.0,51.74424428517329,0.08994618320339191,0.0,0.0,0.19568898123259648,TXN002559,AC90308,CUS84206,M329,DVC_2553,Tokyo,ATM Withdrawal,Restaurant,0,0
162.43907458028457,3511.7347331442957,2.0,98.88800736332675,0.046242909562056,0.0,0.0,0.1671040365645524,TXN002560,AC27999,CUS22119,M353,DVC_3810,New York,POS Debit,Electronics,0,0
4586.238777947971,223.7186664257518,9.0,2.490732624242887,5.0,0.0,0.0,0.8710065412114206,TXN002561,AC25505,CUS87425,M773,DVC_1111,Chicago,POS Debit,Electronics,1,1
411.10530944579443,10367.613586281625,1.0,64.49856373965655,0.03964901440533135,0.0,0.0,0.2330534503247233,TXN002562,AC32388,CUS44782,M454,DVC_5072,Chicago,ATM Withdrawal,Gas Station,0,0
187.2983676671121,4933.560234512355,1.0,22.324638539807538,0.03795644571468512,0.0,0.0,0.16916468451301445,TXN002563,AC56461,CUS33509,M861,DVC_2063,London,Wire Transfer,Retail,0,0
323.298630939595,23913.991514273792,1.0,105.46691116538919,0.013518659655247315,0.0,0.0,0.11604648089999721,TXN002564,AC90051,CUS69920,M594,DVC_5197,Moscow,POS Debit,Retail,0,0
69.67652203758027,5962.786405574117,2.0,166.67688063458772,0.011683269201669656,0.0,0.0,0.2866613776483182,TXN002565,AC43890,CUS28011,M509,DVC_2392,Paris,Wire Transfer,Restaurant,0,0
35.568234886650075,16798.66056814777,1.0,28.2938707127106,0.0021171996149783887,0.0,0.0,0.046413639048346944,TXN002566,AC63517,CUS31108,M298,DVC_2197,New York,ACH Transfer,Travel,0,0
3633.0917569797957,13609.42700439463,9.0,52.95513946856705,0.26693444340921246,1.0,0.0,0.5823416573659009,TXN002567,AC49857,CUS35986,M528,DVC_1340,London,Online Purchase,Travel,1,1
232.58094999512858,10538.780658594986,1.0,8.142178266824594,0.02206696301648966,0.0,0.0,0.08981192139206662,TXN002568,AC97133,CUS50293,M851,DVC_6015,Singapore,Wire Transfer,Electronics,0,0
273.5304792188149,7568.359649868141,1.0,72.94685399570821,0.03613654151359816,0.0,0.0,0.10691699904873629,TXN002569,AC89639,CUS99508,M848,DVC_3861,Chicago,POS Debit,Restaurant,0,0
166.78230840659066,6645.837292086972,2.0,123.8616475649083,0.025091980001548133,0.0,0.0,0.36883194552011,TXN002570,AC92578,CUS52132,M574,DVC_9019,Paris,ATM Withdrawal,Restaurant,0,0
16031.79382834331,23.633085753828222,7.0,24.969252287576808,5.0,1.0,1.0,0.7820778095520418,TXN002571,AC58149,CUS17218,M687,DVC_6794,Lagos,ATM Withdrawal,Retail,1,1
5.684223909006703,16116.196761702795,1.0,139.81551301661403,0.0003526806797143153,0.0,0.0,0.08842604703124486,TXN002572,AC24337,CUS36457,M441,DVC_4306,Moscow,Online Purchase,Travel,0,0
77.2418227299948,5580.737523714381,2.0,9.780936142775511,0.013838311529667564,0.0,0.0,0.09358540480157998,TXN002573,AC37683,CUS29568,M573,DVC_7362,Singapore,Online Purchase,Gas Station,0,0
25.42113963625264,7451.117701865309,1.0,13.147614762886976,0.003411263838450858,0.0,0.0,0.05229360625612713,TXN002574,AC73269,CUS18618,M906,DVC_7308,Moscow,ACH Transfer,Restaurant,0,0
12.243676680316089,16989.321973813938,2.0,63.52910681084055,0.0007206265248643586,0.0,0.0,0.1499267410135322,TXN002575,AC82754,CUS94465,M496,DVC_4584,Dubai,Wire Transfer,Restaurant,0,0
367.87733915914055,1879.605570102834,2.0,14.517186917874172,0.19561642537250623,0.0,0.0,0.08276645261223577,TXN002576,AC89330,CUS36231,M525,DVC_7524,Singapore,Online Purchase,Retail,0,0
70.04739548250673,8017.905617283619,2.0,67.84304502326388,0.008735281199909555,0.0,0.0,0.04741450445661618,TXN002577,AC67360,CUS45537,M144,DVC_6303,Dubai,ACH Transfer,Gas Station,0,0
75.40524963838914,25368.663768721268,1.0,51.00657789346441,0.002972260504743373,0.0,0.0,0.18949123958230216,TXN002578,AC60764,CUS74992,M442,DVC_2926,Tokyo,ACH Transfer,Gas Station,0,0
26.698373757666975,18531.261816995484,2.0,20.711197299647473,0.0014406430268097416,0.0,0.0,0.16502942145162697,TXN002579,AC15397,CUS81907,M790,DVC_4519,New York,ACH Transfer,Gas Station,0,0
17539.660446829217,115669.86328401147,9.0,16.431226004389632,0.1516342140869422,1.0,1.0,0.7794939990411837,TXN002580,AC74949,CUS62196,M833,DVC_8787,Singapore,POS Debit,Gas Station,1,1
24.30884519093736,1507.3891444211763,1.0,63.152645705390846,0.016115765139814466,0.0,0.0,0.04964970847192113,TXN002581,AC55031,CUS57931,M986,DVC_8549,Chicago,Online Purchase,Travel,0,0
93.54148043011861,10631.686506955875,2.0,34.87807839662707,0.008797539584085736,0.0,0.0,0.24814315339572746,TXN002582,AC78269,CUS97129,M116,DVC_3013,Tokyo,ATM Withdrawal,Electronics,0,0
19492.14114496562,1182.6305528785288,5.0,71.91358491791198,5.0,0.0,1.0,0.960418088457213,TXN002583,AC34838,CUS23077,M318,DVC_1447,Chicago,ACH Transfer,Gas Station,1,1
36.66476294637568,27480.381887847336,2.0,136.0301094453622,0.0013341673681478649,0.0,1.0,0.24370505519825422,TXN002584,AC32425,CUS87335,M695,DVC_2720,Sydney,ATM Withdrawal,Electronics,0,0
715.5502335297755,564.5237012206687,1.0,4.939916572262916,1.2652877889737923,0.0,0.0,0.13670728240780916,TXN002585,AC49119,CUS51355,M290,DVC_5093,Singapore,POS Debit,Electronics,0,0
14.610942369534177,354.05755055049747,1.0,16.461786979668922,0.04115091299109314,0.0,0.0,0.3497001459147321,TXN002586,AC61664,CUS92747,M490,DVC_1033,Sydney,Wire Transfer,Retail,0,0
87.96047310575767,17061.848645926144,1.0,98.48851566275975,0.005155087226701665,0.0,0.0,0.06234465533757285,TXN002587,AC43125,CUS50596,M538,DVC_1496,Chicago,POS Debit,Gas Station,0,0
20.584543665152403,22517.397009807955,1.0,287.5190723992013,0.000914121180836573,0.0,0.0,0.10735547529556977,TXN002588,AC17311,CUS66655,M743,DVC_2403,Chicago,POS Debit,Travel,0,0
129.43289458320643,6021.510416134852,1.0,0.44719151511399713,0.02149151859271907,0.0,0.0,0.22738126641673045,TXN002589,AC45169,CUS50099,M596,DVC_4219,Dubai,Online Purchase,Retail,0,0
60.68265023386899,21734.25278099047,2.0,74.41894267749159,0.0027918999077361406,0.0,0.0,0.07173400945247556,TXN002590,AC44042,CUS21782,M898,DVC_9077,Dubai,ACH Transfer,Retail,0,0
41.06307011580063,9220.331795394708,2.0,54.28782747132938,0.00445305201319274,1.0,0.0,0.022257859817739686,TXN002591,AC43756,CUS94924,M193,DVC_3710,Lagos,POS Debit,Electronics,0,0
1447.4957596433453,23312.84580505787,1.0,93.93663058115982,0.0620873866862976,0.0,0.0,0.517237889979531,TXN002592,AC91140,CUS31044,M194,DVC_6670,Moscow,ACH Transfer,Restaurant,0,0
114.30515091838902,13690.741370085258,1.0,25.08406448522745,0.008348474297661763,0.0,0.0,0.014546648990841673,TXN002593,AC26401,CUS57259,M795,DVC_6218,Chicago,ATM Withdrawal,Travel,0,0
722.8173510802435,3550.440912974954,1.0,177.05344532707838,0.20352791128791647,0.0,0.0,0.36971577525761384,TXN002594,AC60890,CUS92711,M743,DVC_4602,Singapore,Wire Transfer,Gas Station,0,0
265.594340197205,387.88278355577836,8.0,29.347249021350766,0.6829675969934271,1.0,0.0,0.5632337272245479,TXN002595,AC16628,CUS39452,M181,DVC_7104,Tokyo,Wire Transfer,Gas Station,1,1
260.04494348461816,25674.652854692224,1.0,250.78009756741034,0.010128075221935203,0.0,0.0,0.2976096682939584,TXN002596,AC80657,CUS63738,M439,DVC_5096,Paris,ATM Withdrawal,Travel,0,0
171.36774660414702,6564.538003758675,1.0,74.73334680668769,0.02610109735196742,0.0,0.0,0.3696413256014554,TXN002597,AC60065,CUS97646,M907,DVC_3334,London,Online Purchase,Gas Station,0,0
41034.8150588942,13149.430358595859,6.0,14.715960501400833,3.120416133915461,0.0,0.0,0.8095468854907384,TXN002598,AC51525,CUS61200,M459,DVC_7116,Chicago,ATM Withdrawal,Restaurant,1,1
309.92804103435105,80442.08779970845,2.0,71.15983097096708,0.0038527616170829578,0.0,0.0,0.04042392520691403,TXN002599,AC42398,CUS48247,M211,DVC_2279,Singapore,ATM Withdrawal,Restaurant,0,0
16.62725922842159,1441.5567349415903,2.0,69.67137786482728,0.011526242833766142,0.0,0.0,0.03449009919727156,TXN002600,AC44239,CUS61826,M402,DVC_4245,Lagos,Online Purchase,Gas Station,0,0
218.45336888925516,34087.547536944236,1.0,154.87895403627232,0.006408409412354732,0.0,0.0,0.25141577782962926,TXN002601,AC78699,CUS21600,M917,DVC_5949,Chicago,Online Purchase,Retail,0,0
82.6056837508954,4961.552742171667,2.0,20.399467323649098,0.01664580469823808,0.0,0.0,0.19087934481930444,TXN002602,AC58647,CUS34104,M150,DVC_1049,Sydney,POS Debit,Gas Station,0,0
118.95014272155771,14536.547377636312,2.0,28.343212049955852,0.008182270339805973,1.0,0.0,0.32106258029099183,TXN002603,AC31755,CUS69578,M905,DVC_6651,New York,ACH Transfer,Gas Station,0,0
51.264023890488545,2269.595835785173,1.0,103.49504773829126,0.02257734427349613,0.0,0.0,0.09354167729349352,TXN002604,AC59069,CUS29994,M800,DVC_8210,Moscow,Wire Transfer,Travel,0,0
35.05129806257666,20023.10283099557,1.0,79.69603304362184,0.001750455356647505,0.0,0.0,0.15577574601617317,TXN002605,AC20601,CUS87772,M819,DVC_4588,Sydney,Online Purchase,Restaurant,0,0
16.07018060909741,19400.2232094521,2.0,63.097937832919804,0.0008283075987326492,0.0,0.0,0.22522583497684287,TXN002606,AC14017,CUS22839,M760,DVC_5046,Lagos,Online Purchase,Retail,0,0
81.44064203064612,6469.308947897308,2.0,60.929543114758474,0.012586824321134208,0.0,0.0,0.08867803185418892,TXN002607,AC78145,CUS19401,M876,DVC_1065,Singapore,POS Debit,Travel,0,0
990.9046657152528,9.264592883987138,8.0,18.39429056829168,5.0,0.0,0.0,0.8652256936097074,TXN002608,AC42850,CUS78812,M983,DVC_7539,Lagos,POS Debit,Travel,1,1
264.06814082794733,498.19663202087384,1.0,145.34560595903642,0.5289862228415543,0.0,0.0,0.32743431449674476,TXN002609,AC56787,CUS88159,M380,DVC_6370,London,ACH Transfer,Retail,0,0
144.15644891506517,47106.36528594647,2.0,196.1815750885884,0.003060167938495837,0.0,0.0,0.100402073765633,TXN002610,AC52010,CUS30257,M212,DVC_5223,Chicago,Online Purchase,Retail,0,0
462.6489300183562,5760.534877581531,2.0,375.43259940052246,0.08029959721645534,0.0,0.0,0.08103222843674152,TXN002611,AC81244,CUS49215,M135,DVC_1187,London,Online Purchase,Travel,0,0
256.45386732103447,5630.638273517268,1.0,25.66959861881377,0.045538057464913295,0.0,0.0,0.19331594513156655,TXN002612,AC17973,CUS90720,M722,DVC_6302,New York,POS Debit,Gas Station,0,0
344.08151072353553,249.51688859353297,2.0,87.93857667098376,1.3734862853171246,0.0,0.0,0.09632940219297981,TXN002613,AC39913,CUS83710,M782,DVC_3888,Singapore,ATM Withdrawal,Retail,0,0
622.8068770468702,5274.225980746585,4.0,9.11884746478149,0.11806259662050088,0.0,0.0,0.898862021060438,TXN002614,AC23356,CUS60854,M177,DVC_5857,New York,ACH Transfer,Electronics,1,1
312.638613211778,1943.2601085335803,1.0,92.02090847309518,0.16080081663948737,0.0,0.0,0.31730915834855,TXN002615,AC61893,CUS60687,M948,DVC_1666,Tokyo,Online Purchase,Retail,0,0
157.54576365041163,13814.905857828204,2.0,78.89590845388284,0.011403216355961554,0.0,0.0,0.2882913686844939,TXN002616,AC76333,CUS36573,M639,DVC_8579,Tokyo,Wire Transfer,Travel,0,0
29.296661206882995,12855.345295100964,1.0,119.32148766339049,0.002278770563050043,0.0,0.0,0.2668684536695129,TXN002617,AC41582,CUS85525,M144,DVC_6138,Dubai,Wire Transfer,Electronics,0,0
4374.789663376519,17107.891776076267,6.0,29.409800034972257,0.25570269077824676,1.0,0.0,0.7571312424006795,TXN002618,AC31135,CUS80603,M972,DVC_4852,New York,POS Debit,Travel,1,1
2669.5764068611284,2679.4297100444296,7.0,13.737889619641038,0.9959509092356982,0.0,1.0,0.7239081123086138,TXN002619,AC59914,CUS79857,M403,DVC_5140,London,Wire Transfer,Restaurant,1,1
115.4947673487482,23587.76063608393,2.0,64.30580059874346,0.004896177850568158,0.0,0.0,0.10815180305596778,TXN002620,AC51577,CUS66305,M491,DVC_1617,London,POS Debit,Restaurant,0,0
10.77371007421118,17157.909638281497,2.0,155.08823029761967,0.0006278784783722535,0.0,0.0,0.07107114661577246,TXN002621,AC87608,CUS75564,M753,DVC_1792,London,ATM Withdrawal,Gas Station,0,0
1113.6515196091095,908.372848927215,6.0,9.928540195268402,1.2246368702594117,0.0,1.0,0.7103071150594427,TXN002622,AC22624,CUS88427,M114,DVC_3444,Sydney,POS Debit,Retail,1,1
340.29720906759263,3817.39568323655,1.0,35.79894142758572,0.0891204676774487,0.0,0.0,0.08420130949086743,TXN002623,AC30247,CUS72404,M739,DVC_5233,Lagos,Online Purchase,Travel,0,0
2042.800639795449,25418.729952770445,4.0,0.7307836147506641,0.08036279864463344,1.0,1.0,0.7186351900355757,TXN002624,AC25507,CUS84708,M266,DVC_2350,Sydney,Wire Transfer,Electronics,1,1
62.56363886830029,54602.70119296945,2.0,6.443082139621991,0.001145776522496166,0.0,0.0,0.4572739384517831,TXN002625,AC75025,CUS90486,M764,DVC_3275,Chicago,Online Purchase,Retail,0,0
155.5652606941976,2242.289326916692,1.0,36.7514051798567,0.06934694460835134,0.0,0.0,0.23381447673410616,TXN002626,AC27151,CUS15108,M162,DVC_7250,Chicago,Wire Transfer,Gas Station,0,0
97.55232109336434,12921.72117980245,2.0,324.57047486614454,0.007548899317415717,0.0,0.0,0.042514600852691625,TXN002627,AC42315,CUS58741,M670,DVC_3206,London,Wire Transfer,Travel,0,0
46.32217710592142,47552.412965407915,2.0,131.33274186225307,0.0009741083597851926,0.0,0.0,0.0973817804177456,TXN002628,AC41104,CUS83057,M302,DVC_2917,Paris,POS Debit,Travel,0,0
347.41559426426676,15055.49572852537,2.0,56.5807389746856,0.023074133618360384,0.0,0.0,0.21706463482665192,TXN002629,AC97521,CUS96740,M256,DVC_1608,New York,ACH Transfer,Restaurant,0,0
25.927511235075258,355.60856548031643,2.0,50.05252701334808,0.07270580054675206,0.0,0.0,0.05770813086841023,TXN002630,AC40298,CUS16615,M614,DVC_9960,London,Wire Transfer,Gas Station,0,0
237.38169141187976,120341.34525861018,1.0,103.59535562864498,0.0019725533094918286,0.0,0.0,0.33497604106428563,TXN002631,AC45953,CUS32842,M650,DVC_1783,Dubai,Wire Transfer,Travel,0,0
270607.7544050095,24534.383747104697,8.0,0.0248730332584331,5.0,1.0,1.0,0.7977259353287748,TXN002632,AC68364,CUS38537,M377,DVC_8066,Chicago,ACH Transfer,Restaurant,1,1
17976.226211325233,8264.355172523687,7.0,9.58255003719659,2.1748885360768466,1.0,0.0,0.6144244989890015,TXN002633,AC66581,CUS86054,M200,DVC_3389,New York,Online Purchase,Restaurant,1,1
72.03911446783829,24686.79162447328,1.0,60.55682763607692,0.00291800561036918,0.0,0.0,0.5228871473027674,TXN002634,AC70837,CUS84567,M994,DVC_1167,Tokyo,Wire Transfer,Electronics,0,0
163.17418756117823,589.0701255701446,1.0,150.9112681121524,0.2765335516749202,0.0,0.0,0.18236270119747214,TXN002635,AC27461,CUS12414,M268,DVC_5779,Moscow,POS Debit,Gas Station,0,0
78.76972530320556,24271.797991639407,2.0,194.97392000097264,0.0032451852205228763,0.0,0.0,0.09939346147016663,TXN002636,AC54219,CUS79962,M631,DVC_7775,New York,ACH Transfer,Gas Station,0,0
1069.589172819202,7836.5155893906285,2.0,70.39173774876068,0.1364704364055196,0.0,0.0,0.07846413428674393,TXN002637,AC87338,CUS34972,M502,DVC_4256,Sydney,ACH Transfer,Travel,0,0
70.49850470870165,2318.271827047162,1.0,63.45846802862951,0.030396827093121963,0.0,0.0,0.13067360807398315,TXN002638,AC23501,CUS97860,M240,DVC_3479,New York,Wire Transfer,Electronics,0,0
64.8924780452031,374.3114040554426,2.0,36.24072185624762,0.17290302757657988,0.0,0.0,0.15873500167346516,TXN002639,AC21070,CUS15697,M446,DVC_8591,Dubai,Online Purchase,Retail,0,0
166.88861283530855,3553.5045336994363,2.0,218.30163510866697,0.04695130115971893,0.0,0.0,0.36839549410701933,TXN002640,AC11626,CUS46350,M886,DVC_3816,Paris,Online Purchase,Travel,0,0
219.31618296059148,16261.486430603563,2.0,96.93803293381806,0.013486017891327568,0.0,0.0,0.09813728079248299,TXN002641,AC87346,CUS22170,M933,DVC_9982,Sydney,ATM Withdrawal,Restaurant,0,0
13.498399968406313,2241.100238826775,2.0,30.723624463709942,0.006020426622615958,0.0,0.0,0.0871764325295555,TXN002642,AC74569,CUS37181,M292,DVC_2474,London,ATM Withdrawal,Retail,0,0
192.58396821078566,416.8231895209023,2.0,39.526464798432656,0.46092216286896953,0.0,0.0,0.09849922348698147,TXN002643,AC49414,CUS66349,M998,DVC_9125,Sydney,POS Debit,Retail,0,0
16.988098996714477,303.4198356107974,1.0,127.36598455014914,0.05580483598458368,0.0,0.0,0.34718377469565775,TXN002644,AC38860,CUS71702,M251,DVC_5001,New York,Wire Transfer,Travel,0,0
1177.0003802581116,15173.543541595223,1.0,29.02636363255639,0.07756413740102389,1.0,0.0,0.18743781338789992,TXN002645,AC40460,CUS16551,M847,DVC_8471,Dubai,Online Purchase,Electronics,0,0
21.60026814123662,5877.568608422565,2.0,91.85331207585408,0.0036744094659861017,0.0,0.0,0.17015015295096,TXN002646,AC69970,CUS37742,M905,DVC_8740,Lagos,ATM Withdrawal,Gas Station,0,0
91.71581758155273,12960.975148555213,1.0,44.40042426871094,0.007075759406295089,0.0,0.0,0.20394331125304024,TXN002647,AC64584,CUS35519,M485,DVC_7026,Dubai,Wire Transfer,Electronics,0,0
31.835759868292875,218454.86686891245,1.0,110.28012779927316,0.00014573085321346107,0.0,0.0,0.2303352633829117,TXN002648,AC74286,CUS15085,M307,DVC_5750,Tokyo,Wire Transfer,Travel,0,0
195.96508794057956,48428.75372921964,2.0,231.40641903645027,0.004046377956746575,0.0,0.0,0.1689766202639296,TXN002649,AC80309,CUS97082,M648,DVC_8306,Lagos,Online Purchase,Gas Station,0,0
49076.29117623902,2459.3067682678084,8.0,1.0723347687324094,5.0,0.0,1.0,0.6907012460866334,TXN002650,AC47812,CUS36361,M487,DVC_9943,Moscow,Wire Transfer,Retail,1,1
56.237558370604816,9383.611034755098,1.0,58.42778860300631,0.005992529489217386,0.0,0.0,0.01147878255362904,TXN002651,AC55977,CUS85209,M177,DVC_2232,Paris,ACH Transfer,Restaurant,0,0
36.362589355669805,2784.2650000834997,1.0,30.995382280002158,0.013055342796674531,0.0,0.0,0.01587122154950556,TXN002652,AC52088,CUS97558,M271,DVC_7081,Chicago,ATM Withdrawal,Electronics,0,0
1719.0236897552113,4349.532484998833,5.0,0.1862006727676925,0.3951294917766078,1.0,1.0,0.9346309522668271,TXN002653,AC21630,CUS29499,M656,DVC_5414,Singapore,POS Debit,Gas Station,1,1
65.5236928485873,12344.360606739732,2.0,30.61914137105568,0.005307556007138082,0.0,0.0,0.2343095995095113,TXN002654,AC52075,CUS41804,M436,DVC_4860,Tokyo,ATM Withdrawal,Electronics,0,0
47850.54841316686,1240.4366984322053,9.0,20.877883003332105,5.0,1.0,0.0,0.7518465430065273,TXN002655,AC72244,CUS32041,M695,DVC_5728,Dubai,Wire Transfer,Gas Station,1,1
23.204628762829262,4024.9063848414703,1.0,57.58647884247496,0.005763827209246695,0.0,0.0,0.21150820914224694,TXN002656,AC20100,CUS11386,M991,DVC_8645,Tokyo,ACH Transfer,Restaurant,0,0
104.65735665897373,1609.913749046812,2.0,1.3911544095279889,0.06496769719725849,0.0,0.0,0.05791297406974537,TXN002657,AC75242,CUS80776,M530,DVC_3699,New York,ATM Withdrawal,Travel,0,0
6076.992137039313,159.11922919986742,4.0,22.63913437402845,5.0,1.0,1.0,0.6106375562940419,TXN002658,AC39103,CUS90368,M704,DVC_8279,London,Online Purchase,Travel,1,1
20.768691353471354,6131.724873874237,1.0,109.44778352283063,0.003386535639638292,0.0,0.0,0.25016984614526716,TXN002659,AC44096,CUS85933,M588,DVC_9074,London,ACH Transfer,Gas Station,0,0
179.80417745509456,1988.7079546173388,1.0,36.46306645052501,0.0903671199775017,0.0,0.0,0.16506531797336246,TXN002660,AC79659,CUS19472,M765,DVC_6045,Moscow,ATM Withdrawal,Gas Station,0,0
153.41029116119068,10050.542626917131,1.0,270.5697648798227,0.01526236288849551,0.0,0.0,0.03783367485047581,TXN002661,AC87766,CUS44366,M205,DVC_3000,Paris,Wire Transfer,Travel,0,0
107.99766329130017,3372.1879709809514,1.0,25.128082293772838,0.032016497218770035,0.0,0.0,0.10436166761768803,TXN002662,AC21807,CUS24606,M969,DVC_7006,Chicago,Online Purchase,Retail,0,0
124.6979738844329,248321.05258881272,1.0,158.33655113098058,0.0005021623032849026,0.0,0.0,0.1027542325896285,TXN002663,AC66723,CUS59464,M308,DVC_1239,Chicago,Wire Transfer,Retail,0,0
148.8326932904752,354.34942850021247,2.0,262.2435423504312,0.4188347619373931,0.0,0.0,0.27191441370605707,TXN002664,AC44951,CUS80772,M815,DVC_8439,Lagos,Wire Transfer,Retail,0,0
196.4172874233253,1737.923325781927,1.0,12.32618256654841,0.11295339162524834,0.0,0.0,0.05680024034250069,TXN002665,AC25427,CUS13859,M859,DVC_3190,London,Online Purchase,Restaurant,0,0
5282.536989822506,10.796994662293368,5.0,13.062711939914317,5.0,1.0,0.0,0.7369891216144216,TXN002666,AC10153,CUS97957,M447,DVC_5214,Sydney,ACH Transfer,Gas Station,1,1
144.5091129344051,44508.26675935611,1.0,57.95984304871234,0.003246719693579954,0.0,0.0,0.42170057732566446,TXN002667,AC64734,CUS31681,M451,DVC_5691,London,ATM Withdrawal,Electronics,0,0
128.03062826291483,13647.920172724791,1.0,3.5310549358003556,0.009380275263003135,0.0,0.0,0.09108251754828832,TXN002668,AC73813,CUS28548,M837,DVC_3015,New York,ACH Transfer,Electronics,0,0
84.63327676877334,3494.1961895415625,2.0,160.18860387559857,0.024214170587051945,0.0,0.0,0.4795429501215546,TXN002669,AC76351,CUS93619,M947,DVC_6370,London,Online Purchase,Gas Station,0,0
86.55381007240484,833.0021105764151,2.0,320.5475334002549,0.10378128421351805,0.0,0.0,0.10848101342763357,TXN002670,AC11119,CUS70412,M147,DVC_1162,Singapore,ATM Withdrawal,Travel,0,0
182.41678297007405,2717.0650948101456,1.0,84.32056110051536,0.06711273520210365,0.0,0.0,0.2137038675436894,TXN002671,AC70612,CUS44546,M345,DVC_5749,Moscow,Online Purchase,Gas Station,0,0
46.42184867073288,22909.028657408526,2.0,35.27951565469304,0.002026267595074405,0.0,0.0,0.06762172879959905,TXN002672,AC94075,CUS25524,M130,DVC_9541,Lagos,POS Debit,Retail,0,0
37.239278164838204,6547.117756370529,1.0,58.946576992489554,0.005687020232433798,0.0,0.0,0.3242984153002904,TXN002673,AC47933,CUS63421,M794,DVC_1030,Moscow,POS Debit,Retail,0,0
30978.50024146465,75.32302275500575,6.0,19.75749748497719,5.0,1.0,1.0,0.7384844517007739,TXN002674,AC76745,CUS71046,M574,DVC_7601,New York,ACH Transfer,Electronics,1,1
127.0459711147592,17269.977781016045,2.0,74.17223861845554,0.007356038130881385,0.0,0.0,0.12977501671567643,TXN002675,AC73810,CUS27132,M576,DVC_9005,Sydney,Online Purchase,Gas Station,0,0
133.5533911494152,7569.506653969696,1.0,103.85169791576811,0.017641275181943694,0.0,0.0,0.2129543215155546,TXN002676,AC98348,CUS49066,M356,DVC_3175,Tokyo,ATM Withdrawal,Electronics,0,0
45.746058871057414,119915.33539627022,1.0,158.64153696020034,0.0003814831292157737,0.0,1.0,0.21888363300979066,TXN002677,AC90521,CUS64930,M225,DVC_3826,London,ACH Transfer,Travel,0,0
37.67917008858899,16400.48654995349,2.0,62.521708737882776,0.002297302136232026,0.0,0.0,0.0793509787568556,TXN002678,AC40022,CUS41314,M318,DVC_4619,New York,POS Debit,Restaurant,0,0
1662.6948202688848,9207.747669794946,7.0,4.67174488747489,0.18055601911241298,0.0,0.0,0.8534796579992787,TXN002679,AC37372,CUS60959,M344,DVC_6065,Lagos,POS Debit,Restaurant,1,1
113.21842093341188,42244.61198344092,2.0,40.897873605159454,0.0026800042801555413,0.0,0.0,0.2867429265403115,TXN002680,AC88101,CUS34562,M579,DVC_1847,Singapore,POS Debit,Travel,0,0
65.19179199327905,5256.270144433733,2.0,108.97579004425955,0.012400312367874516,0.0,0.0,0.13810198850598635,TXN002681,AC37235,CUS34288,M542,DVC_1791,Singapore,ACH Transfer,Retail,0,0
105.58999357567527,793.5838555222439,1.0,331.6578459976358,0.13288716205576032,0.0,0.0,0.06333997590493774,TXN002682,AC76573,CUS20473,M750,DVC_8892,Chicago,ATM Withdrawal,Retail,0,0
66.49826103354923,20952.017870373016,1.0,12.598459853639662,0.0031736841654478763,0.0,0.0,0.34371625991265015,TXN002683,AC78869,CUS77745,M600,DVC_1508,Sydney,POS Debit,Retail,0,0
38.71349664870602,585.377413136561,1.0,12.743683080237798,0.066021466348142,0.0,0.0,0.3069375344667928,TXN002684,AC92333,CUS55182,M326,DVC_8079,London,ACH Transfer,Electronics,0,0
68.59538989097506,3391.49988395284,2.0,344.9603512194085,0.02021971768236282,0.0,0.0,0.28388423278858244,TXN002685,AC38718,CUS61892,M997,DVC_8977,Paris,ACH Transfer,Electronics,0,0
92.03056219713098,462.18528882353934,1.0,169.5356163352935,0.1986905983799327,0.0,0.0,0.27083554719151026,TXN002686,AC83440,CUS72557,M913,DVC_5332,Dubai,Wire Transfer,Restaurant,0,0
45.73678427162004,2440.819786534354,2.0,97.49559327746277,0.01873061416073367,0.0,0.0,0.32716814554408974,TXN002687,AC92575,CUS88936,M868,DVC_8775,New York,Wire Transfer,Retail,0,0
7291.47844949031,1555.6281527996666,6.0,9.101286540063214,4.684149156865918,1.0,1.0,0.9747966591437005,TXN002688,AC25555,CUS45595,M354,DVC_4024,Moscow,ATM Withdrawal,Retail,1,1
186.69491456890316,7473.679495189356,1.0,135.72533391409092,0.024976979238917,0.0,0.0,0.12039401793157116,TXN002689,AC82993,CUS40968,M169,DVC_4070,Moscow,POS Debit,Travel,0,0
120.16956840578254,56618.69968036288,1.0,34.853488438865,0.00212239854828231,0.0,0.0,0.14925970018442997,TXN002690,AC41488,CUS64332,M554,DVC_2074,New York,Wire Transfer,Restaurant,0,0
8.128408620077222,435.13547673380765,2.0,193.98566136317697,0.01863734791984909,0.0,1.0,0.3082969155809473,TXN002691,AC28863,CUS42374,M677,DVC_6968,Lagos,ATM Withdrawal,Electronics,0,0
12.257964944789762,4091.5973011051865,1.0,6.981065367244336,0.00299515540937281,0.0,0.0,0.15286971982786357,TXN002692,AC32305,CUS94663,M101,DVC_1468,Moscow,Wire Transfer,Restaurant,0,0
27.030470384106593,4115.480135961084,1.0,5.380461915304055,0.006566403697171183,0.0,0.0,0.20844672689257004,TXN002693,AC46374,CUS15896,M594,DVC_2915,Dubai,POS Debit,Retail,0,0
31972.432215313787,9379.949284312337,9.0,34.343643000178304,3.4082299398826246,0.0,1.0,0.675389809339222,TXN002694,AC15203,CUS40261,M424,DVC_5483,Lagos,ACH Transfer,Retail,1,1
60.75232931277253,70646.79377020172,2.0,111.21364824364981,0.0008599324348384257,0.0,1.0,0.1723337192154893,TXN002695,AC71182,CUS93055,M880,DVC_8229,Singapore,POS Debit,Electronics,0,0
85.08879049538845,7064.946084489777,2.0,212.65789404615418,0.012042094501989483,0.0,0.0,0.26029307122553996,TXN002696,AC41767,CUS93630,M502,DVC_8320,Chicago,Wire Transfer,Electronics,0,0
408.9679937495773,18.219490781327675,7.0,0.7019705901053098,5.0,0.0,1.0,0.8089018865629789,TXN002697,AC47772,CUS96706,M950,DVC_1735,Moscow,POS Debit,Restaurant,1,1
36058.16770189483,1344.1156727913794,6.0,16.84645771441254,5.0,1.0,0.0,0.9783464899809402,TXN002698,AC65620,CUS66436,M914,DVC_9133,Moscow,ACH Transfer,Gas Station,1,1
720.5669832407506,1412.9895277182754,4.0,8.466018428733676,0.5095985289251145,0.0,1.0,0.764718448986331,TXN002699,AC26699,CUS63126,M228,DVC_9169,Chicago,Online Purchase,Retail,1,1
432.06295428519513,1226.8959416544526,2.0,140.57113068954928,0.35187261365408423,0.0,0.0,0.24285472760638516,TXN002700,AC42293,CUS33578,M582,DVC_6048,Moscow,ACH Transfer,Retail,0,0
134.4709442716445,4596.213776440113,1.0,304.7024864375051,0.029250531041385044,0.0,0.0,0.07651292020642741,TXN002701,AC97983,CUS79039,M245,DVC_6821,Singapore,Wire Transfer,Gas Station,0,0
73.38932235018703,91323.93464541217,1.0,100.28803004049915,0.0008036066232638015,0.0,0.0,0.077294701687358,TXN002702,AC32425,CUS67022,M724,DVC_6676,Chicago,ACH Transfer,Restaurant,0,0
121.58230251532889,750.7142086814883,1.0,40.46238261577613,0.1617400617298229,0.0,0.0,0.4295241132722068,TXN002703,AC94181,CUS33402,M899,DVC_5477,Paris,ATM Withdrawal,Travel,0,0
32.439455846324705,5863.990550649411,1.0,6.652973636833893,0.005531032926000673,0.0,0.0,0.15515889640046668,TXN002704,AC92764,CUS58802,M195,DVC_1095,New York,POS Debit,Travel,0,0
36.93040875450246,6228.758511943683,1.0,102.83518875045384,0.0059280642554120746,1.0,0.0,0.15541313993979175,TXN002705,AC44282,CUS50863,M600,DVC_5388,Moscow,Online Purchase,Retail,0,0
214.88756636801133,2894.5394605484244,1.0,42.19237780542994,0.07421330957351586,0.0,0.0,0.16884146860496133,TXN002706,AC97043,CUS83165,M555,DVC_5436,Lagos,Online Purchase,Travel,0,0
17479.00452585272,389.9987282713422,9.0,15.206271857670268,5.0,1.0,0.0,0.7538441597469867,TXN002707,AC60882,CUS98069,M878,DVC_9910,Paris,POS Debit,Restaurant,1,1
125.81666792569932,15133.544623243175,1.0,45.695805924828164,0.008313211335904609,0.0,0.0,0.007707496286889051,TXN002708,AC78721,CUS33230,M503,DVC_7681,Paris,POS Debit,Travel,0,0
186.43220686999308,66863.07288022857,1.0,23.909990269237205,0.002788226903316868,0.0,0.0,0.14211505251574683,TXN002709,AC27622,CUS42752,M107,DVC_8015,Moscow,ATM Withdrawal,Electronics,0,0
72.49589806781962,8031.028943715475,2.0,159.65442366121397,0.009025851198474927,0.0,0.0,0.257270379825853,TXN002710,AC15455,CUS78594,M319,DVC_8374,Lagos,ACH Transfer,Restaurant,0,0
46.03001958323493,8073.918753432896,2.0,16.302982119911302,0.005700369376926072,0.0,1.0,0.12371516679376598,TXN002711,AC45692,CUS96545,M824,DVC_6055,Dubai,Online Purchase,Gas Station,0,0
192.3541567532726,24312.311671458334,1.0,1.1092184793067634,0.007911474971099033,0.0,0.0,0.2167903364707911,TXN002712,AC16796,CUS59310,M201,DVC_8658,Lagos,Wire Transfer,Retail,0,0
595.1325274465067,30747.245236595332,2.0,42.573578735752314,0.019355007834339886,0.0,0.0,0.06951234224483287,TXN002713,AC68534,CUS39623,M777,DVC_8002,Paris,POS Debit,Restaurant,0,0
537.9879307298448,19466.907461181847,1.0,180.17010358068535,0.02763460489025691,0.0,0.0,0.042218384553655786,TXN002714,AC32423,CUS54510,M873,DVC_7010,Lagos,POS Debit,Travel,0,0
237.11544114080849,560.1823626470517,1.0,36.92434009967996,0.42252832042396016,0.0,0.0,0.18774741727310024,TXN002715,AC37007,CUS83957,M101,DVC_4681,New York,Online Purchase,Restaurant,0,0
90.03950134755277,2170.2662194085356,2.0,168.81305896850427,0.04146866033409759,0.0,0.0,0.3217536959165261,TXN002716,AC58121,CUS81161,M813,DVC_8190,Chicago,POS Debit,Gas Station,0,0
145.77350281250563,3142.0584022680555,2.0,36.57016082614311,0.046379508159095716,0.0,0.0,0.2832925558853282,TXN002717,AC60261,CUS31171,M589,DVC_3809,London,Online Purchase,Restaurant,0,0
192.38877245523705,69877.78793546335,1.0,40.74097739998139,0.0027531784414022457,0.0,0.0,0.07671582599814734,TXN002718,AC89445,CUS24031,M940,DVC_7035,London,Wire Transfer,Gas Station,0,0
83.81144494840109,2116.2379440495997,2.0,7.580467109285684,0.03958527438257439,0.0,0.0,0.12418215546453726,TXN002719,AC37692,CUS77216,M794,DVC_7126,Lagos,Wire Transfer,Gas Station,0,0
93.12866683710705,4635.60232305216,1.0,55.39432475455901,0.020085541167525183,0.0,0.0,0.28857130602320785,TXN002720,AC57049,CUS32686,M870,DVC_9696,Sydney,Online Purchase,Restaurant,0,0
409.5671720342385,28981.6451514464,2.0,22.3816200116981,0.014131462807969368,0.0,0.0,0.14784489677563992,TXN002721,AC92542,CUS69924,M933,DVC_7128,Lagos,POS Debit,Retail,0,0
805.2974048885511,7121.655282005388,2.0,254.85427063577342,0.11306140378898404,0.0,0.0,0.05299272958745088,TXN002722,AC28721,CUS98744,M839,DVC_6978,Moscow,ATM Withdrawal,Retail,0,0
102.2802171209601,13126.519038228178,1.0,18.220008567233656,0.007791283091886102,0.0,0.0,0.33423090074234835,TXN002723,AC85658,CUS24630,M299,DVC_5060,Singapore,ATM Withdrawal,Travel,0,0
24.697604780559917,23083.07418806276,1.0,47.51087048723679,0.0010698979989126679,0.0,0.0,0.3399610133777527,TXN002724,AC44026,CUS78520,M125,DVC_3984,Paris,ACH Transfer,Restaurant,0,0
33090.71177524839,2695.2466725478544,5.0,32.297840181900206,5.0,0.0,0.0,0.6823036226063939,TXN002725,AC14501,CUS11823,M449,DVC_3796,Chicago,ATM Withdrawal,Restaurant,1,1
24.58514492405622,65023.672007713976,1.0,56.98263584139864,0.00037808948765077427,0.0,0.0,0.06575282684915275,TXN002726,AC83376,CUS94248,M201,DVC_6444,London,POS Debit,Electronics,0,0
63.4229940141529,8382.875550069903,1.0,38.17154077146372,0.007564877798505024,0.0,0.0,0.07799412536260875,TXN002727,AC17289,CUS89284,M747,DVC_5931,Sydney,ATM Withdrawal,Retail,0,0
31.47703070685389,5264.959440340999,1.0,273.1114218146592,0.005977454073367413,0.0,0.0,0.040523323637758235,TXN002728,AC85696,CUS42672,M430,DVC_4926,Moscow,ACH Transfer,Gas Station,0,0
1088.0012543092712,7359.3269318684725,2.0,72.47810761675753,0.14781969121486757,0.0,0.0,0.1815318943612725,TXN002729,AC70639,CUS67702,M956,DVC_8956,Sydney,Wire Transfer,Electronics,0,0
534.2902519347265,4828.3155664993965,1.0,0.6776674042041598,0.110634777242775,0.0,0.0,0.12519451872469836,TXN002730,AC93943,CUS84740,M471,DVC_4808,Sydney,Online Purchase,Restaurant,0,0
24.28743039040676,11113.337682090289,2.0,201.73084555402392,0.002185234161954938,0.0,0.0,0.2601366279981401,TXN002731,AC17190,CUS67125,M296,DVC_9680,Lagos,ATM Withdrawal,Electronics,0,0
1065.4919256119397,5096.168380622457,4.0,3.708756727964418,0.20903604630024478,1.0,0.0,0.772084285692825,TXN002732,AC85972,CUS25606,M609,DVC_8311,Paris,Online Purchase,Retail,1,1
66.48113467576502,16233.129082696874,2.0,21.902066625052036,0.004095146363387233,0.0,0.0,0.2760671507138569,TXN002733,AC61678,CUS47979,M129,DVC_7943,Dubai,Online Purchase,Restaurant,0,0
51.085020164278255,4891.093197148705,1.0,101.43318185673118,0.010442364465593688,0.0,0.0,0.3051661405383232,TXN002734,AC73772,CUS78430,M398,DVC_3713,New York,Wire Transfer,Retail,0,0
2178.876470810859,218.08139628293515,6.0,9.950603437582211,5.0,1.0,0.0,0.7458182717664804,TXN002735,AC46440,CUS94615,M232,DVC_7118,Sydney,ACH Transfer,Electronics,1,1
48.073561805116206,2806.409389784207,2.0,26.828210151336176,0.017123815992084932,0.0,0.0,0.10923507469786625,TXN002736,AC21260,CUS63193,M867,DVC_6713,Moscow,POS Debit,Travel,0,0
40.67531456291385,10271.556383008834,2.0,202.60489867626157,0.003959609764731225,0.0,0.0,0.09602823029242676,TXN002737,AC28297,CUS15410,M631,DVC_2414,London,POS Debit,Gas Station,0,0
127.4507261425262,2352.4879699314256,2.0,100.8082487292694,0.054153973919076275,0.0,0.0,0.12969333814552472,TXN002738,AC12445,CUS49392,M407,DVC_7231,Lagos,POS Debit,Gas Station,0,0
18.466771584408498,16937.044273021107,1.0,360.92192581252596,0.0010902540627917914,0.0,0.0,0.16204014708130424,TXN002739,AC18976,CUS82333,M120,DVC_9591,Moscow,ACH Transfer,Travel,0,0
241.40407567025701,1819.4270227058057,1.0,97.81737125425393,0.13260848837073633,0.0,0.0,0.0703763001048889,TXN002740,AC93407,CUS64788,M998,DVC_5055,Dubai,ACH Transfer,Travel,0,0
34.77765607930698,122266.64146791627,2.0,55.32672179244351,0.00028443875797205787,0.0,0.0,0.10574998075277076,TXN002741,AC31275,CUS92767,M140,DVC_5099,Moscow,ACH Transfer,Travel,0,0
1753.053678841279,812.015657299962,4.0,34.327055005267084,2.1562360615085794,1.0,1.0,0.8915295691413602,TXN002742,AC64386,CUS14884,M991,DVC_6292,Moscow,ATM Withdrawal,Retail,1,1
2412.584484286212,426.0906870958153,6.0,5.515666577061451,5.0,1.0,0.0,0.8927502232148933,TXN002743,AC90507,CUS28745,M597,DVC_4817,Paris,Online Purchase,Restaurant,1,1
1272.9905370328145,1353.1952872648346,7.0,33.14289771002134,0.9400346825929108,0.0,0.0,0.4703921608854044,TXN002744,AC75985,CUS54600,M975,DVC_7482,New York,ACH Transfer,Travel,1,1
20.38137312049259,24289.660778824615,2.0,153.02029676905764,0.0008390621114045631,0.0,0.0,0.1655890083543942,TXN002745,AC90643,CUS92417,M571,DVC_6325,Singapore,ACH Transfer,Retail,0,0
90.58534451659307,13693.821666538868,1.0,114.51120794431837,0.0066145691212558125,0.0,0.0,0.2039346478721719,TXN002746,AC44195,CUS44936,M763,DVC_7201,Lagos,ATM Withdrawal,Electronics,0,0
70.03070239315741,1900.9673430653772,2.0,111.44915677134117,0.03682013923556111,0.0,0.0,0.06104508740979876,TXN002747,AC74168,CUS17133,M407,DVC_6900,London,Online Purchase,Electronics,0,0
52.698125209502166,649.3760370283381,1.0,63.89482778505836,0.0810271630705945,0.0,0.0,0.26340662155480965,TXN002748,AC78131,CUS45179,M558,DVC_4323,Chicago,POS Debit,Travel,0,0
82.17562881197217,5173.099691681729,1.0,118.09851626809663,0.015882111615298768,0.0,0.0,0.4955213421514443,TXN002749,AC61428,CUS38832,M613,DVC_8646,Chicago,Wire Transfer,Electronics,0,0
260.93331278821296,5049.553068525279,1.0,120.6943619096116,0.051664304730175505,0.0,0.0,0.11074389149360994,TXN002750,AC81301,CUS92583,M602,DVC_3603,New York,ACH Transfer,Travel,0,0
69.87051290654155,13183.05941289341,2.0,330.9298994058789,0.005299620603818833,0.0,0.0,0.07109919119092002,TXN002751,AC67587,CUS84277,M143,DVC_2565,Tokyo,ACH Transfer,Electronics,0,0
20.714669410366106,2479.9464381868315,2.0,65.11077476366816,0.008349502871777095,0.0,0.0,0.11287489345495272,TXN002752,AC54268,CUS68417,M140,DVC_5619,Lagos,Wire Transfer,Electronics,0,0
4210.0992662326325,886.8961392198584,4.0,3.4899143082224664,4.741657363136861,1.0,1.0,0.9400787611942187,TXN002753,AC84673,CUS80378,M937,DVC_2315,Moscow,ACH Transfer,Restaurant,1,1
41.09986845593509,984.0231972663347,2.0,95.18689497525571,0.04172477213734321,1.0,0.0,0.14564342801147437,TXN002754,AC89807,CUS53096,M362,DVC_8367,Chicago,ACH Transfer,Restaurant,0,0
164.15299112092347,2474.212178115163,2.0,139.731274763116,0.06631875544743138,0.0,0.0,0.1336806874643121,TXN002755,AC92946,CUS27276,M393,DVC_5119,Paris,ACH Transfer,Electronics,0,0
42.43355032084528,2980.1440718007025,2.0,139.53583109229461,0.014233981752922833,0.0,0.0,0.39182447466472514,TXN002756,AC85251,CUS70112,M784,DVC_2654,Moscow,Wire Transfer,Restaurant,0,0
48.92222356258047,15230.411225276175,2.0,90.94296891067046,0.0032119297968526495,0.0,0.0,0.23117382433335681,TXN002757,AC79228,CUS52208,M108,DVC_4458,New York,ATM Withdrawal,Travel,0,0
165.74824286206288,111.9508578312054,1.0,468.93045248547804,1.4674367777689505,0.0,0.0,0.26409856755125594,TXN002758,AC78585,CUS77969,M152,DVC_1241,Sydney,ATM Withdrawal,Gas Station,0,0
37685.64359647277,2024.9925089259675,5.0,5.093006395958172,5.0,1.0,1.0,0.8662578989732452,TXN002759,AC65298,CUS60342,M895,DVC_5298,New York,Wire Transfer,Travel,1,1
129.0976676592077,1926.8591396426204,1.0,25.54954636312751,0.06696426362516265,0.0,0.0,0.191067391345852,TXN002760,AC99504,CUS32411,M227,DVC_5332,Dubai,ATM Withdrawal,Restaurant,0,0
22.873363395262725,969.8090651920726,2.0,271.3871151203952,0.023561134949576595,0.0,0.0,0.09995619083774876,TXN002761,AC49866,CUS26720,M630,DVC_4069,Singapore,POS Debit,Retail,0,0
1610.1758929424257,2456.9214400753017,1.0,106.91249399465495,0.6550965652071841,0.0,1.0,0.15639362919209018,TXN002762,AC58378,CUS39261,M743,DVC_9485,Dubai,POS Debit,Electronics,0,0
138.16084959261278,13370.284513375767,2.0,1.0067760394099587,0.010332653489977393,0.0,0.0,0.12918616161226004,TXN002763,AC72519,CUS43202,M624,DVC_5305,New York,Wire Transfer,Restaurant,0,0
12641.747363776865,37.656351742910786,8.0,5.128985760551967,5.0,1.0,1.0,0.8994893987411682,TXN002764,AC34636,CUS93191,M831,DVC_9979,Chicago,Online Purchase,Restaurant,1,1
54.91286414527694,111418.06947564728,2.0,72.98192839477086,0.0004928497823909683,0.0,0.0,0.2502385993846136,TXN002765,AC21590,CUS39739,M878,DVC_2632,Dubai,ACH Transfer,Restaurant,0,0
3671.935461133765,509.406973156323,7.0,8.288586795060212,5.0,0.0,0.0,0.7416509506398418,TXN002766,AC29990,CUS85559,M856,DVC_4073,Dubai,Online Purchase,Travel,1,1
13910.770000486298,2252.4440117666577,9.0,2.9881758033787227,5.0,1.0,1.0,0.854026942012913,TXN002767,AC16669,CUS69500,M869,DVC_5070,Singapore,ACH Transfer,Electronics,1,1
30.293210319788926,25257.609986133266,1.0,126.75740698660472,0.0011993221454553362,0.0,0.0,0.17366029725410026,TXN002768,AC26773,CUS11767,M239,DVC_3276,Tokyo,ATM Withdrawal,Gas Station,0,0
51.871365868595284,6740.818256683824,2.0,25.83846533435929,0.007693972737572705,0.0,0.0,0.24608890309903306,TXN002769,AC25648,CUS55598,M993,DVC_3601,Lagos,ATM Withdrawal,Restaurant,0,0
262.72735092833665,28471.143151750664,1.0,143.76503260573105,0.009227522829175659,0.0,0.0,0.18768190097680915,TXN002770,AC80152,CUS20184,M858,DVC_9577,Sydney,POS Debit,Retail,0,0
19981.087867429902,8314.450161232842,4.0,9.513128917842451,2.4028870933028985,1.0,1.0,0.8508753550686319,TXN002771,AC19867,CUS34249,M331,DVC_8682,London,Online Purchase,Electronics,1,1
156.18107871393323,30962.947729843996,1.0,48.66202399469488,0.005043965326275279,0.0,0.0,0.3276769321771438,TXN002772,AC75788,CUS96698,M667,DVC_1527,Chicago,Wire Transfer,Gas Station,0,0
39.913157656823,3344.785568099848,2.0,152.94189758110497,0.011929383053526242,0.0,0.0,0.26323871053459247,TXN002773,AC83588,CUS78716,M187,DVC_2411,Singapore,ACH Transfer,Retail,0,0
99.30493128159168,29980.291660435963,1.0,236.84810745805106,0.003312229920121716,0.0,0.0,0.1255419058707136,TXN002774,AC95086,CUS57942,M865,DVC_6085,Moscow,ATM Withdrawal,Gas Station,0,0
361.8376982951404,25325.534720464813,1.0,121.61801456233454,0.014286901160732488,0.0,0.0,0.07856439894513781,TXN002775,AC52674,CUS45079,M663,DVC_5197,London,ACH Transfer,Gas Station,0,0
219.8686594993634,2140.951877555003,1.0,97.66012304539149,0.10264873912589448,0.0,0.0,0.07001914824360429,TXN002776,AC69437,CUS84256,M858,DVC_1389,London,Wire Transfer,Electronics,0,0
2268186.7246258496,3761.472660216394,4.0,24.682085162296193,5.0,1.0,1.0,0.9189347098914794,TXN002777,AC97843,CUS73581,M863,DVC_4638,Chicago,ACH Transfer,Travel,1,1
31.91930746489212,1487.5652342846538,1.0,309.5880263569991,0.021443002113529334,0.0,0.0,0.07748220001737545,TXN002778,AC53532,CUS28769,M736,DVC_4792,London,POS Debit,Retail,0,0
69.2054326073918,159677.9093714971,1.0,42.075107670449704,0.00043340371549246726,0.0,0.0,0.23428098711374273,TXN002779,AC17865,CUS85316,M300,DVC_1840,London,Wire Transfer,Restaurant,0,0
648.0457243954583,7734.233017533432,1.0,34.075651072889755,0.08377843601175747,0.0,0.0,0.13988875779487514,TXN002780,AC60657,CUS66294,M487,DVC_6712,Paris,Wire Transfer,Gas Station,0,0
115.95717717249886,1418.4559986458619,1.0,127.6273292195227,0.08169127981643681,0.0,0.0,0.36799224683270987,TXN002781,AC54628,CUS71326,M460,DVC_1234,New York,ACH Transfer,Retail,0,0
117.6703059987799,22478.85887014656,1.0,140.5281613320673,0.005234477079170948,0.0,0.0,0.25357299783697446,TXN002782,AC22705,CUS93564,M231,DVC_1113,Lagos,ACH Transfer,Electronics,0,0
202.22638431573048,589.4018856200254,6.0,9.318690976002038,0.34252326972729324,1.0,1.0,0.6887885721244191,TXN002783,AC56057,CUS44360,M276,DVC_7079,New York,ATM Withdrawal,Retail,1,1
817.1481496599572,97179.23909582844,1.0,103.96767522711473,0.008408583445181441,0.0,0.0,0.2012635627823969,TXN002784,AC41786,CUS71075,M151,DVC_4138,New York,ACH Transfer,Restaurant,0,0
26.337026763482648,33670.98805699772,2.0,16.2358828683978,0.0007821642939199511,0.0,0.0,0.3597669108978654,TXN002785,AC74383,CUS58188,M645,DVC_1808,Paris,Wire Transfer,Restaurant,0,0
141.01522789712922,2348.470339406689,2.0,185.7722690245649,0.06002000771490469,0.0,0.0,0.04329395208370382,TXN002786,AC75179,CUS75613,M121,DVC_6159,Lagos,ACH Transfer,Electronics,0,0
109.14625559313068,2773.81521237119,1.0,662.9594257254091,0.03933460329412742,0.0,0.0,0.2596788064861911,TXN002787,AC47422,CUS81194,M752,DVC_8900,Singapore,ATM Withdrawal,Retail,0,0
62.52264214569675,12643.08125029273,1.0,151.25513155946433,0.00494481496188181,0.0,0.0,0.18291591279284047,TXN002788,AC88754,CUS64702,M418,DVC_1410,Lagos,Online Purchase,Travel,0,0
2064.5159538920852,198.81403027901462,4.0,0.7409748138243883,5.0,1.0,0.0,0.8355159697673428,TXN002789,AC54237,CUS38770,M882,DVC_2318,Sydney,POS Debit,Travel,1,1
177.09582036075454,40598.119186996955,1.0,234.8006685175438,0.004362060653214235,0.0,0.0,0.10318043212294971,TXN002790,AC99809,CUS58667,M267,DVC_6684,Dubai,Wire Transfer,Gas Station,0,0
605.3083079287941,286.07985489329525,5.0,34.236806318507625,2.1085015113783627,1.0,1.0,0.7215883323008682,TXN002791,AC60450,CUS61845,M137,DVC_5903,Paris,ATM Withdrawal,Gas Station,1,1
1508.5301336961888,1432.3117359202597,5.0,37.50862096919975,1.0524787426844273,0.0,0.0,0.8296786801520099,TXN002792,AC39792,CUS33336,M972,DVC_1066,Tokyo,POS Debit,Retail,1,1
559.2405896037587,517.4658229737868,7.0,19.16519176263688,1.0786450423985487,1.0,0.0,0.9083993670916645,TXN002793,AC86978,CUS93258,M857,DVC_7546,Sydney,ACH Transfer,Gas Station,1,1
216.3542137188366,102.37228434477026,1.0,25.141024261045278,2.0929615233929213,1.0,0.0,0.09015394081754859,TXN002794,AC91043,CUS62446,M846,DVC_3253,Paris,ACH Transfer,Restaurant,0,0
59001.93640366472,346.3007013011934,5.0,47.873080913909234,5.0,1.0,0.0,0.6860546312684775,TXN002795,AC73871,CUS97228,M666,DVC_9532,Paris,Online Purchase,Electronics,1,1
317.5976325663859,291.4218112925997,2.0,377.12889147952774,1.0860941978387346,0.0,0.0,0.15635707227237106,TXN002796,AC85992,CUS21215,M472,DVC_9187,London,ACH Transfer,Gas Station,0,0
39.240536863587835,88068.75620738167,1.0,16.133852293169326,0.0004455620016840565,0.0,0.0,0.11682695166110331,TXN002797,AC70197,CUS32832,M731,DVC_6953,Sydney,POS Debit,Travel,0,0
127.35804511456698,15708.554688348508,1.0,16.28957777583537,0.008107043620340565,0.0,0.0,0.24000819411947777,TXN002798,AC21899,CUS90227,M677,DVC_1955,Moscow,ATM Withdrawal,Restaurant,0,0
12066.938612069325,1831.1325886614181,4.0,3.208167463876412,5.0,0.0,1.0,0.5652758342541531,TXN002799,AC42244,CUS37396,M933,DVC_5304,Paris,Online Purchase,Travel,1,1
564.2291048862853,3018.838342289499,2.0,63.909501021518565,0.18684083084345285,0.0,0.0,0.2991508888141505,TXN002800,AC75179,CUS42223,M526,DVC_6633,Paris,POS Debit,Gas Station,0,0
573.5770247063465,16215.54187152788,2.0,175.2502341168787,0.03536987288969431,0.0,0.0,0.3955548174117297,TXN002801,AC33584,CUS34298,M939,DVC_3010,Dubai,ATM Withdrawal,Gas Station,0,0
44.789910556359246,1835.4836792380686,1.0,20.460859147203596,0.024388951049617795,0.0,0.0,0.08432235405085874,TXN002802,AC21020,CUS44855,M265,DVC_7819,New York,POS Debit,Restaurant,0,0
24705.389779632464,1003.9362582299511,9.0,0.8864208084425118,5.0,0.0,1.0,0.9061195481237777,TXN002803,AC42983,CUS68481,M821,DVC_2888,Moscow,ACH Transfer,Travel,1,1
92.70405446582154,5950.382925403372,2.0,8.996486313081979,0.015576892905028164,0.0,0.0,0.08326954234714916,TXN002804,AC24251,CUS84406,M601,DVC_1368,New York,POS Debit,Electronics,0,0
105.11609629768832,38467.471864782405,1.0,226.67249461840532,0.002732525915434694,1.0,0.0,0.09245025567535989,TXN002805,AC81780,CUS99709,M174,DVC_2762,Chicago,Online Purchase,Electronics,0,0
47.1007245263337,9036.441951683284,1.0,141.90835426664225,0.005211731901366279,0.0,0.0,0.5462473096685666,TXN002806,AC42947,CUS83957,M539,DVC_1993,London,POS Debit,Restaurant,0,0
496.358160202139,9520.156450356357,2.0,126.39000331309836,0.05213212940992702,0.0,0.0,0.2896631846682977,TXN002807,AC61838,CUS74899,M745,DVC_9273,Lagos,Wire Transfer,Gas Station,0,0
66.88519467513858,3819.5839408903253,1.0,32.064620591050655,0.01750653714456855,0.0,0.0,0.3170005536986352,TXN002808,AC64731,CUS45596,M364,DVC_2187,New York,ACH Transfer,Restaurant,0,0
29727.64562305332,1292.5970267631099,9.0,6.078151307433047,5.0,1.0,0.0,0.7864009954384406,TXN002809,AC26760,CUS77848,M505,DVC_1376,Tokyo,POS Debit,Travel,1,1
1989.5250187528668,24742.521617573893,1.0,139.7819895733021,0.08040589571291348,0.0,0.0,0.14648069539887093,TXN002810,AC83581,CUS65610,M785,DVC_1002,Tokyo,ATM Withdrawal,Electronics,0,0
339.21398063042597,17225.001986979016,2.0,82.94656582911253,0.019691973847839727,0.0,0.0,0.24798505840122118,TXN002811,AC74646,CUS56047,M342,DVC_1683,Lagos,ACH Transfer,Gas Station,0,0
111.66442164994722,9031.000594471325,2.0,48.56315375256987,0.012363199103230721,0.0,0.0,0.13969075525559677,TXN002812,AC28211,CUS37908,M700,DVC_4727,Lagos,ATM Withdrawal,Travel,0,0
210.55152805498298,10593.989333025867,1.0,128.1046076899487,0.01987274563822998,0.0,0.0,0.3366020664508841,TXN002813,AC34156,CUS34482,M861,DVC_1763,New York,Online Purchase,Electronics,0,0
351.6649121971325,1470.6672588417368,2.0,60.75855262212326,0.23895680907782602,0.0,0.0,0.2640687071583846,TXN002814,AC33961,CUS52352,M642,DVC_9457,Singapore,Wire Transfer,Electronics,0,0
106.04275875963752,5647.69196101094,1.0,28.922730219024928,0.018772976025525592,0.0,0.0,0.11538891959329305,TXN002815,AC54186,CUS62887,M376,DVC_3482,Sydney,POS Debit,Retail,0,0
167.87435573828438,20833.017278987685,2.0,71.7457288314655,0.008057704545901255,0.0,0.0,0.06536971542507909,TXN002816,AC28711,CUS99797,M649,DVC_1724,Paris,ACH Transfer,Gas Station,0,0
200.8362675326424,69.71122806990132,2.0,178.43252445764656,2.840231643751208,0.0,0.0,0.27601981783437846,TXN002817,AC89046,CUS22369,M407,DVC_3840,Paris,POS Debit,Restaurant,0,0
17032.096676186713,2497.6730506029853,4.0,14.019482805117114,5.0,1.0,1.0,0.7995639436136436,TXN002818,AC39520,CUS11660,M502,DVC_6346,Lagos,POS Debit,Retail,1,1
116.27434580815248,28863.2129750323,1.0,158.14694485031717,0.004028322057792825,0.0,0.0,0.43815520827317306,TXN002819,AC99504,CUS42997,M749,DVC_3423,Chicago,ACH Transfer,Electronics,0,0
162.71195349266577,1266.3069662008502,2.0,37.992583148375196,0.12839190332902994,0.0,0.0,0.201639685830522,TXN002820,AC34825,CUS36197,M529,DVC_6381,Tokyo,Wire Transfer,Gas Station,0,0
144.54716212471845,96802.28736008442,2.0,13.156275059894492,0.0014932050973335085,0.0,0.0,0.322790193841175,TXN002821,AC82808,CUS27962,M175,DVC_3475,Moscow,Wire Transfer,Gas Station,0,0
51.69027469927473,55176.84777797105,1.0,13.380675845787312,0.0009367939631728681,0.0,0.0,0.06159762752330091,TXN002822,AC47504,CUS97949,M438,DVC_6127,Paris,Online Purchase,Retail,0,0
271.2348384919683,1575.8691522695203,1.0,37.528341106436606,0.17200846252943156,0.0,1.0,0.02744320144399051,TXN002823,AC49238,CUS95707,M864,DVC_7049,New York,ACH Transfer,Travel,0,0
75.87935296698997,2322.538191064744,2.0,44.82423782837228,0.03265681332839157,0.0,0.0,0.28088722688943873,TXN002824,AC56883,CUS75816,M549,DVC_6997,Chicago,ACH Transfer,Travel,0,0
15.545668740553443,27441.391196127384,1.0,9.836044736949567,0.0005664837524343439,0.0,0.0,0.3462598702003154,TXN002825,AC40642,CUS94435,M178,DVC_8424,Chicago,ATM Withdrawal,Restaurant,0,0
78.66563016255745,14956.644998222488,2.0,74.69827023232264,0.005259225644939814,0.0,0.0,0.04376603956449388,TXN002826,AC82056,CUS39201,M137,DVC_7786,Chicago,ATM Withdrawal,Gas Station,0,0
31.13201600404933,3535.530875319566,2.0,28.855624810346168,0.0088029815380125,0.0,0.0,0.08228713607858944,TXN002827,AC38299,CUS59141,M417,DVC_7707,Sydney,ATM Withdrawal,Retail,0,0
307.07269724903614,34117.94358670469,2.0,23.76426286050207,0.009000064625936858,0.0,0.0,0.20695651385157118,TXN002828,AC54046,CUS24014,M427,DVC_6338,Moscow,Wire Transfer,Electronics,0,0
14008.034533561326,13595.516045769486,7.0,10.916612838163113,1.0302664657921603,0.0,0.0,0.7966552221968164,TXN002829,AC94663,CUS58078,M529,DVC_3291,Singapore,Online Purchase,Travel,1,1
45.1158943265863,3262.48651300113,2.0,467.85926316994386,0.013824446384825823,0.0,0.0,0.16200533924185,TXN002830,AC14576,CUS71662,M262,DVC_6034,Chicago,Online Purchase,Retail,0,0
82.56516448521953,2578.777797390033,2.0,72.82550048114297,0.03200475814961695,0.0,0.0,0.326435106103234,TXN002831,AC17183,CUS95006,M457,DVC_5398,Lagos,POS Debit,Restaurant,0,0
46.81001125861529,5160.095568280862,1.0,38.42657888584378,0.009069781917293095,0.0,0.0,0.16412422754245298,TXN002832,AC69100,CUS54211,M739,DVC_5465,Dubai,Online Purchase,Restaurant,0,0
159.93632877808355,9027.7215265003,1.0,337.9694955579726,0.017714172300989976,1.0,0.0,0.17540502816750034,TXN002833,AC86350,CUS23313,M769,DVC_5946,Singapore,ATM Withdrawal,Gas Station,0,0
376.5342509095489,6395.689489405854,1.0,13.628780142620863,0.05886392508705666,0.0,0.0,0.2119875219809437,TXN002834,AC36352,CUS48819,M428,DVC_9238,Lagos,ACH Transfer,Restaurant,0,0
84.82951601208124,8256.441667685407,2.0,41.09670627182279,0.010273099033088208,0.0,0.0,0.39995001617404874,TXN002835,AC71924,CUS65085,M930,DVC_4661,Moscow,POS Debit,Restaurant,0,0
27.452966070538498,10782.026727273855,2.0,16.75996543362372,0.002545942504352774,0.0,0.0,0.18307082613719686,TXN002836,AC58406,CUS42140,M513,DVC_3564,Dubai,Wire Transfer,Travel,0,0
13.226875437901128,3228.00181596346,2.0,75.06654741600143,0.00409627376872643,1.0,0.0,0.2069663266840361,TXN002837,AC87132,CUS65913,M980,DVC_4325,Chicago,Online Purchase,Travel,0,0
299.24280810418713,11676.05340971331,2.0,66.52229395240337,0.02562656841624689,0.0,0.0,0.28569692457297924,TXN002838,AC65552,CUS88590,M694,DVC_5927,Tokyo,ACH Transfer,Restaurant,0,0
56.74305936389438,5742.655522766287,2.0,338.6887286776306,0.009879258799379653,0.0,0.0,0.06259029261602109,TXN002839,AC25544,CUS42781,M575,DVC_1755,London,ATM Withdrawal,Gas Station,0,0
188.46746258833312,4057.188000630589,2.0,216.5712662513832,0.046441284277378904,0.0,0.0,0.20009664711734054,TXN002840,AC99675,CUS42016,M555,DVC_2452,Moscow,Wire Transfer,Travel,0,0
52.682306679293944,43598.88189271112,1.0,103.30265102745733,0.0012083130594007685,0.0,0.0,0.25053900645804805,TXN002841,AC69418,CUS85129,M828,DVC_7179,Singapore,Wire Transfer,Travel,0,0
10.32059567881021,11829.605330191103,2.0,13.57906946818139,0.0008723641259904576,0.0,0.0,0.07995596151652727,TXN002842,AC67173,CUS61406,M813,DVC_1904,Tokyo,Online Purchase,Restaurant,0,0
467.96347789920065,5850.622750170013,1.0,152.5667787169664,0.07997157333589293,0.0,0.0,0.2623963946563413,TXN002843,AC11085,CUS70010,M889,DVC_3454,Tokyo,ACH Transfer,Gas Station,0,0
43.69988749293557,4366.289673422105,1.0,252.97129537511302,0.010006180208031259,0.0,0.0,0.38912913360355383,TXN002844,AC46497,CUS91142,M251,DVC_4487,New York,ATM Withdrawal,Restaurant,0,0
4.908221654328244,8725.128696528835,2.0,33.23718628748686,0.0005624741308572134,0.0,0.0,0.5324561394967434,TXN002845,AC96248,CUS20974,M637,DVC_5060,London,ATM Withdrawal,Electronics,0,0
159.56462182294564,7177.326602354836,1.0,6.063481362026626,0.022228665629479828,0.0,0.0,0.14872501414239797,TXN002846,AC11487,CUS23067,M514,DVC_6804,Dubai,ATM Withdrawal,Electronics,0,0
20.346113811860135,290.7542358293835,1.0,12.442715108781933,0.06973716681103628,0.0,0.0,0.07110908305388484,TXN002847,AC84076,CUS42480,M442,DVC_9970,New York,ATM Withdrawal,Gas Station,0,0
67352.65328836055,23232.186134633976,4.0,43.855684166118,2.898984792617711,0.0,1.0,0.782490039768755,TXN002848,AC34989,CUS81042,M865,DVC_2790,Singapore,Online Purchase,Electronics,1,1
102.21447928758569,27473.338115669452,2.0,46.69287796719056,0.003720361846653174,0.0,0.0,0.21158501228980964,TXN002849,AC91491,CUS11098,M485,DVC_8488,Dubai,Online Purchase,Gas Station,0,0
654.065862632361,6641.889671942083,8.0,1.2274942465537575,0.09846104555897908,0.0,1.0,0.7874443042566788,TXN002850,AC50105,CUS18116,M862,DVC_8736,Chicago,ACH Transfer,Electronics,1,1
149.18207402520787,17046.625266573494,1.0,8.902578650132082,0.00875090059128176,0.0,0.0,0.03849150039663728,TXN002851,AC56369,CUS23354,M266,DVC_2601,Singapore,POS Debit,Retail,0,0
32.72384724371396,26654.884622985654,2.0,3.6576070748501848,0.0012276406394517419,0.0,0.0,0.04196309927717484,TXN002852,AC17102,CUS29588,M964,DVC_4843,Paris,Online Purchase,Travel,0,0
156.74294950991347,10876.51776699831,1.0,140.5017077494541,0.014409808640852007,0.0,0.0,0.30778576229452503,TXN002853,AC76545,CUS18622,M571,DVC_7267,Chicago,ATM Withdrawal,Restaurant,0,0
45.05456916952459,22657.849069942637,2.0,155.85170087631167,0.0019883873638264476,0.0,0.0,0.2112914442052563,TXN002854,AC30766,CUS76330,M239,DVC_4675,Lagos,ACH Transfer,Gas Station,0,0
112.63135239176995,2803.3240640374984,2.0,209.9940056208556,0.0401634582237297,0.0,0.0,0.13780014498153925,TXN002855,AC73794,CUS95886,M328,DVC_2005,Tokyo,ATM Withdrawal,Electronics,0,0
3886.6319556065037,4983.549849098629,2.0,12.713997214953883,0.779735798270597,0.0,0.0,0.3216135123023636,TXN002856,AC98625,CUS54467,M172,DVC_1231,Tokyo,Online Purchase,Retail,0,0
115126.63819160071,9838.975265615405,9.0,9.450065625485646,5.0,1.0,1.0,0.6956219023798617,TXN002857,AC84509,CUS40775,M527,DVC_7576,London,ACH Transfer,Electronics,1,1
879.9440464527046,61999.095718908735,2.0,342.9456187792785,0.01419262399919715,0.0,0.0,0.45810030764441506,TXN002858,AC13079,CUS51167,M398,DVC_5586,New York,ATM Withdrawal,Retail,0,0
244.86488912262053,1345.89840796391,1.0,78.73123270936567,0.1817990782933509,0.0,0.0,0.15324508384476243,TXN002859,AC96372,CUS25074,M335,DVC_3133,Moscow,POS Debit,Restaurant,0,0
195.2456878381768,48689.61179917064,1.0,146.06151825591516,0.004009924719029767,0.0,0.0,0.2368486211510524,TXN002860,AC22167,CUS99935,M806,DVC_2690,New York,Wire Transfer,Travel,0,0
694.1290773025819,16991.734033494187,1.0,163.19705008144487,0.040848581277997516,0.0,0.0,0.344840724301581,TXN002861,AC77722,CUS71909,M699,DVC_2223,Moscow,Wire Transfer,Travel,0,0
97.61526116837828,5744.015929109988,2.0,38.541222668222346,0.016991295128314942,0.0,1.0,0.25843461131224815,TXN002862,AC54279,CUS10579,M196,DVC_5970,Lagos,ATM Withdrawal,Retail,0,0
9.0022499599375,16693.90718440685,1.0,125.93200859093062,0.0005392213242338753,0.0,0.0,0.25802535213083855,TXN002863,AC19398,CUS71689,M577,DVC_3203,Sydney,Wire Transfer,Electronics,0,0
20.02793134887146,23275.584153110914,1.0,65.0332444949395,0.0008604325796744849,0.0,0.0,0.09752094782149565,TXN002864,AC71140,CUS82671,M777,DVC_8882,Chicago,POS Debit,Travel,0,0
880.9779880185091,299.0773597062241,9.0,5.047687416036986,2.935836241964362,0.0,1.0,0.9171344047610934,TXN002865,AC14518,CUS39274,M590,DVC_9343,Chicago,POS Debit,Electronics,1,1
27.95412669711025,11473.130912301973,1.0,106.31887507905772,0.0024362739897920527,0.0,0.0,0.044255322098010225,TXN002866,AC55452,CUS78366,M395,DVC_2351,New York,ATM Withdrawal,Gas Station,0,0
4910.934206827161,169.19783648006165,6.0,16.86164034510808,5.0,0.0,1.0,0.5627366350114587,TXN002867,AC59456,CUS39074,M505,DVC_1171,Lagos,POS Debit,Electronics,1,1
133.95663359511772,17146.128187673574,1.0,127.43978173706482,0.007812190597106174,0.0,0.0,0.3044546593704463,TXN002868,AC64290,CUS81705,M814,DVC_6524,Dubai,Wire Transfer,Gas Station,0,0
59.19817743338909,163.2518937277188,2.0,17.071157808758002,0.360410927934397,0.0,0.0,0.18538968569981684,TXN002869,AC46222,CUS34315,M546,DVC_2429,Sydney,ATM Withdrawal,Gas Station,0,0
15.836205251082019,11637.441589088454,2.0,264.5324687164027,0.0013606809064479176,0.0,0.0,0.08651262081562966,TXN002870,AC16082,CUS22297,M798,DVC_9008,Dubai,Wire Transfer,Travel,0,0
17477.464080613743,469.6552991016759,4.0,6.774606867892374,5.0,1.0,1.0,0.8439838835724642,TXN002871,AC32111,CUS85361,M374,DVC_5857,London,POS Debit,Gas Station,1,1
98.71355373459564,28772.103368927234,1.0,188.42786746390306,0.0034307579710431504,0.0,0.0,0.08846572613010956,TXN002872,AC29939,CUS74101,M119,DVC_6817,New York,POS Debit,Electronics,0,0
1464.9448033811163,93.30908400191186,9.0,1.5360737518878071,5.0,1.0,1.0,0.6969903643447358,TXN002873,AC61826,CUS96014,M986,DVC_4433,Lagos,ACH Transfer,Restaurant,1,1
318.5512663779695,482.98468696238024,2.0,34.51528587199726,0.6581845974865115,0.0,0.0,0.5040942761313743,TXN002874,AC62582,CUS52480,M684,DVC_4199,Lagos,Online Purchase,Electronics,0,0
147.83871024577985,18672.92115494687,1.0,13.26629431040038,0.007916854152863133,0.0,0.0,0.29467258937859037,TXN002875,AC58819,CUS62633,M526,DVC_2359,Singapore,Online Purchase,Retail,0,0
87.29653971692846,4861.498193396428,1.0,125.47713038435623,0.01795302255031838,0.0,1.0,0.34238108394116784,TXN002876,AC83076,CUS25183,M949,DVC_6873,Paris,ATM Withdrawal,Retail,0,0
29.82036914311557,12946.325940294146,2.0,129.15948579427868,0.0023032067996612195,0.0,0.0,0.3502050920481483,TXN002877,AC29533,CUS24879,M460,DVC_9884,Chicago,Wire Transfer,Electronics,0,0
26.917567549352427,153872.6799378554,2.0,46.31147267972334,0.00017493289014874775,0.0,1.0,0.06970642936723044,TXN002878,AC57430,CUS22076,M409,DVC_8432,Lagos,Online Purchase,Retail,0,0
281.56662845890315,30851.959067159103,2.0,4.757933993414783,0.009126081807777454,0.0,0.0,0.04874605702597441,TXN002879,AC13347,CUS13510,M693,DVC_1099,Tokyo,ATM Withdrawal,Restaurant,0,0
195.82594827849982,3568.782831633147,2.0,18.168396250743257,0.05485654380519025,0.0,0.0,0.1612415547209657,TXN002880,AC58479,CUS68875,M907,DVC_4442,Sydney,POS Debit,Retail,0,0
31.79928296135723,3841.588579205976,1.0,174.1815314692698,0.008275484691085029,0.0,0.0,0.11304379791584368,TXN002881,AC13949,CUS64027,M455,DVC_4049,Chicago,Online Purchase,Travel,0,0
458.2835210977191,30666.810448806453,2.0,37.39997989887316,0.014943470511620918,0.0,0.0,0.16949627532907088,TXN002882,AC26888,CUS81343,M126,DVC_9619,Chicago,Wire Transfer,Restaurant,0,0
15.139807789023576,117324.43948044413,1.0,282.87261667618503,0.000129041134267791,0.0,0.0,0.06630384845492612,TXN002883,AC83301,CUS43382,M752,DVC_1586,New York,ACH Transfer,Travel,0,0
29.21288713353494,6143.881352449106,2.0,136.23069820240215,0.004754019721128031,0.0,0.0,0.08258480190216386,TXN002884,AC40084,CUS41930,M146,DVC_1255,Sydney,ACH Transfer,Travel,0,0
113.96207661902963,79607.04974673946,2.0,447.95647675706203,0.001431539611654627,0.0,1.0,0.4659415868583453,TXN002885,AC46174,CUS88665,M555,DVC_2473,Moscow,Online Purchase,Restaurant,0,0
62.20024004469218,1055.8896673313197,1.0,17.37337862586546,0.058852160227613706,0.0,1.0,0.1400889820367921,TXN002886,AC62669,CUS82740,M211,DVC_1720,Moscow,ACH Transfer,Travel,0,0
7094.603055600444,444.10645784511854,4.0,49.91921864426419,5.0,1.0,0.0,0.829342848122258,TXN002887,AC73996,CUS17377,M846,DVC_3000,Lagos,ATM Withdrawal,Retail,1,1
39.36883912718788,2326.006302646544,1.0,25.19187602562649,0.016918234850680478,0.0,0.0,0.15851353766576332,TXN002888,AC53664,CUS17023,M762,DVC_4007,Sydney,Wire Transfer,Electronics,0,0
26.62596772389802,3442.7964949714947,1.0,5.471258480467332,0.007731574081911136,0.0,0.0,0.30888999359520464,TXN002889,AC57634,CUS54446,M474,DVC_8946,Lagos,POS Debit,Restaurant,0,0
526.5473848972458,961.6534543548654,8.0,40.87506684488666,0.5469750121554576,0.0,1.0,0.8705687950070317,TXN002890,AC80793,CUS24306,M414,DVC_5502,Lagos,Wire Transfer,Electronics,1,1
49695.33228502889,6133.738183264112,9.0,0.5275499456185573,5.0,1.0,1.0,0.8541972993776998,TXN002891,AC48291,CUS17934,M944,DVC_7190,Singapore,POS Debit,Restaurant,1,1
117.79089523117284,7704.664109312202,1.0,86.72669789391325,0.01528627429903465,0.0,0.0,0.20972186715644736,TXN002892,AC19910,CUS83540,M225,DVC_6112,Chicago,ACH Transfer,Restaurant,0,0
195.30862844434287,113752.7130253479,1.0,88.11636345247602,0.001716942886961606,0.0,0.0,0.3855111782821777,TXN002893,AC40604,CUS53105,M106,DVC_2731,Sydney,ATM Withdrawal,Travel,0,0
16089.393931400053,9339.41898003838,4.0,12.727428413381778,1.7225559116550404,0.0,0.0,0.7349646598337439,TXN002894,AC30883,CUS31946,M661,DVC_5901,Dubai,POS Debit,Electronics,1,1
163.6722738304603,2112.233108571058,2.0,32.54086949841148,0.07745112130158394,0.0,0.0,0.2279761083672594,TXN002895,AC63726,CUS84787,M459,DVC_3177,Moscow,ACH Transfer,Retail,0,0
3368.049400265681,2668.863284114006,5.0,13.733847135733054,1.26150631768524,1.0,1.0,0.6278242153790862,TXN002896,AC66017,CUS53977,M677,DVC_2580,Lagos,POS Debit,Electronics,1,1
59.0381484672221,12150.019304159356,2.0,1.648046779038989,0.004858699257190139,0.0,0.0,0.33089881283848344,TXN002897,AC99647,CUS52732,M998,DVC_4226,Sydney,Online Purchase,Restaurant,0,0
63.14436534964611,2468.126967802952,1.0,0.694485107127321,0.025573559469820397,0.0,0.0,0.23353806464143279,TXN002898,AC47083,CUS15634,M461,DVC_5590,Chicago,Wire Transfer,Retail,0,0
115.43652309342737,374.0778063227537,1.0,84.96549643308857,0.3077668716930014,0.0,0.0,0.42352602151793506,TXN002899,AC64467,CUS85722,M778,DVC_2852,Singapore,ATM Withdrawal,Travel,0,0
50.436129498156085,1042.8498188946346,1.0,199.5614758830887,0.0483174194076735,0.0,0.0,0.35890463545198964,TXN002900,AC23271,CUS36242,M863,DVC_1081,London,ACH Transfer,Retail,0,0
357.2246370450899,94932.5430527527,1.0,203.8592862933672,0.0037628916561829695,0.0,0.0,0.2528432115361508,TXN002901,AC63931,CUS97259,M874,DVC_4850,London,ATM Withdrawal,Retail,0,0
17.60481828594952,17997.880829139627,1.0,33.089828570640506,0.0009781062752217276,0.0,0.0,0.16941859982433585,TXN002902,AC74456,CUS58489,M807,DVC_4012,London,Wire Transfer,Electronics,0,0
39.941103086052564,2165.2226369034634,1.0,60.73776694198203,0.01843813392290412,0.0,1.0,0.2583491152756566,TXN002903,AC48574,CUS71467,M794,DVC_3716,Sydney,POS Debit,Restaurant,0,0
19.027883833532194,5943.676025512087,1.0,63.5114661805353,0.003200827724147186,0.0,0.0,0.1481377593893435,TXN002904,AC61121,CUS17048,M363,DVC_8192,Tokyo,POS Debit,Restaurant,0,0
263.46202826295547,14672.491184931849,2.0,334.79893229748984,0.01795496551860157,0.0,0.0,0.12944421123511696,TXN002905,AC37679,CUS76458,M899,DVC_8501,Sydney,ATM Withdrawal,Restaurant,0,0
1972.1675648785194,412.95748525847574,6.0,8.55096125848658,4.76417901622698,1.0,0.0,0.9263415072963416,TXN002906,AC86794,CUS38606,M374,DVC_6301,Sydney,POS Debit,Gas Station,1,1
81.62803688861457,8547.11528171749,1.0,370.66728595164255,0.009549243803859164,0.0,0.0,0.18137419584744158,TXN002907,AC11759,CUS64077,M729,DVC_2455,New York,POS Debit,Travel,0,0
51.45749863674114,8867.329792409328,2.0,127.57361693885528,0.00580238893244421,0.0,0.0,0.3332153943749732,TXN002908,AC65718,CUS69999,M495,DVC_7952,Chicago,POS Debit,Electronics,0,0
4699.684867119145,70.10780170810176,6.0,7.043946098466018,5.0,1.0,1.0,0.8972869413180982,TXN002909,AC38628,CUS39329,M412,DVC_4112,Chicago,Online Purchase,Restaurant,1,1
582.8975710041841,4717.217121568748,4.0,19.52376212390456,0.12354191339341714,1.0,1.0,0.5350759657947886,TXN002910,AC39675,CUS49253,M958,DVC_7588,Sydney,ACH Transfer,Retail,1,1
54.338098605120535,34623.12155155258,1.0,23.053607861024208,0.0015693711831566732,0.0,0.0,0.2188873484087123,TXN002911,AC28665,CUS86848,M591,DVC_8562,New York,ACH Transfer,Gas Station,0,0
20.139039231161775,1042.4127845921516,2.0,5.7371647044038285,0.019301123705354736,0.0,0.0,0.4221234361750448,TXN002912,AC72268,CUS85224,M888,DVC_9107,Paris,Wire Transfer,Travel,0,0
672.9861666847885,7310.368273391868,2.0,143.67560529278245,0.09204654197682464,0.0,0.0,0.07354341004575106,TXN002913,AC21226,CUS96681,M503,DVC_9752,Dubai,POS Debit,Restaurant,0,0
860.3923303727718,797.4389818650802,1.0,171.63421871213748,1.0775930909121874,0.0,0.0,0.1578470997034418,TXN002914,AC57982,CUS82235,M476,DVC_6381,Tokyo,ATM Withdrawal,Gas Station,0,0
2247.7926376084984,3590.842833377779,8.0,23.732975821508568,0.6258048422165142,1.0,1.0,0.9049059086954873,TXN002915,AC27507,CUS48123,M743,DVC_3104,Paris,POS Debit,Travel,1,1
157.98958407690628,31895.19332734591,1.0,43.11591945104729,0.0049532426159912745,0.0,0.0,0.1570784103213364,TXN002916,AC81367,CUS22183,M758,DVC_3053,Sydney,Wire Transfer,Retail,0,0
546.1143917579608,5624.706404402136,1.0,9.01550695039736,0.09707481203260522,0.0,0.0,0.14243999250918793,TXN002917,AC11234,CUS11464,M640,DVC_8726,New York,POS Debit,Gas Station,0,0
16738.78191582482,5275.102654694317,8.0,6.880954521186117,3.172565624918574,1.0,1.0,0.7149599470189535,TXN002918,AC66028,CUS24583,M938,DVC_1944,Tokyo,Online Purchase,Electronics,1,1
1427.8635584323067,20035.694102222227,5.0,7.249246367474864,0.07126243237271089,1.0,0.0,0.8557368651433158,TXN002919,AC15956,CUS79126,M419,DVC_9085,Moscow,Wire Transfer,Travel,1,1
160.32629431682616,4118.571720204877,2.0,35.75951307263933,0.03891819470710725,0.0,0.0,0.08522210943418765,TXN002920,AC59826,CUS74531,M324,DVC_9770,New York,ACH Transfer,Gas Station,0,0
208.80635487555134,6370.669712452664,2.0,19.482903533858213,0.032771057556148016,0.0,0.0,0.3827476250885114,TXN002921,AC28689,CUS98759,M555,DVC_9353,London,ACH Transfer,Gas Station,0,0
7.790627329070748,2024.9514780680197,1.0,54.82719229253393,0.0038454165429963887,0.0,1.0,0.22075503839061192,TXN002922,AC76804,CUS67846,M750,DVC_8464,Dubai,Online Purchase,Travel,0,0
158.6796727720795,5538.538208744802,1.0,117.3012549552948,0.028644927933087504,0.0,0.0,0.19529733766406135,TXN002923,AC31481,CUS32891,M388,DVC_6736,Paris,ACH Transfer,Gas Station,0,0
86.50892887088213,2049.9872429347097,2.0,190.21210572145415,0.042179164774861555,0.0,0.0,0.07268066027490938,TXN002924,AC95141,CUS51448,M380,DVC_1774,New York,Online Purchase,Gas Station,0,0
54.80830900571531,1567.275783953535,1.0,123.15802380803369,0.03494813193349619,0.0,0.0,0.0826870019131877,TXN002925,AC96639,CUS62989,M516,DVC_1056,Chicago,ACH Transfer,Travel,0,0
1788.5639586612156,305.28398233501053,4.0,0.39596533425789515,5.0,0.0,1.0,0.8846105047645004,TXN002926,AC14194,CUS11426,M583,DVC_7671,Lagos,ACH Transfer,Retail,1,1
79.94448179285283,5051.1433531559305,1.0,8.690667776842139,0.015823874384505297,0.0,0.0,0.2626076071893692,TXN002927,AC38370,CUS58372,M637,DVC_8226,Dubai,POS Debit,Electronics,0,0
6847.063798253583,349.92213299867973,9.0,23.739434882538674,5.0,0.0,1.0,0.6476724330055428,TXN002928,AC20251,CUS74994,M903,DVC_5044,New York,Wire Transfer,Travel,1,1
113.13701606460972,475.7938838000422,2.0,456.4491998170048,0.23728705402617356,0.0,0.0,0.1906399002130901,TXN002929,AC73356,CUS44367,M878,DVC_1545,Moscow,ACH Transfer,Restaurant,0,0
113.9574808294584,549.5837937935407,2.0,2.9676201971673306,0.20697572669963196,0.0,0.0,0.01993534123406194,TXN002930,AC93169,CUS60986,M897,DVC_3980,Sydney,Wire Transfer,Gas Station,0,0
10.881724046309099,6457.84641982069,2.0,482.6029920767558,0.0016847782620926905,0.0,0.0,0.1984225284073707,TXN002931,AC14029,CUS25147,M412,DVC_5906,Sydney,Wire Transfer,Electronics,0,0
29.777951116959677,16802.40294061872,1.0,354.90440840778683,0.0017721381331026525,0.0,0.0,0.1546300507846643,TXN002932,AC78396,CUS55720,M708,DVC_7395,Dubai,ACH Transfer,Electronics,0,0
158386.0007542561,1165.5747702404765,4.0,34.95296660767195,5.0,1.0,0.0,0.7890536894463304,TXN002933,AC79049,CUS19232,M749,DVC_6498,Lagos,Wire Transfer,Travel,1,1
89.0374621343612,61593.031510977125,2.0,172.66171427177824,0.0014455534075325657,0.0,0.0,0.3970151286187417,TXN002934,AC45987,CUS91958,M892,DVC_4388,Chicago,Online Purchase,Restaurant,0,0
1209.5489661850224,9381.599643270747,2.0,1.457204214822025,0.12891405497116332,0.0,0.0,0.1113159479856979,TXN002935,AC51138,CUS37288,M707,DVC_4203,New York,ATM Withdrawal,Restaurant,0,0
56.47385887424916,21354.31873076432,2.0,47.560638707821695,0.002644486817838655,0.0,0.0,0.04260958568560551,TXN002936,AC80466,CUS94834,M156,DVC_2412,Chicago,Online Purchase,Retail,0,0
162.45850536976613,8122.786562729897,1.0,59.248185197790015,0.01999787957442028,0.0,0.0,0.20784696597757482,TXN002937,AC14677,CUS35325,M222,DVC_1571,Sydney,ACH Transfer,Restaurant,0,0
71.74050641182336,716.8953951647494,1.0,539.8349358410588,0.09993169881715103,0.0,0.0,0.2296490988952695,TXN002938,AC15472,CUS96977,M842,DVC_2740,New York,Online Purchase,Travel,0,0
116.2608012215746,225.78996183048693,1.0,55.44404295367512,0.5126364512926422,0.0,0.0,0.07331774426246075,TXN002939,AC49476,CUS94751,M389,DVC_4927,Sydney,ATM Withdrawal,Electronics,0,0
30.54665290556055,22827.221521990105,1.0,292.313482969073,0.001338109185428019,0.0,0.0,0.05183167176428644,TXN002940,AC99761,CUS41028,M697,DVC_1347,Moscow,Online Purchase,Electronics,0,0
213.5155215677871,94145.7687780993,2.0,114.28727900379707,0.0022679006867568218,0.0,0.0,0.25460677941895515,TXN002941,AC23728,CUS86137,M409,DVC_1844,Chicago,Wire Transfer,Restaurant,0,0
1108.6127421407577,74794.16131979089,2.0,281.25259154094044,0.01482198477252856,0.0,0.0,0.26700221279933894,TXN002942,AC34214,CUS80093,M662,DVC_3665,Lagos,ACH Transfer,Gas Station,0,0
21209.789274140927,21.293566171561842,9.0,10.77276737722369,5.0,1.0,0.0,0.35978890250356316,TXN002943,AC56649,CUS76204,M327,DVC_5592,Dubai,Wire Transfer,Retail,1,1
39.19361154188383,9576.418054406382,2.0,17.408383400426693,0.00409229411509834,0.0,0.0,0.1396203413378324,TXN002944,AC88019,CUS15350,M105,DVC_6969,Sydney,Wire Transfer,Restaurant,0,0
154.0458479429319,1863.8847481173095,2.0,19.878129836519417,0.08260341455333825,0.0,0.0,0.242412916994916,TXN002945,AC45297,CUS29137,M542,DVC_7074,Moscow,ACH Transfer,Travel,0,0
59.24121142956832,5149.882199568971,2.0,201.00078343299344,0.01150117768845998,0.0,0.0,0.1494493148617579,TXN002946,AC84663,CUS15369,M409,DVC_4590,Moscow,ACH Transfer,Retail,0,0
277.29562216916474,30159.45497345977,1.0,30.04651650640546,0.009194013233990534,0.0,0.0,0.3518304435834914,TXN002947,AC66622,CUS14873,M884,DVC_9734,Chicago,POS Debit,Restaurant,0,0
61649.62701511419,1000.0256674516193,5.0,17.737360493346067,5.0,0.0,0.0,0.6337162321514983,TXN002948,AC78009,CUS47516,M955,DVC_1215,Moscow,ATM Withdrawal,Retail,1,1
54.982934455330344,32666.81393491835,1.0,94.2789046317671,0.001683091943797303,1.0,0.0,0.4042069484232204,TXN002949,AC14662,CUS42949,M101,DVC_7613,Dubai,Wire Transfer,Gas Station,0,0
174.17534450338613,52019.60832519206,1.0,41.935176147526796,0.0033481989179091954,0.0,0.0,0.03268557603350902,TXN002950,AC50496,CUS16145,M887,DVC_2369,Lagos,Wire Transfer,Travel,0,0
1278.4044021733375,659.3272115843138,8.0,32.52282399813237,1.9360165380828087,1.0,1.0,0.5891651423351809,TXN002951,AC12665,CUS95161,M702,DVC_9477,London,ACH Transfer,Restaurant,1,1
168.23249374630234,12269.86025238929,2.0,143.93220961917325,0.013709918480535656,0.0,0.0,0.12989893735622848,TXN002952,AC86720,CUS23581,M873,DVC_9052,London,ACH Transfer,Electronics,0,0
719.8321064860511,8660.590586385824,2.0,281.18597341913176,0.08310622619562207,0.0,0.0,0.12652250296950454,TXN002953,AC55942,CUS35552,M853,DVC_4059,Moscow,Online Purchase,Travel,0,0
15.657314698101496,13894.018410505074,2.0,74.90882836587096,0.001126829359669223,0.0,0.0,0.14603903998721132,TXN002954,AC18475,CUS94843,M474,DVC_1050,Sydney,Wire Transfer,Gas Station,0,0
133.55520224885643,1674.1069410326156,1.0,57.35654518795377,0.07972935875158314,0.0,0.0,0.10352409901596568,TXN002955,AC47239,CUS93365,M345,DVC_6538,Singapore,Wire Transfer,Gas Station,0,0
12717.752138436637,596.96531386759,6.0,3.5170031712782004,5.0,0.0,1.0,0.6848158459539612,TXN002956,AC32903,CUS66291,M571,DVC_2725,Lagos,ACH Transfer,Electronics,1,1
511.93572286104103,26211.26972590801,2.0,99.25321297075733,0.01953038512933688,0.0,0.0,0.141560528157123,TXN002957,AC71134,CUS91825,M690,DVC_5566,Sydney,Wire Transfer,Travel,0,0
144.05062589177,173357.9931971873,1.0,73.28280850477134,0.0008309382930478809,0.0,0.0,0.23457724756694176,TXN002958,AC27171,CUS24190,M922,DVC_8857,Sydney,ATM Withdrawal,Restaurant,0,0
254.39959335163763,3046.8595003553364,1.0,156.50608558019354,0.08346828104181912,0.0,0.0,0.13422830558661,TXN002959,AC22660,CUS18571,M403,DVC_8826,Singapore,POS Debit,Electronics,0,0
68.84384480831555,5627.4303820530695,1.0,40.5357514517634,0.012231446448699529,0.0,0.0,0.1598793107281055,TXN002960,AC68200,CUS93775,M157,DVC_2329,New York,ACH Transfer,Restaurant,0,0
32.135799688116975,59454.18187514114,2.0,51.043889932550805,0.0005405046065724559,0.0,0.0,0.5683503197081856,TXN002961,AC52658,CUS72230,M324,DVC_5533,London,ACH Transfer,Retail,0,0
122.15674460777633,79340.92405223832,1.0,251.0404856237369,0.001539624178099701,0.0,0.0,0.49829660626511935,TXN002962,AC33289,CUS55839,M525,DVC_4322,Tokyo,Wire Transfer,Restaurant,0,0
195.28326382343874,7490.518682651315,1.0,6.049241588303575,0.026067246455070744,0.0,0.0,0.2779205406081768,TXN002963,AC17988,CUS84283,M301,DVC_3898,Lagos,POS Debit,Retail,0,0
179.5127110962585,34090.00277937325,1.0,236.14614038678377,0.005265691721009527,0.0,0.0,0.26068871997654386,TXN002964,AC49974,CUS92028,M617,DVC_9940,New York,POS Debit,Restaurant,0,0
28.208648864505392,11146.279520873673,2.0,170.4584419191819,0.0025305410895711104,0.0,0.0,0.2806438525781568,TXN002965,AC42052,CUS67408,M129,DVC_1523,Singapore,ACH Transfer,Retail,0,0
256.0440869032133,3664.8161080460764,2.0,8.352963085352826,0.06984640782750226,0.0,0.0,0.06814724582464693,TXN002966,AC55154,CUS81570,M250,DVC_9846,Tokyo,ACH Transfer,Travel,0,0
643.5116728719959,12091.132291605447,1.0,34.87475144953717,0.053217386094819026,0.0,0.0,0.08105080017512115,TXN002967,AC12421,CUS34236,M647,DVC_5601,Lagos,ACH Transfer,Gas Station,0,0
84.07130026925347,97062.52812302862,2.0,13.242129305841589,0.0008661471707755418,0.0,0.0,0.18314965355643087,TXN002968,AC70149,CUS74864,M209,DVC_3953,Paris,ATM Withdrawal,Travel,0,0
39697.6042468896,41.43241515949916,9.0,15.795914963856578,5.0,0.0,1.0,0.9166803087094205,TXN002969,AC79467,CUS21392,M220,DVC_4189,Singapore,Wire Transfer,Electronics,1,1
61.26439543567196,3253.4584662336233,2.0,85.6541406881836,0.018824758733692826,0.0,0.0,0.08862269501444843,TXN002970,AC81561,CUS36891,M340,DVC_3108,Lagos,ATM Withdrawal,Travel,0,0
2417.7623071391713,4862.1264614383535,5.0,2.857649483548195,0.4971621294059617,1.0,0.0,0.9187715522156381,TXN002971,AC51584,CUS69478,M870,DVC_2204,Paris,ACH Transfer,Travel,1,1
188.10494779953063,2303.3533130758665,2.0,22.543798325453203,0.08163025467151427,0.0,0.0,0.29397118831691765,TXN002972,AC36176,CUS48488,M701,DVC_5039,New York,POS Debit,Gas Station,0,0
56.49701572611031,4647.691187225382,1.0,1.8134538421736874,0.012153316589702557,0.0,0.0,0.20076982333126506,TXN002973,AC57540,CUS22254,M129,DVC_5082,Paris,Wire Transfer,Travel,0,0
48.625287777969646,2060.6641671439706,1.0,0.9769496505018673,0.023585455164276535,0.0,0.0,0.20294099273869987,TXN002974,AC55305,CUS79463,M565,DVC_7456,Singapore,Wire Transfer,Electronics,0,0
65.21980774162562,8675.317594796747,1.0,86.39315444277698,0.007516991745523289,0.0,0.0,0.16561790137924798,TXN002975,AC47273,CUS12497,M564,DVC_9456,London,ACH Transfer,Travel,0,0
23.718384190429077,1627.3572445258121,2.0,22.5309600133795,0.014565835764949736,0.0,0.0,0.18005626129118737,TXN002976,AC98801,CUS12976,M336,DVC_6148,Singapore,ACH Transfer,Travel,0,0
124.25187241926024,6730.512562514185,1.0,106.8369872867193,0.01845823969952643,0.0,0.0,0.047196177861847564,TXN002977,AC52369,CUS76276,M470,DVC_4334,Chicago,ACH Transfer,Travel,0,0
120.59341174132503,16235.131676777848,1.0,100.12743551165165,0.007427471896757705,0.0,0.0,0.028211916886360537,TXN002978,AC54827,CUS26854,M781,DVC_1711,Dubai,ACH Transfer,Travel,0,0
290.2243232897537,16448.727644758565,1.0,91.52975360708902,0.0176431081144513,0.0,0.0,0.10723280164751912,TXN002979,AC88931,CUS60817,M248,DVC_6710,New York,ACH Transfer,Gas Station,0,0
91.12932698150594,3610.9898691133444,2.0,75.02605574237788,0.02522967402560184,0.0,0.0,0.4150076565114522,TXN002980,AC53930,CUS21907,M473,DVC_1331,Dubai,ACH Transfer,Gas Station,0,0
276.6668491711162,11510.750244106886,2.0,19.54613214036309,0.02403343047793692,0.0,0.0,0.20775092896252081,TXN002981,AC76334,CUS63142,M699,DVC_9159,Sydney,Wire Transfer,Electronics,0,0
282.43528837391517,3959.543186740905,2.0,224.5892290061611,0.07131226073217714,0.0,0.0,0.17290988781763897,TXN002982,AC13462,CUS39436,M615,DVC_4834,New York,ATM Withdrawal,Electronics,0,0
13466.16648645567,222.8923190010631,7.0,3.657261185793036,5.0,0.0,0.0,0.707263353201333,TXN002983,AC60479,CUS34685,M532,DVC_9343,Lagos,POS Debit,Electronics,1,1
2626.1740443032977,43757.53800167276,8.0,13.293760385505793,0.06001512308758823,0.0,0.0,0.8520310550426372,TXN002984,AC17449,CUS54840,M351,DVC_9899,Tokyo,ACH Transfer,Travel,1,1
164.82030479962927,11280.288946188233,2.0,199.37625581861644,0.014610059682525853,0.0,0.0,0.09027830932717092,TXN002985,AC68038,CUS94182,M572,DVC_8210,Sydney,POS Debit,Restaurant,0,0
913.6000813664017,11738.500426012628,8.0,44.37440563558299,0.07782273931708608,1.0,0.0,0.9847883652322739,TXN002986,AC70760,CUS56283,M662,DVC_9612,Lagos,Wire Transfer,Travel,1,1
19.982416107223994,1550.907293513381,1.0,76.25248073083428,0.012876037241880325,0.0,0.0,0.08299913653318594,TXN002987,AC55190,CUS72891,M635,DVC_6804,Sydney,POS Debit,Restaurant,0,0
14622.327633879973,640.323387883311,5.0,0.7296200133735832,5.0,1.0,1.0,0.7928084828870318,TXN002988,AC40163,CUS76495,M145,DVC_8657,Chicago,Wire Transfer,Electronics,1,1
56.52924574726708,149018.5620515475,2.0,2.694360683488722,0.00037934110776485173,0.0,0.0,0.09486657871976105,TXN002989,AC58242,CUS77095,M727,DVC_8733,Singapore,Online Purchase,Travel,0,0
196.47596553772186,9793.4717940751,2.0,6.263113585843425,0.02005988374549965,0.0,0.0,0.05911816331508959,TXN002990,AC42953,CUS25677,M638,DVC_1252,New York,ATM Withdrawal,Electronics,0,0
179.9153662138805,9207.87315191814,1.0,346.09171538665987,0.019537174988278068,0.0,0.0,0.17855213075884616,TXN002991,AC49799,CUS62925,M706,DVC_6827,London,Online Purchase,Gas Station,0,0
34.50035424721087,16464.231496848704,2.0,46.21811262217041,0.0020953458354845437,0.0,0.0,0.07565148455112937,TXN002992,AC22288,CUS80527,M978,DVC_4555,Chicago,Wire Transfer,Electronics,0,0
16.41115227481216,300.6083541000645,2.0,188.4035743674275,0.054412127687177514,0.0,0.0,0.30894124811610985,TXN002993,AC37473,CUS61102,M534,DVC_9484,New York,Online Purchase,Travel,0,0
74.65833607034268,8289.744387438892,2.0,40.64847196610348,0.009005022056096162,0.0,0.0,0.21384538348150917,TXN002994,AC37591,CUS80230,M710,DVC_9360,London,Wire Transfer,Gas Station,0,0
1067.3108181419498,5333.0303884445875,2.0,685.0533976209111,0.20009462646746928,1.0,0.0,0.3180703235978421,TXN002995,AC38391,CUS66209,M727,DVC_8807,Sydney,Online Purchase,Gas Station,0,0
74.04318564011926,39605.42058090926,1.0,790.0477235740086,0.001869474306289847,0.0,0.0,0.16975442301760824,TXN002996,AC19877,CUS14762,M375,DVC_8552,Paris,Wire Transfer,Restaurant,0,0
17.77829752515821,4657.290868288626,2.0,123.33696507829787,0.0038164850645510764,0.0,0.0,0.24548951347773507,TXN002997,AC83127,CUS28451,M947,DVC_1036,Dubai,ATM Withdrawal,Retail,0,0
8336.065076970495,1219.144972025277,7.0,0.56372636389812,5.0,0.0,0.0,0.6483116281829949,TXN002998,AC98482,CUS22027,M607,DVC_2444,London,ATM Withdrawal,Gas Station,1,1
19.06916152850274,57961.8418516792,1.0,195.75315282318414,0.0003289894166559106,0.0,0.0,0.14216505467820784,TXN002999,AC62550,CUS85636,M194,DVC_7022,Singapore,ATM Withdrawal,Retail,0,0
